cpu_usage,gpu_usage,memory_usage,server_load,power_consumption,current_temp,ambient_temperature,humidity,cooling_level,dielectric_temp,future_temperature,future_workload,cooling_demand
42.9595304585679,94.61357327048253,70.64250339901646,73.95195614571668,463.89107042490684,77.8945679635821,20.652316887521422,39.67983561008608,24.35627091261496,47.78563326214821,79.52673682083282,71.0475654755991,90.90923626864073
56.17856598363693,48.443106659148306,50.64066944297695,51.53729038894376,346.5257886219638,54.65650714217489,20.37139563108471,43.76433945605655,47.47713824702688,39.36431276267362,53.63730790697232,46.916876200208236,44.33568453808362
62.13248205985974,14.134086732079798,38.99364321118127,33.33344486319177,244.71815336690003,35.0,19.105877080749753,63.466566117599996,92.42240248059196,33.173155063920674,35.0,34.78861486950268,15.0
53.57556808979177,13.060578379254437,36.59263645115336,29.266574263469373,230.98372968389364,41.37934759921047,29.26287883401769,44.35133228268233,59.00510158833581,33.90507932826952,41.53336064995138,28.457797331481768,24.757226870177455
17.787340180568915,27.442474755303923,18.976725779220722,23.580420925409918,223.35010175098415,35.0,24.607513924721193,43.14047095321688,82.1553131863947,30.042280855452958,35.0,17.927659402002085,15.0
74.15263078760688,78.64306085504917,72.99020303520074,76.84688882807225,456.7325630359849,62.51977558212801,19.969774011927207,60.89310277626781,66.74735951206685,42.890118880621145,59.81946417689827,81.28563112603904,62.658190798695834
74.20534369374964,66.74261495061397,73.57168126279242,69.72770644786823,423.8581336760558,56.292546334485195,20.03310218095113,56.39734361668985,77.05887864626732,41.420493917107606,54.749200208285885,86.58918771600159,57.97382046139882
19.494445575410793,12.797197526119348,17.237104840875315,15.476096745835926,182.23882592743135,39.56430923840675,26.645701749799947,62.22699421778279,38.69691718616562,31.950519601333173,40.615961877495046,15.171776308462196,18.713372806189046
91.81339340614643,81.92271378123311,87.93528364577317,85.87898563119845,502.13173110105527,74.24380670964356,31.66242530728495,40.597101766581076,86.94192488674834,44.095391815586396,71.22028022974557,84.33254289897556,82.40029570397714
47.58548539911055,82.80331416710189,68.08024444915696,68.71618265990536,423.7599515199646,73.18449634225671,26.68270414381862,47.52233009446337,36.65808578530477,42.664374791689525,74.72785994854064,66.87705403924156,84.61915514625042
55.65357471341622,72.56868734167082,63.02016784657788,65.80264229036898,424.3801037730842,73.50216754632157,34.361604014015896,42.553468874760924,57.29363794192891,41.096603507793944,73.92719708524878,66.31438070311731,81.15102619877953
34.520888852821805,90.83566385103218,60.594771477262775,68.30975385174803,431.48154238894307,74.3570039421115,26.320696924718572,64.56951362331802,38.15414536336253,44.664356407939074,76.76298016883848,68.32944037390504,85.4080554371445
42.364915679294285,66.27521892282857,55.38830498714859,56.71109762541486,377.8956202712515,57.87407283650688,19.53492609092494,60.05907486767714,44.05850487288019,39.697835129360264,60.152107156218925,65.24412239380717,61.55748002426045
29.93162821741854,67.42037834644104,46.07093471396973,52.42487829483204,366.48461930059756,64.82889825532276,24.574500887109135,63.101899662102035,30.314070810949495,40.47261296418813,67.59921329782163,50.597181810669326,66.58638676653187
81.91555361770699,59.41287223235215,70.90141755187763,68.41394478649408,408.65754483526945,49.77604456765545,19.582747052700288,61.91647273859981,87.53135428724978,40.58096533914179,45.08543431908891,74.91092885781651,42.59116538410978
17.404316919564298,24.384955554420625,24.083069745209094,21.592700100478094,219.37026599844944,35.0,18.156349877482704,38.044146285980965,69.76263268310419,29.189629742841724,35.0,27.678054085378644,15.367179363168237
67.37259083622885,29.95996854198982,50.363713459889624,44.925017459685435,300.4430194383954,44.262533915815126,23.53179486870755,57.394742153540726,68.72246742854111,37.78260008882422,41.28141955565754,40.58681200978856,24.32909022250086
31.471088617359356,96.59793937296766,63.17929579249759,70.54719907072433,459.089199256524,73.86814183434471,28.72935664195347,58.84433910624945,57.69778198288941,43.21217677543364,73.45974269635909,66.68829532325805,80.14737276252058
34.70796789479531,12.164121012399391,24.599822820854694,21.181659765357757,199.52748555334844,35.0,33.98779593399954,63.617857310077625,88.61482926653363,29.05141360807779,35.0,20.56099782094946,15.0
43.88860011696942,85.75116376500027,63.35525798223507,69.00613830578793,430.4128838465586,63.637264543396014,27.465621461791955,63.08464322482343,72.20223475062298,41.68541632758097,62.23875138276009,72.89138728030596,64.2950332985554
87.20883032966007,75.9284069801242,83.14474458285427,80.44057631993854,474.3784820156203,65.93115325620596,24.11134957073584,43.8077553279348,80.70208666088851,44.481213436232125,62.98267511657887,80.56023539226773,72.48878417960229
67.19682590844333,72.4750520759356,72.20228034767827,70.36376160893869,439.08969028927913,75.1138775581777,23.74591766647611,46.26748857919832,27.048645488065176,45.629256478905994,79.68823033838667,70.40029347264185,88.39788849055698
35.21563018728903,62.58416019064196,45.143897188477894,51.63674818930079,346.70658540898074,69.90662563031918,31.98420953121419,45.80571924233789,29.52953844889136,41.086694565954076,73.03863371118992,54.38462991461412,82.93217996022335
66.09383133184218,74.62212870131688,74.1647966522798,71.210809753527,436.3826250397746,70.62347564885731,23.490260040001182,58.85558584306111,40.31241884465557,44.19727032102604,73.77258659917166,80.42787854512967,87.49735992338015
45.98785910845575,25.423194486305274,32.9570231387492,33.649060335165466,256.4800307589318,41.69881919643134,27.336853300004048,56.437877681001865,69.51480325382985,32.96134460121378,41.51821822907032,35.53554166246751,23.507549226950566
31.80032707610186,41.68156839996228,38.80371662174702,37.72907187041811,279.45778322607015,52.09225697355798,19.973234888617576,36.38007926065258,23.05466017392276,39.87786533362219,55.63948282669408,46.947650859177344,50.07708624271185
53.26219701028125,52.13898759947035,50.08620726415592,52.5882713637947,349.70599997399665,51.97685149313254,24.774580484755347,53.47550294156649,67.63202381507328,36.34007383391715,51.90825126287347,52.88081587532893,46.892531880683485
24.338229583165813,16.280618518638256,21.44877827655256,19.503662944449278,193.76790762576047,35.0,27.958184881648876,63.20690724274873,63.16056334069092,30.790640485349655,36.53965118855327,24.052353819248363,15.0
92.84890317233422,44.36313476426891,72.29554347889287,63.75744212749503,393.12431230951853,66.58796651155768,21.32844929141804,37.080839026254964,27.558350103307,41.894856562390544,68.608521012455,61.32527829723323,75.01408202736414
12.047930344752675,82.48769495041529,45.52265084577118,54.31178910815024,373.8758933021062,55.074318658217834,29.844531811190564,53.86828540339652,85.81040101452898,38.02404569784628,50.57247752563481,51.989140364925404,42.73563929928962
76.05409814439554,81.8082917947865,82.8552361055964,79.50661433463011,469.92279857872614,76.0135989887205,24.324307458477314,58.29238882225991,45.56026551897634,47.569663214514776,77.64097274309091,87.27091321382674,92.46335671255046
89.42465578780187,54.96746114785929,74.80771819669252,68.75033900383632,407.87618135271043,80.78170223641511,33.22389488443541,46.676050362024895,20.812823861022377,47.081576577639254,86.16254143812372,70.05845428369865,100.0
93.65342893050493,61.03597204297246,78.3993981840971,74.08295479798545,434.496325346692,62.31787402529225,22.984583118867096,44.85993636109748,70.43888420577788,43.67263743684529,59.0766098311496,70.58722190752586,57.0816847263453
88.11796808273039,41.231436117135004,61.61123823135353,59.98604890337316,361.7947585869081,71.58177288064006,30.94568073919703,53.546541899487835,27.58420070920927,41.32662192646534,76.53007862682989,68.83820648620676,87.4687694365118
17.465718839496887,97.81092248660461,56.632487029099714,65.67284102776152,432.08380863056294,61.604182190196966,31.817592643377544,63.41745732151576,93.95007978671532,39.94553138420607,56.92546899525698,55.48746135290082,53.65542034695805
51.24213649548311,15.010991535683523,30.07710734572789,29.503449519603357,230.57173643466098,40.085075910790984,29.03657513597308,57.3813463779627,63.75265738228697,35.23923649762795,39.73825194259014,29.480635374651875,21.175095813776508
29.676433789711833,95.7268060102144,58.79885569748165,69.30665712201338,455.4829869815725,63.46559708013503,18.733718503159793,61.73429341094213,59.57758318147249,44.453117096802345,61.99608998513797,71.6747940606512,70.46435608800415
71.2258846306463,50.45415476433182,61.86048433816157,58.762846710857616,373.59585820901486,71.58400920281353,33.319686178346814,36.363391410243736,41.07223921941727,43.44369307514153,76.17073978635456,60.79398013610726,82.83800814284837
34.40954410233968,26.742783215414757,30.285750898397076,29.809487570184725,245.77542638551785,35.0,27.922153901464824,37.332039108949544,93.07961057496249,33.05656139736205,35.0,20.24595498486363,15.0
24.310290662350432,91.07251941995197,60.27170298453655,64.36762791691136,433.57747430268097,74.30915276104905,30.33723164260212,53.402455878073695,51.368227721796416,43.78233385739284,76.91257371541272,69.22024701697741,86.73557102315402
96.88029937971511,23.38710330821401,60.88674706678164,52.78438173681445,326.3512740317236,52.471684561537046,34.48854476284825,60.263567694071256,82.87465285333533,36.85736439301223,49.957854169245934,52.24123841637017,43.515869475960834
97.9751552491795,98.70067849957758,98.78137051919956,98.41046919941834,558.6179802211783,97.3513685688471,34.06101740800128,60.48942172032234,38.55110763073982,50.368391154653224,99.0,99.0,100.0
30.12056688430472,69.78136091212124,50.89598982187615,53.917043300994635,367.0896989739345,53.16686879552412,19.930479067393694,55.14719586778399,59.0230775677845,40.229176887738625,52.54924310925837,54.76690781553118,49.568751310874504
45.50649222669094,21.927355332107027,29.947185189905696,31.35901008994059,255.53706570294412,50.776057912855016,28.5452623730089,56.12239304297671,35.97231211316831,34.56668315308055,54.13738872396316,32.18945075248135,40.73596680121885
44.517475968776445,48.93526806011189,49.959641570394155,47.16815122357771,325.9186681934353,56.658276480705126,26.737821315716783,58.50959038223429,49.74070867409526,38.886083376170966,57.72394254815683,47.09455993040302,52.79678359173382
96.24286662512198,53.843010365365394,73.67295137754375,70.80295286926803,420.63305570799173,70.56274363449873,22.082475519229284,37.27589984325992,29.665979143298692,43.71555465560616,71.51025218548926,62.47948688829299,76.00549042765243
26.005447427124743,40.76438821582383,36.55922510072239,34.860811900344196,277.5896662191556,55.320129795259874,29.348481554857464,40.169596136048895,34.421676410650306,35.07911897028962,56.810631298663736,30.783316533901754,45.043598343005996
42.05574777223064,54.804137106082266,49.95310106819137,49.70478137254162,333.5667654228376,69.05299400564694,31.589976781453725,53.83701168472723,26.131927396165395,42.338812206693035,72.79341725405052,48.74711725297515,75.93496599525314
80.9457126217894,76.5951124441456,76.24658068781852,78.33535251520311,457.4703454767819,67.21350732491958,24.298025747453494,49.53568955573064,66.36910786477219,43.399903482442,65.26983144976865,82.59236297709725,73.61007903806293
56.82598670334778,19.538309009240066,37.761446790881564,34.45338008688315,260.3151608492718,42.90308595773225,22.121998561790406,43.07729692848143,48.2963122328467,33.796323431597465,43.18033080733916,39.29649586840526,27.431524170881264
20.539067600094107,89.25692798585065,55.646737421404765,61.76978383154803,417.3588105651432,79.85173363107081,31.415911056324752,49.953265967871715,26.519021606556777,43.61625688169021,84.65101414011757,59.56726103718041,96.09219808987662
41.95124208307989,67.48663447851251,55.2851647181475,57.272477520339464,377.292161173989,72.8441633737258,34.77075922948065,53.173244580706616,37.79200938019959,39.983714194540326,74.80266030575355,53.93046767882312,79.71235661080671
26.417898116514905,35.373470013752396,28.282672827491687,31.791241254857397,270.68255302101704,40.84508424482185,19.363973676247916,50.73534168710764,50.77976202422461,36.86120658176509,40.33940972944024,33.742507599773106,24.419390263623125
32.6954487799547,25.208995277715857,30.301367788230728,28.203576678611395,250.2875920477254,47.960044580491505,27.464969181236807,52.14838068409699,40.998432024521314,36.002884040100554,49.19559045232522,29.571463694304537,32.576487400734926
54.66971332423204,31.574466184942143,40.04078435250072,40.8125650406581,294.3972079431555,53.77833837779708,22.90671940508435,52.43714664267837,31.577203645565174,38.37714842471884,55.365417476477354,40.069808015622854,46.861640860828985
69.97223955570578,77.66027953018211,74.58136946780671,74.58506354039159,450.0659761405586,60.77598594486317,25.001295540503566,45.46604799628986,89.71468581858694,42.55401674455011,57.14156066157714,78.38631901356838,59.10095037232616
92.57396020025134,26.129742888743753,55.88382168343176,52.707429813346785,335.4729546248446,63.32572629893195,27.766042924058503,60.25486330274816,30.48292824697171,42.33806954661812,65.69080507146573,51.115037260095086,67.40193322814993
56.0297573796825,41.93591308699172,52.00043955984198,47.57345080406803,322.6620555126909,59.89405575840888,31.882190471016813,48.17404725710655,48.270832206868064,38.455211743023945,62.23004800196142,52.748055439471024,64.88496048736044
30.434717172919925,90.0621370214366,59.31955686816396,66.21116908202993,431.2809755347368,82.9030687685055,33.4100258863973,53.72713987741976,28.767353053127305,46.024397448250305,85.75486594418555,61.83713551330642,100.0
56.9445760939163,89.55643989153523,75.55928568252202,76.51169437248765,460.12074924883876,64.12227656134051,23.29927515252432,42.45467419443397,75.79597194295077,40.90302474545434,62.42742941137074,82.74832964864628,69.99555073979157
40.10319388699986,83.09190011580914,58.482600897046154,65.89641762428542,430.62966937476523,55.44972194358961,20.1673072596437,46.91861871681102,79.79715243346652,38.71310939206057,52.945470985380105,70.71566921786223,54.86893042511792
57.75975101458846,32.4101162427188,43.850501576684984,42.54997015146667,292.7399398754835,57.78611199588036,33.44365954267168,52.50175384298362,50.06385625727299,37.20390814731735,60.32671573232816,47.592984900710846,55.137341729073206
54.518203741833005,64.41942695368365,55.61369681832505,60.45893766894339,396.6301953500262,65.5371702622886,33.846010802221414,51.95399550767627,72.24881179076692,41.21105886861538,63.65763046452069,61.71015733181164,63.23109471413456
74.80709273497561,93.15866431444232,87.38742662796318,85.81803568265563,502.4886473371968,65.7511772098077,19.92504677929284,64.54523596887003,82.91735648344506,42.74523005632171,62.93257667943097,95.25217624327682,75.40029211690756
62.03223834555377,45.51124064444159,50.209832605573936,52.11963972488647,340.7436403580626,63.67640182519512,31.648508626166194,35.138960690138084,45.01243787683582,39.45800048369193,65.71780597038256,50.970241867654536,68.85952051563889
49.79517879830303,29.989829241658395,39.51202014904226,37.91196906431625,273.29209243246123,42.90865007994044,20.998578770605796,49.95103318218439,51.41940871284109,37.88646410139469,43.03064593060851,33.819597979104294,30.25399844978435
11.15231217977336,69.05482610948724,37.52785687958831,45.893820537601684,349.683021172345,60.987821869053775,20.52726637180292,47.43872371181071,26.40122510589829,41.97203951718429,62.80838447143407,42.50598947393315,58.273986665165424
89.02877747078281,28.25742800289864,56.16860450215006,52.56596779005231,322.5744198034692,62.2099194116833,26.025138066869985,51.94523399787849,24.928147957126427,42.67237154402144,64.00838894201632,55.93737013378619,67.17993965031596
45.267149357028686,59.80798948643139,49.77949138917574,53.99165343467031,355.85490656386366,65.96102861276984,32.650355557229794,63.38346386400898,47.99819872098147,39.121286550523166,67.11742436739642,52.18219857850529,69.69231818884187
67.98530688809332,12.41154333281003,37.97420240591527,34.64104875492335,249.2585061157335,53.41968723066009,29.422176641178382,35.59131613263092,27.80814364884304,38.596043575668446,55.222933813816006,30.77771304355599,46.95482584195778
18.750842562822374,31.642324998951413,26.974719235732167,26.485732024499796,247.7764246494861,43.03975638160357,32.113737697638854,46.915505888553646,70.10638524279847,31.038287407629362,41.75299909966219,18.136836164157796,19.68070522863449
43.41293191871949,62.53624988381789,51.119100027851694,54.88692269777853,370.10489977603964,60.61474405118866,24.959998087251087,51.5614154255594,52.70948968514875,39.036226856867046,59.26299486446196,50.8053956525043,57.394113438523156
86.42518187901632,53.38137664420671,73.05969707676425,66.59889873813056,408.45824189158174,69.35020485789289,25.228629575976967,35.67407924960352,40.15080195387095,43.60623042472251,69.82131957982634,63.484626222624144,73.0262411658809
33.963044733704464,11.636770212724539,26.114297925698494,20.56728002111651,195.7066459040019,35.72007204855028,27.80078008374231,43.22165662061618,61.5633501886845,32.20541514295833,35.19814650594923,21.071367132386772,15.030443509911569
62.845483718161496,69.18826403461674,63.41984410537671,66.65115190803465,423.58299701511726,64.80977203545518,25.119098923165243,46.494155847484926,58.91882789621282,40.137611055170815,63.753012439034315,64.91108647655045,63.9885603433714
44.25801403569393,35.693742572592285,38.8212600358627,39.11945115783294,293.7659363299573,47.38316530611868,23.051069165593976,51.99213920890692,55.703780164932475,36.80466150297924,46.3926056459003,42.02456120716287,36.495668529459145
12.74411588539305,33.341499942684436,23.803431359640783,25.10254631976788,228.07088297499692,42.59512485144336,26.438226202421017,52.90528546750667,45.06829181127206,35.000745660430454,43.446642823408226,26.001773413408177,30.620462295725943
48.26480579712967,31.929780958280507,42.650111919098684,38.463790893820175,290.00178956375663,48.341588684871205,29.809840004525256,43.16435411689888,64.26730001518153,34.764545583186035,47.39890375308207,38.22746763067513,36.89656673239324
26.29169773779853,58.22918431667387,45.244007714247466,45.45418968512374,334.8629280479758,54.25873182938125,31.711539513644645,54.76350100132152,71.92074233883893,37.643044949881386,51.36475307436907,37.82143037663501,43.13945667498943
12.987246115550299,72.07040378496876,40.90761700923994,48.43714071720138,360.5179535174306,66.32358405735705,34.50799016781125,63.32799467340302,55.566066249309785,39.65905626179677,68.10294456621376,49.10637898843138,68.39892213999374
13.25667185496335,63.068019184902724,36.002416218234664,43.14348025292698,318.1822819740049,48.941019236719164,19.308204427696555,55.88866327634419,45.49062228260496,38.75138295915059,47.60594090688944,45.20633223614759,36.40932473625734
65.0784411264568,88.85201959302066,77.89213586519716,79.3425882063951,471.37412271251156,77.7242809971643,18.414813286461147,61.1029662170279,21.595205813779035,49.226559631041404,80.82043885075758,84.56031775282787,100.0
52.22905458674398,65.84798622643494,62.02793732008016,60.400413570558555,399.80154721914465,68.87078918132507,31.060648035696808,47.533003465020016,51.601775170780265,42.110278178216035,68.82351939357794,58.89861113011541,70.94770008672877
30.557482092392075,13.746293877636209,18.294879462881454,20.470769163538556,214.4462518855684,35.0,25.27214327350966,46.529799414790446,70.97354620198024,29.69870107128032,35.0,15.216209374397621,15.0
93.1364179616441,51.598734501238404,73.2748673451269,68.21380788540068,400.1893749102747,61.152907806835174,34.8498666443286,41.950151041503304,90.70488306013442,40.349233685946864,56.54200790363558,60.364006197113966,53.86894610291541
26.406567068694397,79.38301814744105,51.695794681401566,58.19243771594238,384.15604382661337,58.05874326780727,34.47474471239379,61.51357654890277,89.58142123964097,39.61545388892179,55.4775558673979,55.1978157331457,50.87429514688433
71.24981438873371,23.6967356642471,49.999940026415345,42.717967154041744,287.2308817226812,41.08831311621947,21.804899451984593,51.10923268680241,64.47049511312774,36.56065799619021,39.16334739877743,40.905292028544935,25.058342310881066
58.47544861360426,17.741821632115503,37.37626082742547,34.035272424711,254.1742083748983,39.420993712449764,22.415814323925545,56.702603410657545,57.19068013090781,33.23669038659439,38.88164389461565,39.45332069423836,23.63337191876086
84.90620843629165,54.068040904243716,69.33181728888087,66.40330791706289,404.1544969180117,64.57696263389997,32.01957642072753,45.43427623706579,70.85121144192976,41.20355868238262,63.73821764419586,67.60342160548812,69.37417515296696
86.3218896844626,73.0443049276381,82.37920393295971,78.3553388303679,464.46409296482057,70.47862429536215,29.562393119925105,53.55834134645553,76.4537479668231,41.75629512650738,68.3843554745997,80.4637634499292,77.9859014472485
39.490459174804485,76.1722348099531,55.117426160765255,61.49952455589365,408.6954167315609,81.13186893703063,32.14628102528161,50.224032012825084,20.47894037876252,43.039732704695254,85.99048105245853,61.622735048036574,100.0
57.51871341499528,79.40624016845177,65.31832190233919,70.65122946706919,443.0899762662511,74.82583121429454,27.201531837493874,63.88976011576984,45.64041245290146,44.42252505905889,74.25684103318147,63.89998740735506,82.74843838740759
36.48479389131983,73.02731588943007,51.29485970212513,58.410307090185974,390.34236743973906,71.36372379210695,23.880011968200265,53.62746553302431,23.430652535938464,44.46196258157534,74.44379501328326,60.24581842412631,81.46507031195848
77.7958527670858,70.81328851797896,73.87179229354636,73.6063142176217,437.10589532345466,77.83668542264476,34.95111650268109,47.78543906707919,53.85402682472566,42.53956226666539,76.36816720881232,63.43011301449418,86.82649196144072
17.24953201419416,70.56443788464946,45.143074663670895,49.23847553646734,349.1752527789662,64.5364354739674,34.164680558256975,39.531736753427005,52.42511007819515,40.412919492437595,65.99370010825236,43.10217663186305,66.56187139786498
30.236005318415586,28.966318658232414,25.850234651400093,29.47419332230568,252.3134873944041,41.17292203287112,24.26494784330394,60.93074749518911,55.49074300186679,35.917836802416794,40.64204487465667,28.441357480149037,23.98691312032983
77.84112232867658,85.185707302403,83.60160674308378,82.24787331291243,486.7653162010355,61.71763075675487,20.23116292060059,35.975785384737556,89.06358858617651,43.436046300029574,55.49721560426314,77.09428579890482,58.269350732800326
47.86691875115272,27.846700676329966,37.78956608767284,35.85478790625906,262.6387757450993,38.94427589580383,27.893513832544777,43.06980213305293,79.81693254778912,32.74414657124816,35.0,32.06779032176752,15.0
62.80180823449873,35.95796950512799,50.939743958825694,46.69550499687629,324.0726415366411,57.111700323062564,31.257466811186944,36.18856476045072,56.03802104433717,36.20969012943851,59.619499001516196,58.70563640605357,60.155435161115584
10.859834572888161,39.05505643371528,25.099138650379412,27.77696768938443,242.99845881165282,48.38375871170222,23.960657830556073,35.996093263740995,25.893387286626556,35.627155013540836,54.3122627147529,36.68509314151127,46.92135308004118
80.45162952159929,27.8133717377881,51.472361287766255,48.868674851312576,310.2692836616438,62.827371127261685,28.819314242241823,56.19427179460703,22.368960861923153,42.70644058330967,68.78311565484198,57.92857547198693,73.44334365302706
80.55207131014168,40.21106713630974,62.90017013319781,56.347468805842524,346.62203833777437,55.15514161359998,33.21188315302897,51.42777128461209,81.29733274718703,37.7019296555836,54.78331577174564,59.75469420762895,52.509468776451
17.183438418691882,15.371335475160178,14.2542128190072,16.09617665257286,183.4341979316542,35.0,32.82032063206743,41.57641962074133,93.18989418643484,27.43355049573567,35.0,19.18960939181239,18.227423051394542
73.28975648795921,30.332471978485586,55.78178556167633,47.51538578227503,324.81722964191425,50.4277878672888,29.055536667897925,40.98627352787435,71.01711818234685,35.060809053429466,48.3711969396923,47.03224124915893,35.977687574073
86.40798047593749,74.71804720920142,82.50466601216931,79.39402051589585,464.1027783135477,60.2850974143839,23.88089487329837,46.13116288953808,94.07371728020433,40.10122389673067,55.17414907852231,71.5849862089185,55.44668631913844
86.86124495118612,90.16246589700201,87.8856228390817,88.84197751867566,507.49764772953506,86.93235411786654,28.069955586087158,62.37090036850073,35.799664175424994,49.173128254328574,90.34918388519095,97.74612358350888,100.0
72.99259689202378,90.90389433924204,79.38571048659485,83.73937536035474,488.9357332671483,74.55845931429329,34.51371659870787,40.429308581284694,84.07888200271843,43.665463444852705,72.75491481327307,82.95572336924211,80.40245017759173
62.17967492627361,24.553624660067026,42.495302086384406,39.60404476654966,291.6057073343382,48.299798005719715,22.388268355919166,54.70209993623877,44.389254816852116,38.25564196603916,48.90547106395122,40.78004391082317,39.507299228078864
30.772440774488828,16.541210512371126,21.0148888841303,22.233702617218206,213.6697768030028,37.122785342669914,23.729053999331867,59.866500976478285,52.31656427463545,31.70094652416769,36.46613852403471,18.04176516162878,15.903807096429333
51.767517065983625,85.13116995825854,70.89470473572152,71.78570880134858,448.24057493939677,83.69618277066188,32.7606117687254,41.17523630110305,28.39397145482959,44.600336665978276,89.2853524196989,77.89821337578297,100.0
13.462231578828849,20.867782346892383,16.7825991891281,17.905562039666968,209.8317495708731,45.78277157412015,23.37465378460476,50.217044260651775,23.11796442877941,32.683159298272734,49.40225015807354,18.60227500777329,33.486784306443205
55.37245051497402,53.50734564286589,55.774812139288784,54.25338759170914,350.9110969395719,45.85221965027556,18.509551027835524,44.23789824773573,72.85105720524851,36.915074502247926,42.76478997894545,59.682719301048174,37.895927501413794
86.39651838522047,25.766331260817346,57.62243244082822,50.018406110578596,327.441632799699,60.842881842125315,34.058441731058394,55.49744084868938,57.28810730063205,38.892389721081585,61.12704530955942,47.77380197252962,59.0291504378163
69.5331779483977,29.19508856339683,50.635217017758514,45.33032431739717,304.4225265064304,48.12437495330261,29.070960609705367,38.19779090923972,69.3383978452277,38.42325442529183,46.91740621748447,47.576466491995895,37.927750769832635
86.6263036296788,79.63230808118634,83.6654359433259,82.42990630058333,485.2224933320756,85.68314467600473,32.93476454212291,47.12420964953099,44.5274871172429,47.24275395900324,88.83769809543251,86.0372376695087,100.0
20.578396872613542,58.45952971851561,35.565032579549545,43.307076580154785,319.16481606137506,46.02781852220736,24.229846092813766,46.88518074827766,72.16004050173967,35.30898601257626,42.65666124530945,42.00007695537917,26.838831519993974
29.99972719915733,16.51443721539148,24.084670954325432,21.90855320889782,215.44659729544568,42.4071426374411,28.531335882163447,48.90482131401717,48.48393351344224,34.39450162316944,42.84400283431796,19.63733183313151,21.861848759655924
45.096404718927246,61.63534086123257,53.63469316389493,55.01976640431044,369.5375336003725,57.46651378359251,31.00301544621618,59.3895721614828,73.85923071698707,40.01770493540907,54.88148501927979,47.35578714299871,49.72355716260812
31.426442098714336,92.50607448687128,58.4483974151093,68.0742215316085,447.7607776393979,68.20508792235994,23.977585683073784,38.0426248534765,56.440381938974426,41.48820445271795,67.80873331091766,72.92872519128005,71.12107494202678
63.70937293136082,73.73741000586423,66.90438347448081,69.72619517606287,428.2752126690247,58.24495887550436,20.07206358672811,40.43448048604041,71.08383904737371,40.37880920572645,55.001768411931685,71.7103885053069,56.06981361250932
59.92347532734351,32.83408774942137,50.08219654028308,43.66984278059023,303.1496171440604,65.81356343959939,31.70187334617769,51.50679626468785,23.255939964111437,40.279495716977024,71.57084694397369,49.70060975894319,74.21353923393127
28.659945911923945,64.37730800773826,45.80685471828474,50.09036316941254,358.6243798734102,69.23277180954912,33.30039309776619,45.60264137908155,37.76529192308615,41.12075860439932,72.22110899550428,52.096324251046994,78.85122870136563
68.7443911376494,18.502642931285468,44.61439163188002,38.599342213831044,272.7950998895647,41.32162661636212,27.97234387398306,40.0404262323459,75.26553087081365,35.92180112755066,41.2864577366647,44.72226440196176,25.036356785434847
44.39972763968529,62.9083938315694,53.6281956065007,55.50492735481575,379.90016394688996,58.29560062597916,20.319475793464463,55.85433662142781,50.32390760782191,39.897969869136176,58.40081564733644,56.84368347663806,60.06893758642125
34.12613865726291,17.068323840019808,22.282497245412806,23.89144976691705,227.5476957261996,40.46823887923873,21.261744520218627,44.701146863465624,36.9992301670241,33.71616575868757,40.96122355153469,20.096247530873807,20.2222606090077
57.52104848519693,88.32703879296979,74.1310625914609,76.00464266986064,464.93750037690086,66.83809467302278,23.513673802961385,44.990057391745935,70.21152163986426,45.080657101064865,66.30905681450875,79.51150799405676,75.17950023900941
50.938093880967195,15.352668491469885,33.64375571324182,29.586838647268806,247.94725961345122,43.71808876741602,20.980150020080213,55.70014672461997,35.07002664942924,35.84681310833713,46.23640228104513,37.50416377418927,36.35866331440281
79.99959654949618,92.51882593367128,84.13634789642735,87.51113418000124,507.04146211112766,64.81476089863861,20.591072226617097,64.77450506475125,89.52507259432215,44.25027223317674,60.3227875125441,81.4384167313692,66.6304211304472
17.84295002620946,77.21906742421591,44.552716594294566,53.46862046501333,380.7836402184713,75.12263207543761,31.29447749039656,56.26234093228929,22.71202853935716,41.15864764293568,78.6663967386089,49.94718192405739,85.66076339734055
36.88613933790607,45.33135501961122,40.68636750279733,41.95326874692917,309.3087381718463,52.07596262438189,26.76655027084046,62.58175919643252,57.27226121793727,38.616570286182686,52.32101751536455,45.49371435621255,44.65717555571767
43.49484982593905,88.13971451961119,68.76173569363472,70.28176864214234,449.64464672975384,83.69255550812242,31.430517417220045,44.14037417294122,26.068946228843913,44.98839411802445,87.79639606099445,65.09888906036085,100.0
82.37828959982376,21.794695874024512,54.98260859510512,46.028133364344214,311.59218062112666,45.25786164650084,26.28005261992191,53.18758813252933,77.36073506772466,34.6366850437794,41.61793791243825,46.880619539546366,28.53661234483463
42.34302916165477,16.067335535308928,25.411677604077745,26.577612985847267,221.23660096039376,35.0,34.37295689701595,51.485886076850505,92.4366620864915,30.182133403287608,35.0,12.136256959883644,15.0
29.011360060844765,65.14332798590684,48.278952762561026,50.690540815882,347.64110638847364,52.0004801056653,19.04294366088136,58.422847582053194,54.48503178269901,37.02577161890002,50.12369810218501,46.724131346713634,41.192408047719844
96.56374542318039,31.287029275217378,61.06338229869645,57.39771573440259,344.0890988524718,48.80001378987943,23.155677508649124,38.0313743303194,71.91210062705989,37.12369660392403,45.39299277659093,49.7262226024803,36.520098785697286
47.49533778235269,21.633223529877753,37.657114378038955,31.97806923086773,251.4233210314525,40.96086956943535,21.308582700953007,46.03278052631869,51.05973143966953,36.26054829788483,42.028594743154486,43.42147957485609,23.71617742415593
11.688920360428988,33.12337557830804,24.488466554345596,24.549593491156422,227.6194311453895,52.080981840176996,27.10027223469406,41.45605616051712,20.909058098291997,34.692991750589215,55.11748889612359,19.579062325945458,38.65068290908408
84.30342328108621,18.72934968979777,51.42231558161622,44.958979126313146,289.8367779004452,46.14726069596653,23.51949075713102,57.12071232163399,55.70135970265749,36.93841977215937,48.42246016216662,55.261772209393406,41.03048594129456
88.50345262674062,95.02478709884961,94.05934695283749,92.41625331000603,525.0264795100617,88.59401733624766,29.698290003471215,48.128093721661756,39.10029665345384,50.567038313628714,91.41429652763489,91.97454001496055,100.0
88.77036118217521,66.66360171288144,78.62845012560882,75.50630550059896,436.4866219836752,64.16731875700602,26.812936373068467,39.50507002451125,75.30753265411141,42.63567228105355,62.35312927393983,81.57870117013569,69.29372981517348
16.270592043342756,11.077654295904983,17.326134356019708,13.154829394880093,180.96967644747244,35.0,24.00527394453509,43.89606743862966,46.227742230938716,32.29445721312325,35.0,10.897781106876899,15.0
77.26479427551277,33.589132120925356,51.594522886466365,51.05939698276032,322.328568184206,53.36793550224733,34.45362059236552,43.86334332432261,77.69173608786002,37.51638272459552,50.717758980416384,47.5201335990444,42.45500583747558
64.12114118742026,78.94240647676313,72.68300786042073,73.01390036102597,446.6100091460872,57.920467805529135,18.713170798337817,64.05466332783152,79.9035643740931,40.84206107630213,56.28848978147684,80.29199381143155,60.997335627193955
67.77011744517223,21.4005214265918,43.291459483838,39.948359834023975,289.49618535028077,46.07931083892761,21.818465401345485,46.1650107151254,52.4057662208147,36.353797824597905,45.820472059637304,42.91550569999202,33.905957914676115
88.04939121841572,67.47716232631333,76.0505310862778,75.70605388315428,452.8424626197784,67.47897806482322,32.64328993817841,60.395430160708344,88.91949002296658,40.55073673315006,65.08545676519346,81.77471107178349,74.84906067639781
67.74224171593428,25.79116048280391,47.126916450544606,42.57159297605606,303.5840578905351,64.59065213161655,33.93559713045102,36.29521207391035,32.361111179707784,37.30377665417396,68.43576914435836,46.24383814349433,70.38734128992131
54.51503697976095,84.8225694929968,71.53121559450888,72.69955648770247,450.4212030599633,77.07242300495083,28.03591073779914,50.2508164074884,42.31613384891155,44.868699690817685,79.6158434252194,74.34281728956852,91.76471307023962
50.61705774894151,10.830514164611303,28.69721687294939,26.745131598343388,229.47611938798534,48.632759673695055,34.86076917293918,37.97534298761648,50.11207368959662,35.07524693126446,52.01463080733018,29.13558158148067,41.0951846660114
64.20671962289575,26.734201380772035,44.313537051319805,41.723208677621514,297.266748033763,44.79509331876482,27.42185074024428,35.15688840628738,77.07430700210705,33.154406768669126,39.86953663563313,34.473925850216986,22.514407299380913
87.14526704088165,98.67375604882501,91.85598778890812,94.06236044564767,536.5357150624825,83.8306713282717,30.27520594944653,61.585873413952235,64.47832506400881,47.101556085633106,81.07571871927392,89.96064132299419,100.0
79.88936515238342,18.27616694425876,49.788384183908214,42.921446227508625,288.7575977721605,48.5793525091324,28.919533940388867,36.94560783448905,63.498784057109845,36.6087537973212,49.93041705515229,51.07609213382332,41.41506952231616
82.60434809584547,54.34475572144737,65.09101814172107,65.64859267120661,390.9817567783813,55.47890673534408,23.682051417833033,58.54690931334403,73.07607010556868,41.75106463790959,52.493799830410175,69.7878431510187,50.8003416148105
38.88096231761942,48.6277235894749,40.46314639098409,44.729019080732705,314.33888661644187,42.27411101825191,28.16982999908356,57.0698934271757,94.87606335447123,35.98275245477773,38.32873098550046,54.03804799908086,25.30338410446529
46.071630293273365,84.74240342156993,64.47768047288601,69.2740941702513,438.6181071747044,72.60189824880501,27.99207913465737,40.53428759400918,47.167658123921626,42.804933222509284,73.88879681708882,70.5824090337337,79.94191875294096
36.28785047581203,93.7204528152653,63.07852571646486,70.74741187948399,448.2601812731333,82.8964693696757,32.836414258238236,60.25800700375426,33.9576063384708,46.058395345591656,85.10543171274188,65.19034681881182,99.36710702373713
53.688581407266376,48.87971253275098,53.12021279922785,50.80326008255714,347.30576430322867,59.98747348656052,20.70143885037901,53.30675448432924,30.151556170826414,41.77009306861264,61.453770665772424,48.91098982332484,59.001055954135914
33.03010016875972,31.981113117407983,35.75564328725214,32.40070793794868,257.21836306753175,40.751830232004785,22.623145344186728,57.78194787253891,53.7304881837905,35.9365589194662,39.6129575919811,29.770317776888888,22.065304407572892
46.17641302886218,40.913556037037,46.743651298447766,43.018698833767075,298.03462856670086,49.617340595255996,29.284424664985014,63.901833026406514,62.01261375963814,38.25039449079007,46.700530205995186,37.36356687630736,33.333581673377026
74.31224491830422,97.33544105425496,83.87608348583358,88.12616259987466,518.2060302324343,76.98992862082441,21.367659756915582,51.9599076371483,54.794936501625216,48.89218217036856,75.03989548670243,84.08406347725773,87.72734486560336
32.08506619794622,85.70482914786126,59.384729979163936,64.25692396789525,420.3566078301992,56.460683667006734,19.951070821776696,60.80419080048305,74.21107274063628,38.470310901286055,51.798291895976135,61.54774902955204,48.25666286744496
50.330456454521766,53.137969554574184,49.06040932585418,52.01496431455321,358.6782101160566,64.19739034593175,32.44958131517125,55.07067011987325,54.67216707504554,38.716580949536095,64.32349948731722,48.46116379680732,66.39499302529518
50.413109228532306,14.624135402329888,34.80884791050336,28.939724932810858,229.90959372270248,40.33334694470969,22.39655419309666,39.941190602968874,44.766129865362316,35.81245511874395,41.03066973105747,29.224790614666116,23.34749524600016
87.40320323573457,87.48147982909461,85.3527112234669,87.45016919175059,503.83057983719755,95.88597748449287,34.74482415439488,58.16037428929971,22.037556591916985,47.73685105987374,99.0,87.86690454671681,100.0
67.79664921573787,83.16718129342007,74.52527531463947,77.01896846234719,469.3142685176925,80.25147737752968,34.396103116313796,41.112993773830674,59.2497223396056,43.352747106886234,82.19470674647272,76.99198158053952,99.70015164627326
80.21644604619868,45.24137206695848,66.04962960383493,59.23140165865456,370.08672096964597,48.76056625485799,20.685231988200915,55.876973545064075,79.49460128286908,37.938386970544585,44.871747135418936,57.903667468562446,35.69052278125151
88.6710944806926,68.2320371569216,75.66840008458529,76.40766008643001,448.4596744040523,63.63145613681412,28.460066426186636,37.5039225496815,86.18122763055041,43.12960115033671,59.430860309139796,73.82907473676501,63.5083027404004
96.6017080752118,69.44487989352281,84.10066417039884,80.30761116619841,457.98240201904827,85.13065212733986,32.99277189117895,47.82469063761845,32.16750543368595,45.14470410177181,90.41226181364395,89.27222412285278,100.0
85.51958067783043,82.89665273368739,84.53446674564327,83.9458239113446,492.72714424025673,66.55292566130638,23.343951924123722,49.13503696798444,81.62276732828538,43.775320662925836,64.23418011338418,86.92803560914795,73.0375429477655
39.4983081686368,25.464781789081197,34.17765714150524,31.078192340903435,258.77288211267893,46.18874724862857,19.710837134900068,42.19622338267834,30.647899232074543,35.777136022761454,49.56050486692378,34.89614784400271,35.02789637345687
84.04738467145887,51.94455789843665,71.828810789069,64.78568860764554,397.466968072188,61.09434299482497,20.146500606596547,55.28532686226302,44.38280115737742,43.447536187836214,62.53647988349376,71.00495327057712,66.03814819547677
29.99180101806931,84.49666014662166,55.47843928998077,62.69471649520072,416.15594570119407,72.28919666883262,29.800559749667126,50.37964259435159,42.89830075225485,41.21155107424815,73.88389981318122,67.83812954868269,84.23260328140024
68.51867150588758,33.16553032337427,54.09966116027756,47.3067867963796,320.2515029637826,55.403955015997695,27.52749072666748,38.32968407640443,53.52916578548191,37.96659291717266,54.37215779740414,50.64409070457616,50.91410272655109
95.95842890893802,19.854132806042095,57.28666828398562,50.29585124720047,307.78886423818346,58.86565208446561,30.578370053037816,62.54229656597452,41.0027997162867,41.21823000427764,61.36203269116374,51.27572641652348,61.6393061479784
34.77386546051383,87.67509172138539,58.125121714245104,66.51460121703677,433.66635730765665,74.82130780569602,27.191874102963475,37.89603410586322,38.14203711941292,41.63146544330432,76.88891809897514,63.88082405376182,83.07096194503
36.15692707835831,36.69280092412164,38.3704095910928,36.47845138581631,271.6395224478031,48.63536544690181,33.34921491826378,60.567916231735445,70.08535124198049,34.79131748595069,47.76891469407275,40.14997476362379,36.85711066332843
97.59850142483528,86.15695235154101,92.04929240053686,90.73357198085873,506.83923919805704,93.00410197563443,32.133349744557066,52.969355245316315,28.619974779467512,48.04721699272494,97.14947250149613,88.39805494690485,100.0
87.35014322483953,60.887739332300676,74.25851209261043,71.47270088931623,424.6204628737988,59.19949732189468,23.388091992449027,48.037878825761354,78.04097417976172,41.888409985329154,56.74703283862687,81.99871289535628,63.06382858681701
71.83177203152545,31.13157868535776,51.580585578807934,47.41165602382483,307.6717206902225,45.956485874422285,24.536692569961815,49.63001205863793,68.91681946591044,38.71934297831344,45.37647655585052,56.15956255018733,40.494707552184124
65.80115476111715,16.312967235905834,39.09219364524626,36.10824224599036,260.2771077383927,52.858847250071555,26.03238703511073,36.36946236507151,30.501807316498827,36.610925939963195,53.651029481902356,35.007269110950574,45.13242818976271
34.70012296540574,28.422339481019982,31.693812250780695,30.933452874774286,244.20841791721182,44.95141442259999,18.13028855503683,41.57206427305573,22.754102187561585,35.41713447396818,46.479750788459945,24.733151412421364,33.58381492784155
55.11475988416464,36.12050526552282,49.07166233030626,43.71820711297955,304.22225064388846,53.10306559455537,19.480577035528114,53.51199548353404,28.537879510745107,38.71586777520267,55.84482145351772,43.62541708414921,48.87536274690838
44.722694652592885,47.54270788995599,45.42086987339881,46.41470259501075,333.2793157051346,62.72611078232231,30.13855495593656,53.237156422721114,43.202953839708655,40.05015980061085,63.4884836284306,43.15021873295294,61.31386614985524
32.66943538936752,15.297698330951679,24.8139304837547,22.246393154318017,216.0569722901583,35.0,19.946289847120386,46.51516649134938,54.21773817166565,32.03299952726038,35.0,29.85338564347763,15.987194592927958
68.83439291161643,70.40162614385827,68.51336945444027,69.77473285096153,429.3835550027189,52.258534176048904,18.172230128471636,54.08288139228627,88.49652106821776,40.721013415133385,46.12335885685531,68.93319168115119,42.141343255982974
89.41589104115407,15.913502147663966,52.93643637479113,45.31445770506001,288.7055919322163,45.90392724682244,18.19901238242537,47.66102780382917,42.12805307406172,38.542938424378676,44.80108102040043,35.51750657460629,32.79191819161751
84.4131839431118,71.63186157356105,77.46197137745762,76.74439052138135,457.0446275837103,62.610100412529086,22.681479962342117,44.18940496334638,79.1738869940595,42.33553302078547,60.30100282215408,83.18101247214204,66.76740102880908
90.66390075402624,48.35768462568336,68.06172723642392,65.28017107702051,395.3387385097028,56.3842887745863,24.30993119843967,53.03222500400699,72.91893969828685,41.28174253505011,52.48100884693301,64.01389652689446,47.79617889289974
12.239402871706076,67.4781923794971,40.95401616523954,45.38267657638069,334.172272910194,52.82951986125476,19.219102110410066,47.28886684685696,43.34131212975451,39.225366435363426,51.53680765270914,43.231893398421505,41.9282563103633
96.94716502169209,50.40614428645422,75.18284854031506,69.02255258054936,401.6171640707083,63.438847402963944,26.25502489420976,35.826101596083966,57.90913384328375,44.40830048872897,61.550225074287546,63.531825190395125,59.600731065473745
89.20732010545031,20.33636745784678,58.419194413291095,47.884748516888195,304.93352297462195,48.30402156276154,33.10286242924758,53.08828629438385,82.00305198061156,37.91045316810834,45.42375441856995,46.109812096321754,35.558518503555916
43.92504761684916,40.29445227865101,42.44101080653077,41.74669041393027,295.60654817663954,43.924139625168074,27.41309525108619,51.25114437230012,77.14263594536524,36.34746086318577,39.523198086203074,36.429680381075514,20.86930755726327
95.04472995624384,59.63608553625391,76.11862405849293,73.79954330424988,434.9965763441766,60.42419839196474,20.366343922876823,48.32131247606608,66.96757410657979,42.834084925578395,57.94527349189145,69.47434717250492,63.20319193940459
64.6181222245634,27.91677759619656,45.42855185649453,42.597315447543295,286.4729483459311,54.47239316966727,26.084282637276054,51.2907375187299,37.08123020774072,40.26102637050232,57.98987896879382,43.92674693783996,52.24297904997709
79.89053830434767,34.54331357437077,60.233650587504734,52.68220346636153,346.1714252149061,41.068980324359444,20.529531479886966,48.88026815196181,93.57405336220138,36.03779023751601,35.0,54.082810411208776,23.544545604230176
35.148952886276575,28.086855106661766,33.712289527490746,30.91169421850769,251.48239340841766,42.36816603540075,26.691682857412772,49.769764400035456,63.29592719248484,35.199207135171115,41.981449574437136,36.88147551844908,28.021940298729746
94.13214863785011,27.842231882027846,57.86130394241595,54.35819858435676,345.04253974841504,47.124070324211054,25.465546882773722,60.40906562621181,86.98176538965612,35.25009283186229,44.72366356940382,61.81779681608312,31.659167288797946
65.1401409762025,92.44805199897772,74.94702524302822,81.52488758986763,486.984906289062,73.93228186074872,29.69127472131953,56.68120873094685,71.9399323652831,42.718021198180715,72.75878590501085,87.2518335326044,84.16243741531657
94.25542567535247,10.788832375098732,56.50469587068143,44.17546969520023,291.1991827799477,64.8854624127249,32.083978090634986,43.8385818903858,21.073645825029498,40.984189741187805,68.44047279951906,40.75567218620474,68.71347233517764
76.30165715861328,78.43412760758005,78.6362165084571,77.58113942799335,467.3617226827518,86.61589858395392,32.380664474521446,53.408123427123755,26.64535354772593,46.886733629009306,87.89326913170855,69.37980623186677,100.0
19.767832693635704,81.93293369082078,54.431887399944,57.06689329194675,382.4334923088237,72.40312445077909,34.236958523958926,50.67729798010235,42.46742584654054,39.4647707576097,74.87637795788969,54.3246949328118,82.77088094529059
14.419889008829692,16.488263347743413,14.67706243934765,15.660913612177925,185.47570956299413,35.0,21.950533491952815,43.43013496726141,80.26120574726635,30.741416749425255,35.0,14.268957758123033,15.0
66.36189171147427,97.129319250558,82.57355024936315,84.8223482349245,500.2201907284456,71.09565897465332,29.01289658183898,38.68762035396163,86.6494310199049,43.74129793321035,68.77080567316156,84.15976483721502,81.67404242492498
16.31627094793315,70.75293268888282,41.47005526093222,48.97826799250295,357.20316357424866,60.54855083524777,31.983091504531345,59.11875522657561,61.437572555591686,37.94089272314632,60.42051633845141,45.284253648851845,53.2851555908772
21.776895943972995,66.03063502336455,40.33842176225201,48.32913939160793,351.7823145110042,53.69058670586786,23.398975519438984,35.00404079013456,58.334685442792235,36.15304346484078,52.31267952840463,48.18872006364303,45.82658067623566
83.8617873273282,10.339973116613896,45.075471175586266,39.748698800899625,276.1853752995712,47.616216836839946,23.376592545398214,38.056771641980404,47.01754391003209,36.06488336893345,48.274303529666945,44.88580647759349,38.3137177902488
90.0749966591865,43.581306802724164,70.5407790628762,62.17878274530909,370.4944538158036,65.28226799570098,29.679327530555128,49.81442121370786,49.07366040917353,42.28428688622853,67.86812036270622,66.90364107225275,76.00035225573495
95.01218045132359,77.7323633323197,89.97845355367234,84.64429017992126,490.9561453442684,66.34604986256308,23.066887546870532,38.1609476675257,78.63678975087018,44.90739754541672,63.03682011116548,86.68391526749268,65.56116984206898
50.27756525401787,28.59056243645957,38.383721212157084,37.26536356348289,274.4240238974496,42.30523967175444,18.89003534318703,58.02702885553755,51.23783239279092,37.38807293980865,41.903172445950545,37.34981714469531,24.91454671953811
51.56079876634239,88.33394967501218,67.67329965408892,73.62468931154426,459.27230526777,82.28381548815292,28.331786078296282,43.85904432715498,30.245067773837945,46.384385268541806,85.17686997429071,79.00056898988655,100.0
27.530944190676674,89.22913523461952,56.679316484372734,64.54985881704238,421.11851968417125,60.660089103802044,18.987563185365946,38.34536636963829,58.68964270342461,40.57616823038724,57.997319735967636,60.74282110061835,55.19298612988902
53.3720834313753,45.98178750568335,49.92443689582608,48.937905875960126,334.86452465611677,37.50078428210073,18.168704959173205,48.92285478360512,92.26244306656912,35.461472967903894,35.0,54.20596787217843,21.293005580423543
95.88921644857079,21.17396911387615,54.66717410034012,51.06006804775401,326.15858449815727,62.73660282465706,31.721644135203004,38.606216873617285,39.91871247189546,38.109927426220764,66.57890207004569,58.79791852289864,72.66587303878356
40.63241219880935,43.0847972466634,37.869433728460116,42.10384322752178,302.03768396771386,45.16485717435998,28.98979860784482,64.22583331449071,83.52956202379247,32.67486040673351,43.03455054010284,45.45494271390847,26.368568970400773
36.65658413732095,15.846842446938554,24.07759620007934,24.17073912309151,214.62420750024074,39.09716117036872,26.229310185073427,57.42333219790082,55.535737129846,31.106081434481094,37.94131866401889,19.48929596105765,17.24570379773011
94.72361482228213,16.72884861489082,54.65167770467745,47.92675509784735,300.4270226042984,42.84186109394778,21.32916243028259,39.22408846678028,66.68102311744974,38.33469169511965,40.43698088329437,49.555291886913345,25.44804052656063
69.32346600717355,33.131543152612124,49.98904224784652,47.6083122944367,326.24487564470166,40.76830355812933,22.938576596414148,49.099648044738096,86.7605853047011,36.3638672814701,36.95000161684368,55.49884633399427,28.47879145215363
21.81618687940025,95.25613677405256,58.77343961829136,65.88015681619163,428.21133983978973,77.88185775811888,26.51026070963003,55.38860998205323,25.717941348017334,43.53501445191233,81.62555033482676,76.81840618894172,95.51552669935975
24.58598062417372,49.65320584802829,34.793076959364434,39.62631575848646,293.37688198216745,46.701740718759766,32.342044288881006,64.43577587492348,79.48571554975545,35.77407190970525,43.06153177147077,39.2111477410226,30.319429924625688
48.45563793857464,62.82692324871195,52.22593308985942,57.07840912465703,378.19067674007977,61.97872755397814,34.68002322495901,40.70322949351183,79.44463372162875,39.83327448481272,60.52906216524996,57.211814410209705,59.92676721342266
73.21314343273636,32.01328810789842,53.73813723870849,48.4932302378336,323.51826892345207,41.10616968385062,20.76589564474562,51.95255937358269,77.87201832339558,36.43433184459551,35.15709410901373,42.276610595803106,19.5138244651821
38.30695909004028,85.47574597453207,63.722244070445754,66.60823122073535,420.0782147205371,65.22267121275777,25.28793435676937,35.87509290935793,56.06676099522567,42.818206035748,62.752577260208014,62.81827010814198,62.145204476621146
76.375317654538,91.73995246094137,87.66506381376006,85.59409853838002,503.07316842768756,81.46027013141651,24.07105970810855,58.62647257576337,38.82510374467252,47.980989494203875,80.4000446747131,77.57779620430027,96.45604430127777
26.86017922466467,91.7232787141139,56.10615843298558,65.7780389183342,430.29872123199294,75.15626098374939,21.75449731037115,36.16789889977002,22.701411371856977,43.35594274070827,78.29575233473562,58.07680075817882,88.06129028465143
76.77231033064461,35.142149871583854,54.78163323391665,51.79421405520816,342.4547765466814,63.935056934121405,34.08976072355689,61.776746824594234,51.45859954679852,40.39950114042944,66.48334838428282,64.96532427345795,70.9421757490966
62.019466686749446,26.566094900047965,42.945298385936255,40.74744361472856,295.04427696545986,54.559614260396536,21.520288756584538,37.13474855520298,25.175569445961223,40.713530121575815,58.010619073053675,47.07559129265672,52.82769194871247
71.03838905769399,78.62993061081791,76.07136532918359,75.59331398956834,448.0717763471024,79.90607183288854,32.89001241978997,51.172836582080265,41.18543197775028,45.03660726123579,83.43741793365348,80.3819522578784,99.27715783672272
10.00102385847222,47.074358734924004,28.71777274538282,32.24502478434329,264.8342646115945,55.55413863299182,34.54232877052966,41.78375993749016,42.81490397272107,34.88448318375795,59.74978001982632,38.33189263310145,53.70418182402983
36.65791969635777,38.95126692804977,39.50556397699187,38.033928035372966,294.4187437998952,36.319008344737306,21.087437451862243,46.128230244732954,87.64551475618626,34.582597066066114,35.0,43.70204539466821,21.270251072064067
61.976129391528126,68.83026862801151,62.030845540306814,66.08861293341816,413.87316064479194,63.33215839102024,30.058454084034363,40.01963912003181,78.54737880691678,40.5907956628551,60.01997084321406,58.14629023133037,61.50731560234739
19.02140483784975,55.73304731440233,37.44835052085448,41.0483903237813,309.74625842144536,52.88146163779353,33.85972266368442,59.82518959619664,72.29070364322276,36.10469612271405,52.592620751451626,45.06521556788711,46.150721197332004
74.15033342571185,86.69049043707373,78.61298464613031,81.67442763252899,489.5217499040974,76.31611092571934,21.319090250260366,45.360258567346634,45.1707840702382,48.26881322709388,78.19591481484314,86.96546286724853,95.30246102022849
53.67077025364782,43.86607617842061,46.07270591148694,47.787953808511496,332.853607698599,67.46820404912164,30.485546845285054,46.530651155724044,21.889506046942202,42.11817866498919,70.67916829188424,48.227797913775646,72.36164351465706
72.0286488838176,82.72440463938707,77.74796929022511,78.44610233715929,477.926197630406,62.64957810527259,18.878368268185337,50.143867949135846,73.88404604919126,44.797980714836456,60.34392761482712,79.6642875722969,63.43917993698077
86.1460267839843,23.997315527994665,53.54997402966227,48.85680003039052,310.88324317105037,50.24000360041302,32.814038581244525,55.18108982626694,79.75110478935292,35.37027921870767,48.70964622363705,47.45743459956041,40.45132904781339
89.73566132235092,11.081952661487426,51.800966344389515,42.54343612583283,273.0586481645827,51.2993298622604,27.33059730631505,43.628981871310344,43.00824496416059,37.330730364359795,53.03915087619275,48.632178554088824,45.34635855709252
78.97086613860144,35.432490888750834,56.66381355047024,52.847840988691075,342.3070979347266,56.39723041846942,23.651754671528103,36.69756968440147,48.04407852596102,41.56079306621237,57.3372233392963,52.09006371364118,56.9253493971406
27.511308228430437,47.23171390510293,39.37902945367323,39.34355163443393,291.4496149591077,46.03249793126268,22.72349719352511,43.289573253975604,52.40141956958795,38.38494275777717,44.41934768061213,32.70197687710868,32.831711689500914
72.00078966641519,47.62284868355997,58.58401251860932,57.37402507670206,362.5970167940328,55.08890448852641,22.492696473696867,41.159988161204,56.22797731691675,39.198182355791545,53.72924081380363,54.307221014110645,49.3093551483056
63.120073649225006,16.851172568781998,36.590292019836035,35.3587330009592,269.80084127539004,40.68647612784937,23.05394343522467,37.76200958247426,64.92834403627862,35.079248850469796,40.63502720873178,41.30828998716504,23.12965437102288
33.85647033123779,63.19247716054058,51.453238814782715,51.45807442881946,364.73772425065044,43.90304209576561,19.800398674863878,39.6448583779316,90.85521940873097,36.998499734980975,39.51648844472076,56.08838631787929,25.64388498992879
71.70028430873768,70.52995780478057,70.3803345836927,70.99808840636341,422.32498234055896,69.0161291455697,27.90974296567247,42.59304617538827,53.769068460716774,45.14837803287788,69.13981936215991,69.07117176873733,74.24873984359584
75.85782277150835,91.39483108252175,83.09849470868511,85.18002775811638,494.9381976383452,87.39134036323026,25.384856423112367,56.70343453550003,20.679062118527824,49.443097095242166,89.95693609353941,84.47538818672828,100.0
72.83663965727516,18.1338422835281,43.07940366213603,40.01496123302692,286.110335198809,56.48314325358559,30.55829356235163,35.41236662034036,38.62821952773501,36.570659841019776,60.12537102732292,48.54003196906207,60.55301817107219
17.141127711189046,94.68267320573406,58.619835129205754,63.66605500791606,431.0457429629983,72.02637297582018,31.99072468571005,62.98131524398284,60.81904745852733,39.942136376529845,73.5194052151099,68.65152378538873,84.21657044354552
55.887514126685446,16.09282602068845,34.95907358112797,32.01070126308725,256.528117532932,50.90071130531227,27.93563146587624,51.149958297671404,40.16401357866451,35.30302887125235,54.1805920153552,37.54552509460046,49.94003553370507
31.857757569402263,72.78601389523027,51.742696401942965,56.41471136489906,380.1726823261157,72.55150653792258,29.03847951780699,63.0884186440678,24.80047599564657,43.7261713700141,75.34597421846134,52.661696876992984,81.09356311107578
36.492054849419546,54.734180594081614,42.0625263405301,47.437330296216786,334.383648129309,55.12089037245738,33.76088069059327,38.16179654323415,77.33305460566282,35.88825251021864,52.28185506861541,43.941139209791146,45.49347620132434
87.5887738422287,82.45718601761341,86.50405440891694,84.50982114745952,482.409742213167,77.96319884463274,22.91618658703115,44.29420625967407,38.74677097982159,47.55244161289426,77.13518101133423,79.31552219852512,87.88673615314548
82.91289261573516,80.24706350045201,80.04234471153956,81.31339514656527,485.2016422054617,86.40408718167447,34.19785528904261,44.80227626090122,46.581871159479114,46.18493385317386,87.5901172982322,86.63777884301646,100.0
85.57587586279762,70.24772968671851,80.61506977357249,76.37898815715016,458.33782670210485,73.39102667086738,30.722049512317575,48.17631803749152,65.79100662615684,42.18155848895946,72.96172227350974,76.45064845637094,81.71787250138514
30.204638146349243,20.462065713369576,22.65562785100307,24.35909468656144,214.10223614669826,39.741208840494316,30.218573503510015,56.97203147175137,58.62000124349446,31.314851935785494,39.72664992725509,22.953996450203512,18.769161442512093
29.567794817838987,56.21098679943825,43.751412273403844,45.553710006798546,323.86919174734965,53.626066305016295,18.981446706826993,46.73098607382196,37.56525281947506,37.89481166885688,54.92345590324969,44.114244974592076,52.590630644262404
46.58820911005233,48.176045675282836,47.70936742337223,47.54091104919063,333.6167124580347,58.14086784476696,29.9364836350911,40.15081723116349,57.508456405747026,37.50615629849858,60.399677598347466,50.28530526828541,58.67451621583979
20.31394369986054,40.01138522535193,27.30540018112089,32.13240861515538,271.5272521353283,35.0,21.506285935214596,46.75578119564078,87.1756083214084,30.912346763217393,35.0,27.547985156562568,15.0
79.76271399440752,16.145085661999374,47.74793999601908,41.59213699496263,283.86132761024396,55.36960685896367,28.68324976244798,55.65894887923626,38.99542876420363,36.07055094438928,58.618307878139426,47.81462737506792,55.60400273487076
52.688330078199535,39.69292722948104,48.52309427457125,44.89108836896844,312.3881421724563,37.47888186941527,21.118517338858386,60.64922058684423,86.19199075792605,34.84591920509965,35.0,46.58282170357639,18.23110211572052
89.35611451206812,28.10907408228603,55.26838319337924,52.607890254198864,339.4226732436015,43.46123086611108,24.61988396264088,51.2528289280269,92.60493590380692,34.431599895276086,37.736423234232376,51.638143251985596,23.924612095745474
97.75204714345963,59.7562763602476,77.32345897294124,74.95458467353242,432.04375243100986,75.73356635146575,23.958849082864752,46.175998212786524,25.153525829297074,45.95602335954047,80.63818400915348,81.68547599166554,98.92839509420405
72.37137766016556,10.744367687040281,39.29921187024721,35.395171676290396,259.2517979522748,37.084606954786935,26.2278192590557,35.15940427005038,80.33709818238668,34.4512082073543,35.36698365226585,42.378156134196715,20.147276207559656
55.58470984360699,22.488882119222836,40.40605576845242,35.7272132089765,269.0185489487331,56.30116900699708,30.61830418238448,40.09643018152206,34.62313999252169,38.65177377545041,59.85863592136464,38.84757028457388,55.1224638000762
62.54966692714656,68.21781359548075,68.49676365283372,65.95055492814708,413.57238370795295,67.71684629967903,28.750652513582587,39.69430148010802,55.5440915087077,42.93118321132813,66.39042758265425,62.79899253188218,68.76921885357753
47.38687417239165,90.79762773563453,69.14872812792284,73.43332631033738,450.75648452202864,67.72419779310044,19.308518379474858,55.88468435413776,48.70990733272909,45.54586298799734,66.03037314613084,69.99640474988388,73.25371136080047
70.92758517657312,33.50151663774097,55.72709874275938,48.47194405327383,324.0276975326461,56.99465622898803,23.516700602980816,43.085355868768175,34.319493880373265,40.696832016865294,57.924785147266675,40.84229545941085,54.18677955823965
78.46622139672948,77.71576845283957,75.59277417032254,78.01594963039554,454.797732371386,75.36285590811157,29.882130084285556,46.05041641383054,52.42596698025105,43.0940279314405,76.71724000582721,80.70184176852435,87.1217149081478
13.430180218179476,69.34941782620356,39.974017788224266,46.98172278299393,352.57212001889434,54.37261580795439,33.098009211878605,44.758718550852436,87.5720671767851,37.314844332110965,51.3221375985529,44.63597763286488,41.727614044773645
18.352778440306935,98.90144247096286,57.24022445104219,66.68197685870048,444.13994890906895,62.269967825678044,31.71330590145588,60.74069813021688,94.82212230516174,38.050251065528634,57.34779131560446,67.30880343752632,57.36072688543986
11.97347824626085,42.077987615592264,29.29563893952845,30.036183867859698,263.11626584127015,48.46421687779205,23.31722581657602,54.63026016478159,37.4013635231608,33.673377153364605,51.57884995327719,36.71070010707692,43.688772560459995
64.96603623407879,86.9345589712844,76.64578965515284,78.14714987640215,472.49639432983884,82.09165934651078,34.84154567011802,57.70190501205704,53.17203540883514,45.768198140233366,85.55518244319725,88.24739541105039,100.0
91.68002463402773,92.69341728137618,90.92196318254588,92.2880602224368,526.9452999503073,67.16415591970393,21.597810275687642,64.8689332849665,93.58384309009519,45.414701520558275,63.47429336185803,95.74710933160544,74.01593080594107
69.38119459073212,70.30031363564794,68.8257350605691,69.93266601768161,436.83168830533276,60.12713391971221,20.84506954802528,50.01078338646682,71.8162982413117,42.428425888152255,55.85416868171259,66.66720771092993,54.477443279565634
65.96274876075056,63.33788833640996,62.085166630894186,64.3878325061462,406.56929060266555,55.4944664060898,25.737923859472158,55.03281774809459,82.80253098276131,38.22003438703894,53.35431611497515,67.00322752615817,53.47531723745694
80.64736226455605,95.52189307666539,88.37210830142767,89.57208075182166,518.6469178210884,78.17679081795387,24.83208239814241,39.61073128532614,62.94554246615168,45.77826446541255,78.60230843503584,92.07091294430177,99.06723033905891
41.23337015717688,14.627052326015967,24.184161364580333,25.26957945848033,221.13883079440592,35.0,19.437611427653042,53.20540866620418,86.07297542297431,32.20512871310261,35.0,27.41353265817395,15.0
74.8934955478196,35.50023985451394,57.6179901999902,51.2575421318362,342.87210155629356,46.156802023973874,18.51044209059968,61.92097597372796,66.69729001989936,39.8344065440713,43.10724063085249,52.31693552509532,32.347161660696365
95.83019574615821,82.71067774719347,92.09081611664361,87.95848494677938,511.57839263483845,82.51116689389357,19.446759264036352,46.5679277754,25.32761667830016,48.16782976022756,83.0472305306036,79.30899578814514,95.99366821078166
80.24980135440843,39.036598705662065,58.03826701967803,55.52187976516061,345.7581659632645,53.210439813973665,20.204542629812,42.69389183050298,46.648981135541575,41.17887189007493,53.102732927143364,53.20780133346306,46.841203617864174
22.929129275371828,40.49541804050442,34.62954503280324,33.46890253445138,265.9828897792974,44.036322620984365,19.406526205509227,49.536139852400325,42.68146334589023,36.2022749478435,43.58788763316627,34.650991846251046,26.713236230734836
64.91186672655044,34.35399718960868,49.53560650643166,46.577145004385386,306.80636625301554,42.727518200325214,25.812928972631592,44.19390404128461,81.67859083890158,33.940599541842126,40.60534521080512,46.66735324755588,26.932370595860824
60.53730660793857,69.38189801028211,67.17599659432439,65.8440614493447,419.78819909903035,56.98245565870948,23.335883444281997,51.14068116091709,83.00810588293999,41.80284957208086,51.45643387544507,59.92226058778458,50.57060893680963
53.34607822629019,53.0030968349165,55.88043089925775,53.14028939146597,350.93559485855434,66.494665370813,32.616509471797976,47.20414402855171,44.61748292587546,39.93742467685127,68.17106690564248,52.766568550715135,69.84856610359273
93.72714465835209,25.618754836940806,60.214768291094884,52.86211076550532,332.3848919586106,59.9822035308789,26.32361585485416,54.34235745730456,37.23700443482139,40.86135308473245,61.3808831323212,48.40048381456309,56.58839444858617
34.520589554123205,29.465172228798906,29.455583130411593,31.487339158928627,263.44077778639553,35.0,22.857028650235137,62.81371345593348,92.74448940088932,31.792697342641546,35.0,32.94160315981216,15.0
42.3303841253422,17.744532428948197,30.491737564570702,27.5788731075058,240.3819861601001,41.25382560146146,31.53074858143954,40.2536942039106,70.457346080935,31.31278145091906,40.03510858622061,25.77563354717484,22.08894087558665
65.20494628797967,76.77365299055695,68.20568817866425,72.14617030952604,440.31160739849076,66.66092750374419,23.970729584929273,37.813295787710494,56.45978639111931,45.03833315817673,65.46985273615903,74.02225509531185,70.37478376512873
30.956905522581277,90.8506751172644,60.64834275379716,66.89316727939115,432.821930558416,72.61573922549924,30.9297859217398,39.63476612014777,56.544901557503806,41.91284553334998,73.63204624505227,72.7514788382939,82.43720608947123
54.93110665644127,64.7464935081668,63.123645820019405,60.820338767476585,390.94749456045827,72.86692959503762,26.5216859586374,36.50729029468946,22.618366449216786,43.775645060573,75.30201728470959,55.270320908046955,82.34526396288214
12.197506266300365,49.9644503457812,28.980806760058844,34.85767271398887,276.45146951376165,46.63345432741006,30.31817087640969,38.347789998717424,65.62396250058288,33.542969997698485,46.41569013474526,40.96385101432367,37.722731992800874
21.04279411832526,78.77665635019204,47.80519183351184,55.683111457445335,387.0283889247343,64.48307223357315,27.618286432296937,62.87434151635062,49.04918884814855,38.59101016812386,64.66491117393753,52.60835926670366,67.74120014130823
78.22147656147554,30.863878401024806,53.303347445356046,49.8069176652051,314.5980837597846,48.963108564332686,34.345369517759906,55.0360372010244,89.99038158194797,34.82027698950557,45.57853715396209,43.9456154007476,35.016892874688715
34.41689181579596,35.06382774740122,38.447242345166885,34.80505337475911,263.55494426576763,44.65785851071346,30.172849545116456,56.187384876657866,66.70171557123481,36.281409881095676,43.576456339271175,37.47205763094692,29.2736016059228
48.96623601584889,33.23331883490148,39.84687104279634,39.52648570728044,295.57343941924336,57.44019870059185,33.903236729967425,40.57199216015557,47.93816986650994,38.57529551474248,58.425956490650506,34.04948119223426,51.04090856545957
54.13358051081464,31.952616806681178,42.810780678225775,40.82500228833456,295.7703743360896,51.694627695033695,30.77001132821873,57.61604248129739,63.341833452056626,37.531592927244496,50.78636697673876,43.24939569599522,45.48662578493806
45.411750818339435,88.72823305243563,70.23449472044224,71.40164015879715,456.2119962946899,73.46273602292017,23.335927300755465,55.73167438217786,40.37248859557772,43.24100107958696,72.2581011030595,67.22110517939915,80.65105620630833
35.33919015548734,53.86094302342139,42.99960314767055,46.45224187624777,332.2384642779952,62.764136573246645,25.375346688539153,39.93216587236636,28.743730591677256,40.10677749372885,68.07355718920469,55.015580440440615,69.17159893898572
67.96219923469948,92.9083873735438,83.00314144251477,82.92991211800607,494.2064987017662,80.51545003179449,29.169518469979824,61.951593997521044,49.96390884402011,45.55464678187084,82.12034693363472,85.26349328803198,99.85083129260346
50.83038943868609,20.565109500310918,39.542295285984295,32.671221475660985,248.3624026618954,35.0,19.14298106153954,52.845421385057286,75.41500078497745,31.284242446035975,35.0,28.11095096489145,15.0
25.18210117127986,60.549712461131165,41.23676772431182,46.40266794519064,344.2556891446176,65.84646665948979,31.918583901228864,64.50701619540989,39.475312921281045,40.92945644543136,67.79272555566841,44.24909444288919,68.01036284624111
50.29775151019446,30.16042471721341,41.1408505643058,38.215355434405836,276.760781702634,40.31806398612454,27.819739823855183,45.77626240948071,81.76641699588643,35.14884947896548,35.777853570147315,36.70718601672954,15.049340489177373
80.90287825880317,39.20797396898747,57.72790110355009,55.88593568491375,344.2495144783856,47.58018418702508,25.933783055034944,49.46396296759526,83.06815328021804,36.53440837404784,44.707408232174295,58.30816871130844,35.053736713719175
36.68915839473689,92.99738417931877,61.79242141296047,70.47409386548603,456.7796337192341,84.7116862920678,29.625729681200834,50.947164580601935,22.449429558837192,45.61073105298799,87.21172504174831,59.2924487239153,98.67611167509193
95.46127984840915,60.03480418474273,79.4660682281275,74.2053944502093,426.536272419868,64.08601539370889,25.10033892888891,38.490754554934874,65.95968766523828,44.802340398683604,61.63686755746723,73.12313333635205,61.36549097561903
83.36067292181517,82.50571941918903,83.82784433132787,82.84770082023948,481.72545739086746,75.297622607361,22.34071835397515,38.17622954639388,46.617326261491556,46.14979814836424,76.03966683926716,88.56688445234144,91.60999943519205
44.78281975794189,26.17831918234521,32.73507111267799,33.620119412583875,268.52112822592306,46.328131604982566,18.71255868417638,47.57548627706364,32.61527418248886,38.30452519888323,46.37292088620315,33.691340232652436,33.689312113865185
92.21876204673914,91.56142846335389,92.9734101099418,91.82436189670798,526.413258687526,79.22705026056151,24.85458076412499,57.57193646911364,59.8470513763199,48.123347792083344,78.56337809974694,90.54470908835921,96.58732459341493
22.88639058104782,84.1307446861063,53.83093988789952,59.63300304408291,408.876724889388,55.37460931007677,25.33212900779725,46.37121456149105,88.62955493879169,37.033573344788515,50.92260143173695,71.38403204411152,50.57579656762338
38.618585272306596,13.494977867507057,24.232770412661672,23.544420829426873,205.68347814807422,45.533531617395965,34.63203137996656,63.97241629459242,49.63664731042287,34.12232421499867,46.417182060037945,14.721441283041637,29.473222016841103
93.31454953291718,45.61889255062081,71.73310490541738,64.69715534353935,384.72344228988067,66.76827667827455,34.835649164492025,35.77308796293053,65.26466048758408,41.65022526317724,66.03952163529492,66.91466394646197,69.35790470349738
58.08835167207494,47.130214252247306,49.891087769973176,51.513469220178365,336.57138864285696,44.544189859995996,25.108461398767595,57.718489348265024,87.34734851358414,34.68168599639004,40.14202407635877,46.37058659264774,30.116496988876683
24.345682015709986,30.809342145282706,23.767174109652494,28.223878093453617,252.95237896654726,56.94234745441134,34.56974013282537,39.06378610384073,37.36064103239735,36.694039993755744,59.42504150055559,25.254362233352108,50.61811506021111
44.57476958259976,12.550066054411252,29.22843695700596,25.359947465686655,211.5619144517814,51.68575657966478,31.38532328853764,44.19298468110115,23.019350225692406,36.09104930832829,55.596315972112066,22.760072023649045,44.97049622497511
34.22104793125673,73.14005895242376,51.852489462181936,57.572454543956944,393.8577493483353,71.88164962587538,24.3702734986254,51.49605688328616,23.792982786817163,42.46698632853408,75.07432981841434,54.61836905027792,82.53741018369291
91.87506097490065,18.487121993297315,54.781560599508786,47.842297585938645,303.77105448330155,61.26164979942881,32.80170374277647,37.50574744040056,35.83444569185281,40.66842316390426,61.4623070822923,45.09855191886455,57.718454489910975
39.42730375100988,45.116936063384216,42.51164460263892,42.841083138434485,303.5487953168392,44.75704980475978,27.72392993082108,59.16296987899959,77.01206973426193,33.879672330489726,40.27199777876487,38.809269652752974,28.506499894003014
14.987878030593516,13.085870676119908,13.172158856907984,13.846673617909351,184.2599954081292,35.33678684773576,21.288400830260205,54.245134437687554,39.48711034552246,33.431643803552326,35.0,10.0,15.0
46.19474954182835,31.407311081033235,40.180101057764425,37.32228646535128,286.0073738310569,53.11079187314207,29.442566225490687,59.73051341748048,49.77441216556056,34.85421793196788,54.302195991746366,44.329431476681656,46.78225099698283
97.34719800292318,23.901934205823338,64.53193405608111,53.280039724663276,340.4752890247754,57.515432477529316,31.494907766436675,54.78268886245993,63.33552876883135,40.11917261943074,58.679043336208736,52.248465706566634,54.84539807708737
46.18476187651522,48.04629441403385,45.757805485291215,47.3016813990264,330.00772490141287,49.91368646942385,32.45976697625697,41.04585134018939,90.0824779065081,35.95612229025808,47.93172027995813,54.649594085830834,41.88687439969792
32.26631800098228,87.0350521023261,56.47342578891401,65.12755846178857,416.6063560718868,65.57163477065782,34.64557643671046,55.21516694810014,83.51654183217147,38.94405702442584,63.82844362669222,61.506325801496864,69.16572413383706
70.06285643931949,61.20696640848977,65.06741037832596,64.74932242082166,397.58158772936065,63.24011096524085,31.065882625524434,41.78817290009559,71.92657296158106,39.424056386251586,61.50935133913224,60.70823037688847,64.58685808890627
13.959720268717344,75.33946205470652,43.38014032931235,50.78756534031085,362.67737226727473,64.68996903905813,33.79061234737462,44.959145142075364,54.900270045461454,36.8359724302742,65.00673972425182,52.4147496374799,69.43663517002713
58.23677784006594,25.54359954477333,40.257644927912565,38.62087086289038,282.7465042392786,45.42732686422603,34.41014630171679,36.51250320806628,86.77882406414496,33.86181046994912,41.88001486379962,34.75545358503797,26.90149452580764
40.00435428632913,91.63685792541358,65.07333040474713,70.9838564697798,441.7169988055909,72.94551328378368,30.150220169534613,43.80060264323029,59.41027305169199,43.654957721236876,72.53170930442172,66.99478772809312,82.66249753883017
69.80772005077264,94.18729331885571,80.36409946478646,84.43546401162249,489.33974698084927,69.53295256096736,22.62322750976938,41.53674138880232,69.63759388354987,45.539640970935075,67.02197918647065,90.26062453581977,74.15812400282316
21.842711505161482,18.403281891782804,22.77514336336993,19.779053737134277,214.2951698087408,42.704790437002565,29.046396794993093,38.1030234458145,50.152041266618056,33.254985321260726,43.34833252997252,23.322647104723934,28.564046173350754
32.39435718240691,11.147874811267764,22.093511250929332,19.64646775972342,206.66859849253817,43.09374680653182,34.27973798663399,51.972348518398675,58.58459958049206,29.97568048265675,43.6109170938935,26.737669533511244,24.32297668215984
18.356944220097134,38.02774156841172,24.965501568556444,30.159422629085885,252.53405373591826,50.44579806912151,34.78471469585228,48.32310670719856,59.89038248787624,35.33831649431765,51.3626385890418,27.18390543584727,39.51598120472793
38.77081014162742,37.21121221280891,37.21264094517465,37.83505138433631,289.42530000733075,58.43664034206587,29.59725871733668,44.457183039483525,29.990744310247152,38.45403678559625,63.79848963354409,46.49529784117672,64.39300819577637
86.81162909777848,54.49635028486617,72.4959832075589,67.4224618100311,408.70139745132167,65.54717348438787,21.172878976560604,35.77068934608224,41.34060392577003,43.29782810949572,66.61081814494628,71.52110346848616,73.62939516074387
21.048381511065983,95.74971532521515,55.26340489315182,65.86918179955549,433.29864814071567,78.19844994244426,27.95458338948613,51.24123262722315,26.45241177747074,42.60313470971903,84.50251141696972,71.77163618942029,100.0
82.16594018089714,13.700527426346845,47.918273352006324,41.086692528166964,282.65872328453236,41.83112462933617,22.289302760184682,44.233127158794474,66.02284272420378,37.34898611203538,39.780282229422475,34.73464880826981,24.50222798798917
42.10437737828629,67.04593200078943,54.30460741855832,57.06931015178817,372.8849848762202,65.11689858189486,29.929550655913374,51.69393912046466,46.89661864651936,42.44887550198637,65.9175221386909,55.19840877183726,69.20827741934389
39.158995248795904,70.1339982964295,53.8139945821803,57.74399707737606,389.1106639441461,51.047918460232225,25.721122266524002,47.36839183494997,90.10474366162258,36.498816263655726,47.7455433583419,62.796066208629334,42.47164458210562
43.24985080799242,15.521271962961556,28.10000352395353,26.612703500973904,228.34138326026644,35.0,20.752691112747634,54.74306654169476,94.83120417576505,30.075256340078834,35.0,21.9737829556701,15.0
44.08014820538604,68.71243429081221,55.93255861554811,58.85951985664174,389.82888829271695,47.011736171301315,19.04458693222339,59.41170031166682,90.5377964659552,38.30113219582231,42.205894873629774,63.659303228810465,31.833080590448787
62.95899258719936,61.77456162048561,61.578471336554834,62.24833400717111,390.27533990952975,64.02894824430349,20.15600838335712,46.75227351686834,32.199561132911384,44.05613129691361,65.11627050411573,62.652292155781005,70.3292227484367
60.774381892756004,40.74779598138667,53.185183989281896,48.7584303459344,328.93416389422157,38.15861738992394,19.34776483873026,51.9755168093974,88.10139090662467,35.263993905568476,35.0,50.03341409930739,19.857022316175186
48.08389062208006,63.015504350376126,52.19462072758491,57.0428588590577,384.5580671534119,57.86361783289971,30.83727149656833,52.59871754850988,82.13290032042431,36.299543950607195,56.36570928943973,62.51866091765886,53.764769636535824
92.79745492120998,21.06677988734746,59.93318635324794,49.75904990089247,325.40480854518324,59.04268403278298,21.011609894784634,56.661981926113555,23.021413908349885,40.72696916608497,63.186295052865205,54.25229219431697,63.594871435200986
69.15806048188912,52.83373765851209,63.47329936032772,59.363466787862905,384.98612698220427,63.639610002137715,18.375124527598945,64.47563816768115,26.459910429776023,44.200716976022804,64.60732305703884,58.48874395785634,64.00379771151023
14.801755928877508,63.35204142962578,42.29612488813704,43.93192722932647,326.5008784882209,60.20065224841918,21.67765721972406,48.27732037798446,23.627203328658567,41.05679806208023,62.97259392445562,51.57840998352414,64.48137535768618
80.38093607122893,59.36714520616468,72.48149910709694,67.77266155219039,414.10447360447756,71.87333900745696,31.33489304461755,52.9568897965328,51.06058011617496,44.656922571892444,72.04092438464639,61.05243840983117,80.53035164491268
26.265779019338197,15.30325166442979,21.619389899602165,19.688262606393153,208.39419210156558,35.0,26.897823305674137,41.80317875958937,69.98914825197761,29.052708819686693,35.0,29.364864289385174,15.0
27.80186752592192,44.41692807691403,32.51859944638116,37.77090385651719,289.4646651635751,50.39723685948054,26.699026600949914,49.498828548989756,48.70880753022804,37.76948067829854,50.3097009818432,34.132542082236064,39.25073340335993
59.80962139012824,88.14498264315667,74.44029142192304,76.8108381419453,476.2308238336254,78.26701423263633,18.827812422798807,37.94023054342223,23.304939617778604,45.77509662313984,79.70403235957288,73.13804765761795,93.10441638730772
93.24543830641274,84.95271852188391,87.47197827140506,88.26980643569544,497.27722859054006,80.5914900614515,20.888080244723973,38.80833241264918,29.246283447421014,49.153901494722255,83.00720895521532,89.8656078861554,100.0
58.81639868884717,16.83146750809768,33.85743264749608,33.62543998039748,257.9254446118474,45.21487264240842,28.9109317856244,47.32366429998835,56.72330570240245,34.52150434186361,43.42519112886735,28.564073196212405,26.248368204737638
18.66132864092045,95.14811861615213,57.69960142887361,64.55340262605947,433.0838700314679,71.01602130680779,23.361183635523997,46.79441388482046,37.76929954225426,41.568067298214444,73.77870655865155,67.65714040245659,79.77434234582928
91.17421696173895,16.47341035230149,52.068620162923544,46.353732996076474,297.05092413913076,59.939341304780726,31.301238807617395,64.77543860485915,38.05028860678648,40.651027507142224,64.44759825023338,59.57891694815227,63.821195516619944
46.05121249774168,97.06163949886368,69.00356120933387,76.65746869841487,479.59935833548013,74.9879708367685,23.68127614094287,56.926110373284814,51.50082532217471,45.05801614034345,75.29141679269974,78.35608799528866,87.84558264523595
22.318889151515133,47.00785255363858,35.052078173014365,37.1322671927892,289.3372336318886,56.565213798049854,26.833398488651127,64.89578926395858,30.141298528464105,38.459619081482195,58.57822459348782,35.301058705398304,49.34484163776336
68.89127463338826,53.05842604759761,60.321966607519606,59.39156548191387,373.4126015596799,69.13203663591237,28.094270743038688,52.26780285920246,32.109337554818005,42.38435675170937,70.90677475354019,52.40689502457408,76.8712347664412
59.62257705287541,33.24345649346656,47.99264172791536,43.7951047172301,305.6049610599231,51.629350710553794,31.53614136075858,57.0507555856947,65.7580941527176,36.326986206816464,49.88194813416096,40.67461115560155,36.85585613941092
62.738337256562204,55.71999911416213,57.534644393038405,58.52733437112216,365.4036901831637,53.768142238734214,26.436066772313836,43.56877965686729,75.09562255329013,36.964148818465596,50.270508830921855,54.0712418705884,45.62876532062009
45.84816613072925,56.402554911162966,54.297957788698184,52.18079939898948,346.8988078115138,47.90064638085265,18.383596698990903,60.84994654097303,63.28378117909298,39.979707195297614,47.1346576918985,62.78364000114199,44.02186401528114
75.98767395336765,91.26069055319718,84.20116596306006,85.15148391326537,493.1695975415607,79.28385364560725,22.56955945551337,40.95933730692217,38.51427706967997,46.87784609274812,80.53739848577234,77.37163378167583,93.69881273212911
17.725364861118077,25.2928219718316,21.6537134007976,22.26583912754619,214.67117201059784,35.0,22.815834859373815,47.00938508518982,80.88995930077849,28.48273640764932,35.0,23.265913383404932,15.0
92.08225863730756,11.792268556486794,49.16753324100291,43.9082645888151,295.22699324604366,45.702741000910684,25.794815557179263,51.93771916800391,69.72704027923606,36.79792140518299,43.89813061456085,47.1557514131113,32.08286203679621
29.417293246713864,22.293151089482002,28.72811622927326,25.142807952374746,228.34979468395642,36.09046461695066,29.47318445192063,42.17199152225089,76.85303157584124,32.42319740330354,35.0,27.39726482843732,15.0
95.93737005241557,67.45862935819864,85.17435075103123,78.8501256358854,453.895066648329,70.86849152878658,31.292145520947123,57.97575931654226,71.87417388999062,45.459649629762744,69.02400667867774,80.75995792350588,79.78819270346229
28.199974595738873,54.89657880857263,40.04579459470878,44.21793712343912,321.6511672545728,60.46783943329862,28.968715789359287,57.356442280725034,37.41685181760073,38.35589946433636,64.66052600046675,52.33042882794419,63.804824512307356
90.01423711045533,42.95066452592733,68.49268221318145,61.77609355973853,384.69437422308886,56.04562122169133,32.38411157901393,40.48440165617678,91.7218911135021,37.759695055780156,51.69294620236468,61.66096928750602,47.37064453439748
37.89095071552076,81.98554279075988,62.94215595630749,64.34770596066423,413.28950204022846,65.24471744775788,32.597868061157754,60.71692812109373,77.34882127886551,38.555370065097605,62.963399666997134,62.07753805906701,65.69276460737179
39.182282721489386,54.55155925134398,48.03272133322512,48.40384863940214,338.10651067749296,42.08892088083593,20.039200009426487,44.361921339560624,80.17970229152243,37.68014270172875,38.02975065069056,47.75935271881119,26.390559860150486
81.45126864813373,94.17172349810778,86.31485245735135,89.08354155811816,523.2082574987427,69.7621623626828,20.23867735841552,56.151227190607784,75.64832971354895,46.25740573050736,66.76629487657368,92.96066022356503,78.53535556678281
14.719861653833114,73.85438416446019,44.09092863100852,50.200575160209354,366.78753830749537,49.248786305549835,24.517751397990402,40.048357655231385,82.73316443524023,36.621111906987124,46.925687800132536,50.656079493239965,36.3321661826638
82.92639057598456,83.83108169579144,85.0538467104831,83.46920524786869,479.66203179688966,76.14963813329562,32.26051565236917,55.130389415987295,72.27681245032247,44.033011520120795,76.32339288594046,94.94304820560761,93.886066400961
45.88446702774232,88.88785221445261,63.763733234676494,71.68649813976849,458.4100074675696,80.58783332567481,29.545763661432566,53.941279329301295,40.291944236599356,43.54284120677783,82.89780503794779,76.6691213092514,96.46881718369036
10.942946197191588,58.43890299435732,38.497155144165916,39.440520275491025,306.1197192634377,48.86578283717548,24.072269677881764,45.322748535483264,59.04078779786438,35.71631097047605,50.11353788960293,37.92571339111952,44.267567683416495
22.17670033540898,97.46381914102435,57.8200428651673,67.3489716187782,431.894634489613,73.07706275349368,29.27348623257855,52.86099110470618,51.13592404945593,42.41466876769744,73.80314714201289,69.90010984462623,81.18894096812639
50.30651825938044,32.841601439562524,43.59097451104728,39.82756816748969,289.9100214007182,35.46110876923826,23.45452722674734,52.881503472828506,94.68008390384922,32.928707403166,35.0,48.963875692274755,19.422244458776877
27.97330536042174,47.2638677561639,35.37566598704937,39.547642797867034,290.1871490416176,48.1871250302419,33.55502614170796,60.31638233692787,75.67191736152103,33.317986409193175,46.44351263403361,40.29474016541302,34.49907144515072
20.48437913565224,55.602961045157485,36.8343253500739,41.55552828135539,311.57876913600535,62.89933482881603,28.562620610647024,56.561543397866075,28.29526991548706,37.02095555188513,67.85693604823615,45.25756389324158,67.20334581306432
40.02951157867942,49.532323212174624,46.18561158396653,45.73119855877654,324.43605478273287,69.36741438452314,32.64457666236251,60.9810702513727,20.743302161836525,41.51358473591672,74.40284702719235,45.68036995506266,78.52091089537707
97.30793627411528,86.32022408992121,88.59301533234802,90.71530896359884,519.7587314770927,81.1192641605597,23.87485295980382,35.20946785641044,50.26107267702497,46.87549984472963,80.40758383623931,82.58731213030158,95.26306211016394
10.052618617461988,37.39590435232461,21.653583199355392,26.45859005837956,239.83899491339835,35.0,19.159172536012868,40.61372811231505,61.66621774142149,32.053036684880766,35.0,31.05864735840654,15.23282614959715
39.05372362777319,19.505262656210363,32.90671617704854,27.324647044835494,225.177478384382,40.9831874083677,23.060054718660766,43.94198603510013,44.03009646051612,33.14616200611216,42.63607998594577,31.904698643790944,25.159797267617947
20.898450350111936,16.277671745773134,21.863497077429546,18.125983187508655,192.07825219802382,48.30017068389753,31.961252627514973,51.33892613321407,25.83923897065772,35.74236994935156,52.387305648255285,17.11139587245643,40.998540313016974
92.26200553936494,90.91899012237735,94.14749678725231,91.45619628917238,529.7413257321485,82.12735959289311,21.3867346592303,43.52552887135187,41.67263936907939,48.29476775809837,81.82260025729668,91.79938153131096,100.0
70.82970641316706,24.91342199810108,46.35403206247045,43.27993576412747,295.8054089614629,50.29089104061346,31.539489545899116,57.18407699716182,68.41507673078917,34.6714727719656,48.419628378846475,42.17672201354861,37.166614747882264
34.11095275335752,95.05280258671755,68.21093853267504,70.67606265337353,447.52260870656954,65.53345956804274,18.732701852121508,40.37284817984545,49.416334507515515,45.386545815017854,64.40832404186985,70.20294369012709,69.70181149049802
96.35066681043236,43.96386842071301,72.35914392676514,64.91858777660076,385.7298323885558,72.4218134309698,28.67037091169975,40.7604825422011,30.95157644727219,45.55821975334292,76.34872595190079,66.31354675034314,83.6026852093179
65.93678833182997,41.68024183888701,50.99656933850794,51.38286043606419,340.25183254921154,67.70202473118077,31.844526651374387,46.4637048337992,29.92015363238613,39.69736979459453,71.0742122020074,45.842945225849654,70.3285683509465
62.88320263931927,71.95110767946649,66.31717103564498,68.3239456634076,430.00704356944016,56.14865779622174,21.469490239647925,49.07122242554462,80.07040411560727,39.34627030763157,52.50634988108599,66.68423606207081,48.210678163074185
14.905195115694873,64.27333577778242,37.515695975324036,44.526079512947405,329.4486997098742,53.20437542763865,19.369873808870732,39.41489753284836,42.348292662188285,36.766912082114,54.454780631178615,50.261386402149554,48.81629839016927
20.845776315664526,37.383438963537415,32.523084118147096,30.76837390438826,253.90678829210736,45.386947395514774,34.41914943521165,41.173831309682654,75.61745813501221,32.90635466775368,47.19783013716531,38.494659753161976,34.4799229594319
90.65104529816526,39.17759969765304,63.89098053761232,59.76697793785793,371.6996735029788,52.89236913004311,23.759999201187725,63.56187339917008,75.34458267491001,39.51088550262962,48.20270115210881,57.62165855335064,41.316905063725
75.46365648258937,91.80951476378154,83.02674658263284,85.27117145130467,497.26648103796,85.12722336061765,34.34636244633863,48.34557298482623,56.678630033696244,45.63196680595895,87.55816719801454,92.8378528430833,100.0
48.165101156193444,85.51398792215755,65.74558735258199,70.5744332157719,448.35785258354196,72.17090375302229,33.99686948376543,53.69631119204021,75.62204655889167,42.697000830923024,71.11107667064992,75.90878365765211,80.38369033328067
45.365111868833075,69.964304450784,57.26751124605488,60.12462741800363,397.39936528264826,68.49125357380457,24.068701300967284,54.04232423312089,33.9814853640481,43.506376949416776,69.09028744524392,56.852617942161054,72.61556489671217
29.010766754590353,96.0871359429565,64.26995150730852,69.25658826761003,455.3361231685572,61.929290608703376,25.260785771125835,49.25301022075161,87.34664121387644,40.34891548274563,58.85799197021797,77.58059741381228,59.459002590574364
20.86358819131125,28.33222319304959,20.60545301432147,25.344769192354253,224.6922486798882,42.55549601472406,34.6138249940078,42.27061085410287,69.74830321280015,33.352383760492366,41.62781322150681,27.71443968841101,27.40776645979656
77.73770281142367,96.81152272394232,87.86311900789667,89.18199475893486,515.3372215651315,72.7817698798628,29.02389746730403,37.05322127727878,87.30479887411897,43.11317898238894,69.95465439077527,92.47395731854732,85.51091526710131
44.639925784414906,52.13577368437691,51.22422888001335,49.137434524392106,335.4034709565109,53.208594347927885,32.784044641806915,37.64403292930074,78.25988279064731,37.939635504333424,49.84638950342775,43.096540406164166,41.17267830164948
65.90845451033225,27.48734005910279,44.391864181136874,42.855785839594574,287.10064758002085,37.21522362664082,23.475148098327406,51.79233984001025,84.34511854979966,35.34837319056156,35.0,52.04628937940275,22.049251696788485
32.783576181796285,14.701575086460256,25.551254445999078,21.934375524594667,203.15107191781968,35.0,23.14717718062344,50.97412723651692,62.331244083481074,32.24139587668088,35.0,29.224501902416293,15.0
62.071093262531235,27.090079853134664,45.91407177297306,41.08248521689329,292.0366019825217,49.53465558618644,28.24197589777353,49.693576039647226,59.64924529919567,35.60397723225329,49.56722731319991,41.702848845490756,38.68015258483901
26.348372013486287,17.56199980016251,21.445154117681657,21.07654868549202,213.09132389802255,36.264677208731186,25.441186023870202,43.30262395853926,61.862838791783055,31.0758229491144,35.717365958870616,21.099554120977714,16.217391815976043
13.230739026509864,52.25444153788496,31.43317743636008,36.64496053333492,302.1361288523648,36.7783772697477,18.204051463635604,51.584446271550476,75.54976857999695,33.957981781030085,35.0,32.35089689373147,16.53298491511968
64.048389500073,31.05827066096815,47.421314761375,44.254318196610086,302.74515187573724,35.81335103110671,19.273229314033724,38.184810606424016,82.81043897140809,34.07039469436793,35.0,52.13126556689091,20.7692403745266
20.490518969970456,13.245033523480043,13.28972786402299,16.143227702076206,195.3949287104272,35.0,20.005532221677047,36.35454093236876,52.84249153571842,32.70008465936739,35.0,12.772274900385073,15.0
49.518909243869075,61.407564176704895,56.030493140304145,56.652102203570564,369.72215311770526,60.40078557194412,23.364064071273305,38.198708568097935,47.509874048470124,39.06065123639977,61.669564220636005,58.05476390634686,59.88959428686971
65.50779697519062,50.55280990014909,57.88644215588532,56.5348047301657,369.12307615621893,46.717779196683296,22.792612045153277,44.5411883508356,89.34813433464775,35.51470347326852,42.87439208944964,61.510860842552695,36.22105990377386
58.083822530667625,32.22723195141261,43.9017311535557,42.56986818311462,306.07427933643663,61.417927933878794,27.506708240063787,50.4422658127034,27.46847851550217,37.232005344865534,64.57445377228969,49.420086488969574,64.68733820355513
92.06587036612456,61.23420751677035,73.65896152045073,73.56687265651203,435.4625381263291,64.84062107494367,31.027902622779088,47.192496097220555,85.98783109561009,41.90041731021329,60.329445368898625,70.86635718851811,63.847799360075214
37.252870577256644,27.959750394468667,35.87692246759755,31.676998467583857,261.6129961446265,54.007084411625655,29.498772271470102,44.02898958894865,33.80335790376601,37.29047538252282,56.22304974965298,34.49267574342515,47.77177797715675
51.23301552401985,23.16829173573712,41.077889450605205,34.39418125105021,256.53563318416275,35.0,20.216003210735515,41.10604621660689,77.67958498697932,33.05437571336007,35.0,33.164787472298045,15.342558926318302
87.90102132626573,17.71688451601198,53.11585773794704,45.79053924011348,307.2840426028036,57.92066667651725,24.595536824764068,59.886974942851054,30.027174079957717,41.41332266509955,60.89098571587778,46.62572424374526,59.11021146478061
34.24987631520771,39.56335446349419,38.51308273336487,37.437963204179596,291.73367709634965,47.24522845518388,33.79985922543561,41.144072271686284,79.8498526414418,34.802547907192015,43.776311984094356,36.56721015543349,28.24859642935904
36.79515734315467,97.48227228036838,68.28093411960096,73.2074263054829,465.8860756799031,73.83383900783015,34.60249983435516,46.31605347372916,80.13801263396044,41.432716629707386,70.32354354144987,69.82622026427077,76.765561664267
63.522601155447305,49.567041595179134,58.483780872031474,55.1492654192864,352.7576138329465,51.06843347195848,18.993785783026908,43.99788192419199,55.57314986513227,38.359066611803144,50.43902118391353,62.24045933381785,45.944024677747
61.33103784021,88.7065650894446,72.23274476845172,77.75635418975075,472.84428742268864,71.83826061039696,29.30056648348439,47.580040412578654,72.58231905232024,42.9427385715236,69.74864383244288,76.34734228631713,79.01789747564715
47.024817506038275,54.67314105673391,54.12842054666384,51.61381163645565,353.89347225394255,50.257975244901274,27.8951922291118,58.93414044023218,84.82746998419799,36.39639324823347,46.935526695060915,51.40196958374729,38.06413397596645
71.35063037755083,17.406852892518433,47.282418621538774,38.98436388653139,273.8803911222531,41.158541635185856,19.168816409182288,51.49151765489933,51.28732092317766,37.98457200063319,41.49015960423735,40.099820011830865,23.536294139565648
51.30780209505471,86.34934273305652,67.26779740913612,72.3327264778558,443.3308174364601,57.63527520824175,20.194211197824984,43.93578195170634,78.50360652800326,41.51941676366906,53.357723992478945,72.89433230520486,51.32767642551312
92.71334481394238,40.52937742051217,70.52635372486436,61.40296437788426,373.17878281210017,57.2433754838714,21.045786610932566,61.73420275380528,54.526652985112015,41.98520529834368,56.1679635451198,56.542202386870954,53.19183429019755
63.31891973579451,48.12331025062732,51.93796821190078,54.20155404469419,359.2942728131592,42.22484812443203,18.17872481720811,57.85669683132452,86.99783703410921,36.69587461133267,35.0,48.661845690119215,18.673705078509503
88.0933591125917,89.56008244962915,87.5132516982427,88.97339311481417,514.2536762533283,85.29513917083469,33.75742855647969,63.86175496824055,58.171928031653565,46.73169146386414,84.77961849380667,80.73907382334994,100.0
97.8937783517776,14.892001308744163,57.02122437588913,48.09271212595753,296.69880786114794,43.71822040037761,20.626854109838824,48.186888253186964,58.2845098509831,36.952805513090105,40.59861452122621,40.23482173256164,24.880531697999448
95.05714266548787,94.07895696885087,93.24707613826524,94.47023124750567,536.7730767916763,81.03415528845913,33.46312164888605,35.1855146792269,80.80126777531939,48.11282766358137,78.48886593844668,92.86791849870745,95.27180459782764
70.97598417017956,75.25127365417517,77.077001015581,73.54115786057693,440.69941120909226,73.10309283007723,27.14974173176408,50.99970643578815,50.423394458542816,42.82183074801318,72.04200050162844,65.32839109241132,81.75212390514233
63.08559719619463,30.226233766809944,47.00621204463626,43.36997913856382,304.21231457470725,48.623004390303066,26.75783948257201,64.70855511754823,65.85062421857947,35.75724032336636,45.87320044255234,41.38839730572174,32.45457370975953
78.79662468172792,53.09139986254326,68.29612787426329,63.37348979021713,392.1474611976136,66.2910361591327,23.81518038917844,59.29936231050417,37.871725291481866,41.8099616497284,66.13095125892028,53.82243014628478,72.0444807092572
49.205567675398186,96.06019780103007,73.20247620991745,77.31834575077731,482.46283449941,62.26633949789066,20.370654015487723,52.07619389388283,85.09847200481772,42.53458133390518,56.63853796378454,73.53271151669706,53.818402771350804
86.30129604934737,31.71558190937003,62.74231279963956,53.54986756536097,347.3147511588855,43.73921644063594,22.20973793221446,45.441558664319615,87.16668056554137,38.67412530272053,38.4314217122502,49.03891536300014,20.915797848221857
70.52369016018466,34.339231868373204,54.323246411231516,48.81301518509778,314.23138730334335,48.533592346885484,18.83800637699508,46.588631154366354,46.51048940455404,38.280557049825795,46.80301465134243,43.78006310304893,33.507687140649274
60.73595911570032,97.51732838886616,77.05945396376934,82.80478067959982,499.73671536830096,89.24429575348792,30.17173979020931,53.219732503791974,26.643375472748307,48.7930708150024,92.26884176042081,72.18636559297568,100.0
28.565350374555635,84.9043586713069,52.9776849671953,62.368755352606385,419.3272634795946,73.29289458172923,25.825593860927007,41.52763819794934,30.0333608745476,45.131685977939085,74.55672370926447,59.536200376449024,83.34798545524215
21.056627332283632,35.7857905527011,26.33122311118056,29.89412526453411,250.51834048429055,47.70274720873101,24.98945372015978,56.120943577749706,36.308969916292696,35.13870548370601,50.95720939132547,40.822683587604885,43.105395988909116
15.987283640066932,38.2044682571356,25.230232344071915,29.317594410308136,256.2254304857457,40.274755333668935,31.22137447115248,60.74968816636574,83.36480640578813,31.219388502697015,36.86225660215841,27.335616809425865,15.0
71.01722338965902,78.19584707567373,73.03929232043664,75.32439760126785,459.9570493140003,65.05790418006272,22.996584928583875,48.38979079959684,74.52638952606004,43.38093722709328,61.68478767256013,70.74369001836114,62.90571945075075
63.65200792826841,91.44376244961266,74.79878232209954,80.32706064107497,487.3683915392986,77.72689755785102,27.660566476569063,43.23997609363716,55.58261856103805,44.56045024443264,78.52350918825525,81.1780708885418,93.72829909658871
14.50256456720188,30.72441156197239,22.549501900043797,24.235672764064187,228.03265687510307,39.01580643246781,21.0899811619403,50.12398525755315,44.21073450858877,32.82741982010067,41.64780452147412,35.626888116975564,27.81017430083699
19.346816827784146,79.05307564780269,51.663604862665565,55.17057211979527,387.21181250379186,49.17696766549861,19.9374200810271,54.317238712032946,82.5743596812049,37.840990696737244,44.211349378947645,63.76260748303757,37.45102818146132
17.16735473442201,48.71629889627988,31.283067596690206,36.09672123153673,289.8297945547904,35.624903879794175,20.26807770389452,55.74930205919955,79.62586526963528,32.224627248339885,35.0,34.477058726775645,20.203403987549674
19.390640081007177,67.81048460136961,46.54455907634911,48.442546793224636,355.20527352317345,67.56125415954152,28.64293005267362,37.25836149955021,28.429777038200974,38.58021407989264,69.98703751717805,46.411334548876994,72.73519878685099
63.7130932607889,84.31266692578365,75.69569209898492,76.07283745978575,453.5624110063882,72.54820538214634,30.51064690835713,43.25296644677373,67.93308852460298,42.66522505375658,70.51780635202758,75.3256800297303,77.67972939262745
91.89915848949104,12.193352012632717,53.61976715404745,44.075674603376044,292.9336379969775,43.58901522763825,32.21843581597679,64.23317931915426,93.17014393674893,32.50414392806867,41.89555623539993,50.72758303166635,31.229810999349056
96.45846709290981,91.15185268901078,93.31820517739911,93.2744984505704,519.5086360389839,73.09282326331216,24.158989330003482,59.79170934801665,72.61243260988745,46.54876967271032,68.77183362347546,88.91564501036252,75.39053965281795
91.71288689468396,67.05666321881219,77.87799838998528,76.9191526891609,451.06064554504337,67.5122097293688,19.12294023297672,64.1770470694921,47.00449264480445,45.07332359968358,69.16482141695623,82.5433379897394,77.40048585958856
37.77882634243781,21.147359567562507,30.707172729769056,27.79994627751263,227.7936367998085,35.0,28.160599703898804,61.090876545549015,86.81241112172252,30.967146332794822,35.0,32.402937491071704,15.0
82.27082899281041,31.77429985981946,56.392971479381856,51.972911513015845,339.298708070018,58.792128138620996,32.9110479502589,42.29539940792678,61.29279759060232,37.3005893281586,59.52555711145484,50.91040468956002,58.209454132175956
18.039085359672914,77.34154289236349,48.34979474112457,53.62055987928726,368.6390518167883,65.52756517627158,21.199947396073775,40.52745954718023,24.275179066395047,42.20570264561833,67.38736842645467,43.502289989226426,67.53408114300828
38.75302237003976,41.11568149388727,40.705123911937726,40.17061784434827,292.9910272172465,39.609479917038,18.45234222332063,57.05685554304788,66.92374347060898,35.80666044433054,36.29880863437153,34.88362855562878,16.430615380032663
21.42741718077353,70.181421425732,48.67322015911275,50.67981972774861,367.84713983770337,70.15859560598699,28.681900998340552,40.52303970082871,27.923775908669803,42.16706215355814,74.23734746501027,48.96499389696534,79.68571037643744
71.88839604045575,84.2667845041926,74.5273015160032,79.31542911869786,477.8993851655965,77.50661473460451,32.46449687447562,43.58405127374943,68.03354554949397,43.2633590175019,76.31417857606927,79.70994327442068,90.43972937225753
25.478344940842263,30.949110308953824,28.168694113264106,28.760804161709196,256.59488222925376,35.0,21.599144326515503,39.32720063354311,76.9232623890523,32.17599405378756,35.0,24.67116411327116,15.0
30.493364861359723,23.9516781499959,28.689956826935976,26.56835283454143,236.6811051225205,46.731428149822314,30.83206679215963,44.28387729338547,53.597874228664246,33.17909439062764,45.561960094958536,21.414788178210834,30.433656921229524
32.20440149520958,91.46080469375538,59.95808761341259,67.75824341433706,445.0146346778216,56.12674327992622,19.75907608199194,54.696881071989566,88.02391388286827,38.53989819411761,49.69382015061222,57.979768877732084,43.89660787286682
69.56016383944413,36.84123141874609,50.70711782843196,49.92880438702531,325.29138185279,56.921191867955606,19.581295957465475,39.316038990299894,27.849533025986084,40.448148498032914,58.320555334948615,44.21100708819781,56.22687163734135
57.28025928278735,70.26405944994819,65.23352858606985,65.07053938308385,413.0398696402603,63.359488447260254,22.523723265134244,36.17019262288454,54.16750864925816,43.54601351110061,61.9035205052557,58.76448012382231,60.789453186155
69.33783448560217,97.21603481488678,87.16174052186688,86.06475468317294,511.33951694581464,85.3200028450978,22.1414514636973,58.95667514391797,28.027185065827858,49.81486844171833,87.95597303624395,93.68238124431814,100.0
37.31263824151456,77.8295362200789,61.06049974412877,61.62277702865316,412.92064346390373,54.6768414451221,20.971281842873875,61.24230948969698,75.30735810703416,38.54377190050212,49.77412975247216,51.956326670325296,42.18813734137421
65.71972339082797,74.17386481991059,68.00401291424204,70.79220824827755,438.578804661224,60.151445224978794,18.478065606724705,46.259640373190415,67.00650114067484,40.79815198553236,56.938355081733164,74.28836115187825,62.23749936185646
19.455648631343916,11.505239193023051,18.756959331225893,14.685402968351397,177.4642422158271,44.05784287068725,31.934509047267802,64.980509014166,35.857344349918336,31.422884069777268,47.263459530830026,10.0,28.423487826176554
21.945635072791294,96.9919983941571,63.18364260576208,66.97345306561077,431.9726089091079,70.2458146398015,23.090193121652813,38.00464992520301,40.37881991736348,44.76767723870611,70.5048667715099,65.70293579543299,77.23919165421907
46.622163283741884,24.82192770125703,39.61145987076902,33.54202193425097,267.02580130957165,52.13842132998961,22.78511414166563,37.102060871635686,24.246916803316854,35.921004079292,55.13559981268681,34.063161629893,47.787195685124956
84.17920245614535,49.6839091675229,68.60022417797673,63.482026482971875,392.9198774184471,54.70634024230621,20.957383000356756,45.83648176927436,67.7976617403518,38.825019319763136,52.25080853400991,64.19628154793227,52.11604568325338
48.02192108586236,80.8787743131541,65.2136661124691,67.7360330222374,436.2846471606259,63.93117425739808,24.986023389951868,53.12913259464437,67.25140104641206,41.19134694838116,61.63521356237427,67.19400905786348,65.22983167817992
28.612593936795587,75.50715063791984,50.62000119205685,56.749327957470136,384.82419500546507,48.67663819106953,20.762688110056757,63.79237164385908,83.86860500129279,39.23052224240002,43.95171247461504,53.93091464581191,32.067865026621
55.585350703949736,10.664219497132526,32.506278057800536,28.632671979859413,235.97035794921715,46.16670988829797,25.52579293344641,56.96657618936666,37.47642232976261,36.553642067114964,49.4112038157309,40.00237717324542,37.65146221866019
65.26668088211926,83.86462379590746,73.8906745952466,76.42544663039219,457.3893154886897,77.68941136027831,32.739197317480205,55.07804875252505,53.60641154623074,44.47668611610503,78.30114610190354,69.10196226192247,89.71296249391925
52.75793334468596,60.360809079549796,59.89341923706785,57.31965878560426,380.65578088901026,57.804971656041815,25.669211186563302,56.560977979183875,63.967662408557125,39.462380134953364,55.24621982133354,58.21052920945144,51.96319737065223
90.50610918694561,39.85120640117488,68.79676991032721,60.11316751548317,368.9494739785735,68.86597097167528,28.736254437494726,51.28821333467983,29.703546272502567,42.35189802763785,72.87828176365385,55.560963962649055,76.8248944057866
24.481813141781473,46.163568555775335,38.735373914525454,37.490866390177786,296.1064101495086,57.746365657094,25.121701621479616,50.51816509262932,26.315975838282377,40.08101612428097,61.89735663780497,40.92868815014847,54.81553677341043
19.63444821407147,95.95946352387493,55.19523577204013,65.42945739995355,435.274223820037,59.0357264760968,22.172725863161816,56.526841479456074,78.26160254302107,40.827231340193826,53.68263878703938,59.55908674190867,52.20881700664383
28.66314889800924,31.270793538828066,28.217247726842928,30.227735682500537,252.05902885325196,35.0,21.983526116058954,35.58954448240544,85.95447926053966,33.636182834830485,35.0,35.878834541687944,17.523504482753577
22.90153043168028,24.210305093676418,25.87658376244985,23.686795228877962,226.9665218659847,37.8123621915674,18.76262947967119,53.67640971386845,43.16882921328245,33.23248923517394,38.48255434438642,21.694614432134067,17.90138194263335
77.92157110024968,53.06507654621905,68.67358243541103,63.0076743678313,397.4349138341715,49.531349555682866,19.486085733808427,63.09479993930677,81.91511311403119,40.47372216905106,45.881578638374044,65.94890159758944,41.023538875492285
35.44522943196529,94.75114697424681,61.497069374299365,71.0287799573342,444.5027104907433,68.2032835885224,27.138879346875743,52.27377413366929,68.38625624756776,40.22330760806997,66.28282764686617,71.21691157655928,72.62582107949923
82.3938572262776,11.182027107813628,47.124064554883425,39.666759155199216,270.93721419507847,42.07179885696456,26.482455051753483,37.16639556005564,71.33265208019806,35.032956507162524,39.39884621871753,42.25435965098635,24.56209893256665
67.04661195884833,25.342386227359796,49.173655599942585,42.02407651995521,293.8229092351114,43.797246294099004,20.67246602046822,63.87014172443621,58.87740975014905,34.826697861864844,42.42480899600977,45.86574648140678,23.90430906879981
76.30585327929029,21.789888414431466,49.423194957205865,43.596274360375,295.30345043151215,35.0,19.521043087776583,47.539522565207406,83.99635989254014,36.296086055857934,35.0,44.23953910014608,17.746114286027773
86.97941350475142,21.472330071541407,55.985846209165985,47.675163444825415,300.8317648508667,45.44862855782534,28.59334351371303,45.682018973574344,79.16854722244003,35.089813975367846,42.567353633724544,51.58103272787887,32.26864224650555
21.18572319629811,48.05122512701437,31.90535650953702,37.30502435472786,296.7460255559632,53.794267517646716,30.900758285105145,38.17389560818397,57.96048895209832,36.82876646597594,55.31147363191323,42.4210292214678,48.61123022863284
57.14062940013062,45.082954019391806,53.897416738184376,49.906024171687335,335.5877044427496,46.35564734245346,26.02234267959689,49.70937468229485,83.50887514023091,37.626381473304946,40.87271473835906,49.399399590537854,25.648317883156363
79.86804745497197,53.29696615018564,65.25487118993848,63.92539867210017,384.905427998989,62.194675117561225,22.06036772686132,63.47843515267951,42.882476511464496,41.30842674441302,63.52356414719945,66.0186387761847,62.8912624042005
58.55068873775709,41.73374398474309,49.7206384112709,48.460521885948694,337.1552323419051,59.495449829776504,24.414924112915298,42.74680439779949,38.26002830500701,39.43157100132469,60.81826565895557,51.771772814427386,59.05646077459061
78.27612573784525,40.147233063924396,59.721576212448014,55.39879013349274,345.6530155882316,52.47984213784353,30.613921649144928,36.568373098062786,83.94069836566253,36.26526350580207,50.15267327089176,53.717098365320176,41.90941320098784
38.09182620518459,90.62613873988363,61.3720794766811,69.61241372600401,436.6759961909733,76.60234994178708,26.381512127699636,37.45815317114438,34.698513852632146,46.31391544035837,79.2488692141246,73.01349100551812,88.71100072028733
71.81108745509269,68.64226078516229,74.13967667299735,69.90979145313445,421.8900036075995,79.01774580996917,29.425011545249504,36.56071265088341,28.523452902253958,43.113951387313634,83.17818917937929,71.5721318719288,98.89979430645688
54.85589462535982,36.705970378584155,42.9910467776734,43.96594007729442,303.3356553580565,46.59344367460087,24.391510772795364,57.68930290940882,60.47463416773643,35.14447058980779,44.511060880493744,42.973517784719114,32.883690171384536
80.56067918904533,51.50733891090482,64.92733771553543,63.128675022161026,380.637108662836,73.93851980328137,32.890861377165486,58.49480087083708,32.60885731982938,43.32864217479412,78.31411336828744,66.0742659160243,89.28749013927259
61.01988687509821,58.079336743297056,55.95219527267494,59.255556796017515,371.0416233806611,48.999660726502654,21.18489545255541,35.97412315075245,75.75146716775093,39.86942633767963,45.45377342239957,57.87544355323967,35.55644632893807
42.7630246744282,32.665075164206606,37.62565733082502,36.704254968295245,276.4155356443219,61.80670555321567,34.77168134324855,36.67779050384677,30.663603229051372,35.833151410335255,67.45828887275562,32.55967279826422,67.0475833090601
59.42031667867309,25.202419861252757,39.89289069487883,38.889578588220886,276.54076526405754,55.51823011471468,28.089439068971473,41.30353327820644,28.724879534994592,40.13818447228276,59.70147184411061,41.810236012314945,53.515645688458584
22.81532091007726,72.07141393411013,48.585820150783086,52.36897672449698,371.840360840505,74.58198134817651,33.93717993078478,55.75782089799776,31.688865241358258,39.95983612714232,77.27954154738228,50.29711341597106,86.71263200661814
90.96352462403952,67.87270132733588,76.14146479802099,77.10903064601735,460.84780273260435,70.99701637874769,22.39547348188418,45.11637471218857,50.16953102626565,43.15532144563982,69.73386842596001,75.8382588826681,80.97823163901218
80.67900502368033,23.653746532628833,51.09878527718839,46.46384992904943,303.65992019131767,40.321076171301485,20.573977546913447,58.95360515153571,73.04212462515675,35.14020415956647,36.66104928907743,43.15638620940874,19.133600544716636
20.68072936027853,97.74814100761768,61.459891781451006,66.92117634868201,436.91951865302923,68.61915433511699,27.835586848749024,62.34025448649226,61.55744602968696,40.496057059926905,68.98778881598325,69.02599398431903,77.51922607534556
88.66962905670042,91.86153888836984,87.02437751856037,90.58477495570207,520.4769409904853,82.3108608838309,30.588661860711415,57.707805353810414,65.50371514775028,45.35550261916913,81.40919848010863,92.41432164527622,100.0
50.81526457134511,25.48398855744052,36.84944293009659,35.61649896300236,258.9682089568746,40.57229014009337,24.80560776298289,51.49630763468632,66.46869446203152,35.17209559541284,38.1659901200409,33.77991072965977,20.326224262843056
95.77888715758519,84.9859024164787,90.38940763414874,89.3030963129213,519.1082971581401,72.37895110329812,19.655404394836072,44.091972835253046,67.86683112804586,45.61736217249173,69.81891802900353,90.24426267642697,80.8330989106724
61.996231530770075,68.09280301617295,63.089847060126026,65.6541744220118,408.1205988825781,63.04791595820738,32.34256900430462,40.848283069104795,82.01508853800215,40.13333298141339,60.167897220466344,61.068396965156566,62.63650641896915
48.02622883856978,96.0265785498752,71.64412449503624,76.82643866535304,466.2521547685288,76.27141504793349,24.620389561320444,63.551072191716116,43.979063700489064,46.8558840498068,76.74075414852601,77.81709692103242,89.09398296333379
73.76109600597601,37.72459461224476,58.006234223170964,52.13919516973726,336.7338752660586,57.104052952751694,26.249534619824566,58.33728220245611,48.67724982962209,39.34895233226409,56.1994814473577,54.33453794918811,51.861459431314046
56.13441540732083,69.69473196439148,61.07008925628539,64.27060534156323,402.6804208991886,67.73497728255771,33.86802315939873,56.70603719993266,63.28900071674816,41.667293335486505,68.80135509949247,69.97492141961696,80.47998227469093
58.02597182059034,41.98872058794272,46.65913738597007,48.40362108100177,321.7107970342016,59.15253414360486,34.16266012461542,47.260986868128015,55.001236687314815,36.45953686224896,61.784134025151836,49.96687603703839,56.90680564249274
75.53806438343315,24.97305554065578,47.775037911332625,45.19905907776673,301.9093005394503,44.33523322019049,22.866757655902994,42.42388943699439,68.39282334149988,37.07625411066287,41.42045774631024,45.47537205716181,28.21647035908012
34.08264187308828,97.2204862245167,66.42163265066412,71.96534848394533,461.0463852178369,76.44996147339099,18.125083103632047,50.54617196547562,22.814649314885234,46.284125569642946,79.2648148044861,72.17926299456694,93.2754500770881
69.27766521570916,15.776035878918442,42.25265516865378,37.176687613634726,261.26180448150586,41.39560790792443,25.986673464627586,48.66396716019085,63.66086021110565,34.51308441950819,41.02841204541617,36.86360852057011,25.787538196792088
68.43307606994901,40.11474006734421,57.75809225071746,51.44207446838613,345.5274115650491,47.45520518421767,21.558922789529678,36.18252755361089,75.59815312630717,38.57984517833699,44.947700410581874,52.604507560482965,34.634185830668244
31.70576732234045,50.905712904230455,42.333771313953996,43.22573467147445,317.4822518070606,54.094502678874676,30.62481182458874,43.393007926611226,62.371445573935496,34.8725149553727,54.292978266537425,43.37506928776357,49.425395722552636
97.17656087115175,34.732310212910285,65.93994993542286,59.710010476206875,359.3324941601529,52.48558220549931,25.49025293900597,60.708503896081645,71.3156806391365,40.96071261902492,50.45051735262797,58.081358199954636,45.455039449181015
92.78073651964439,14.252541456645078,52.3344867887107,45.663819481844804,302.9232230736241,51.205201752226515,24.732926116402936,40.97470692791201,51.85956359985588,37.43948520398406,49.33001270990727,35.735502702827006,41.14405135336668
96.97660987149825,51.40970028355717,70.6590577240899,69.63646411873361,407.06451749058647,53.30660994641574,25.413198163728314,39.70707872438361,91.06738447430322,41.10202693944823,50.54098830620301,77.57793487900834,53.293361701041434
59.46873833682748,59.19064621405307,56.24762794214581,59.30188306316283,373.36204915895166,70.31409050734752,27.002071455381774,43.0658463493702,21.577767684535146,44.21154967473386,75.01695485430511,59.72882611383763,87.10698542162271
95.25569277084679,53.094969401940105,70.68414257741583,69.95925874950278,415.3630663758913,73.2352541439273,32.29863490047372,64.9054785284432,52.275738026680436,42.49017285274315,73.64644680054661,72.21957880026085,82.52512390204555
40.56138573890141,33.605338502738036,38.572091352367615,36.38775739720339,286.856007385961,53.72862713796144,22.556802185436844,59.34397817455046,24.151986270380714,38.22563176591353,57.34452255876073,35.87441435437375,50.98875751707211
66.98174201017436,96.23605134851191,83.32056026226131,84.53432761317688,509.80559267789124,78.94632704079342,26.791242164180847,38.51193238945588,59.61332910672628,44.33597705861318,80.04935940200514,96.22997237102143,100.0
43.75759555125394,47.769110318773485,47.480921647066694,46.16450441176566,326.4833592830975,56.190176457381554,23.081744551671665,47.32449186702283,36.327484914292434,41.11407801396589,57.47587166443538,46.102438314137686,52.60015016858728
29.516595290152082,79.4619313158338,52.09866516130398,59.48379690556111,389.31248196326635,71.79530413873736,26.065704057356896,35.299077042035556,26.357461581974988,44.20834187091734,74.74924583679817,57.79850947533798,82.6144998901857
80.319228827932,55.25463414241432,65.65014619436901,65.28047201662139,406.120006087543,75.08481630325554,30.361767765582353,64.42283523166554,31.676944831694968,42.73020658932933,78.16206036594767,67.41098767153838,90.16866526658879
15.866065024450936,98.87191178612095,53.56752609684713,65.66957308145294,442.21287372530463,67.36277810252808,24.211236306361098,60.248463792734455,61.596536840835874,43.12610804859822,65.77979555034301,69.65987244821464,70.88039532108677
63.41363423213536,26.77648689880494,47.534795236523635,41.43134583213711,299.92059674180695,55.738092521768856,22.56618185954816,49.84477854801639,26.458708287978034,39.234746045883796,59.09161228956884,46.38109103197982,52.97233373337885
39.40120938361757,56.442947902161855,48.60731332632011,49.626252494744136,333.9787788749526,61.821986886037784,30.937101710142443,56.39042875585223,47.47147896548917,37.33180097387985,61.83017933949265,44.66603469085847,56.614074862095016
41.34506702460139,72.0341582401494,57.17054049645018,59.7585217539302,390.48725619282686,73.17138237117963,25.14424323072821,51.863326478696884,20.4398545915371,41.82572589235611,77.29563564100968,61.038921147260304,85.3105427178609
90.96335844159663,34.09084078285407,61.49103110870146,56.83984784635109,353.2745529900415,57.69726725844953,32.98905248385594,63.257167617812605,75.46724360834511,36.8138660809484,53.30385878100238,52.830301824101305,47.707307567959134
36.5462772635411,44.17769758288128,43.197183529816634,41.125129455145206,308.3726044529269,53.40033980138431,22.629361752078406,38.5250552063712,38.89986662330538,39.61856495448645,57.72707463629427,48.31926135241632,55.32489950786033
42.21048738569334,81.83252480843663,62.20779609146698,65.98370983933931,415.34233332374674,51.479170150229066,20.19410712209407,51.105774395078555,90.24276635531294,38.53040334293441,46.03097346848993,62.112202728815035,37.88585398735965
42.67184100447465,54.65122577457181,50.46527873712453,49.85947186653294,335.47970380435856,51.81390053959631,24.908228889716845,49.55218727428086,60.56202979786548,39.39756399238887,51.74099700238282,53.07133482474078,47.79519332019079
58.916631649508425,72.2579804658289,64.8834479692819,66.92144093930071,411.49152347350815,65.45692115059293,29.318009084511246,50.740169200568666,67.95311004070817,40.638463327503466,63.51780592332871,62.93980771265312,69.174588260123
79.88384143243997,54.01913769597453,70.10947013085766,64.3650191905607,390.2827479866841,52.92492086686265,24.98017785305053,61.9579073170691,87.21925373536841,39.925614998392604,47.554317159317726,62.81672012963226,40.958508424791404
31.06454559810008,47.19919721323595,37.141407442503755,40.7453365671816,300.8539211327725,42.68703977760018,20.294634263217915,43.885302966769956,62.921286090650085,35.6976859898922,41.226879988048594,43.05148903511489,26.07306757502976
75.51091076970472,23.526236240190556,46.56111740967797,44.32010605199622,295.285911520062,64.10561508233417,31.73094027374897,42.39044741726906,24.74400566740097,38.29774101887251,68.27975292891432,50.16714721277853,71.40968931519511
58.86603262887996,56.95458639585618,59.153797339893366,57.719164889065695,368.0164138057538,59.940273143087545,32.69485078230476,44.28105686240038,72.05987404821776,36.99792493722589,57.482455418746646,60.76831027738316,57.770177740166126
80.6826668454802,60.007049105494666,72.27192362926331,68.27729620148887,417.04111185405577,69.18317588427301,24.04400655158413,59.265756171006956,42.1026027414146,43.93764861602045,67.96894211703369,62.87954414329172,70.83687487835388
50.4224488952084,82.79875099707468,70.04997405130685,69.84823015632817,438.594297617639,80.96188418910819,29.244925490502084,62.09820866716743,27.39101385597068,44.10364383737921,84.92341224015526,71.26851300897752,98.55927689922991
48.52477000236655,30.535378528427785,37.85964590537016,37.731135118003294,285.7057403843042,42.44692007830421,19.283960462440078,59.82743652442106,52.07518143681268,36.51909093541809,40.812303181779924,36.8820366903875,24.91834586272389
94.61584761353764,81.84628679003629,87.90812923663866,86.95411111943683,492.98388042847506,91.57156805857058,33.868736789247485,45.337897871809155,32.073832376553106,48.81665540996767,94.58845507446978,87.82998586598184,100.0
97.52165458823818,70.44628125888136,80.57656718124335,81.27643059062407,478.8088177669913,71.34793959259042,24.93420202526324,43.62207601536448,61.84093876834142,44.15076999575344,71.29051433511994,86.9343228483217,86.05597422661458
97.9302423070228,35.5293514626008,64.97343740289224,60.4897078003696,359.3814184560901,47.595390755047724,20.7890810005107,43.555597880301434,79.46300339551453,40.57372260698594,43.72538697863156,62.665099491298896,34.76484143029239
86.56219344577458,66.61340148328205,73.9056446331768,74.59291826827905,440.4218521026902,66.51755776082342,22.88338081291015,57.10383706130591,54.006217296820104,46.047064415701314,65.35213850633251,72.94103795157416,66.86098030049047
54.27575281785214,38.11828819232167,48.03094249786745,44.581274042533856,318.48215857675876,51.46571812778149,33.95822813362367,59.15280130398578,83.79351479799496,35.306580307997834,46.874228319166235,40.43572813936363,34.72266820384431
35.131006229,95.58341836064577,63.85996931886823,71.40245350798746,445.47645807949027,79.22069143837835,26.955891822857026,36.71297235335529,28.290737473143537,44.32283833069075,81.59741200914075,61.6115763635724,92.19175995880823
75.07376954180198,47.94232816517242,60.17768251409223,58.794904715824245,366.3448951903352,73.93831997603482,31.157916483998154,36.562172186638094,20.961623713295438,44.440126708124296,77.76741749459035,56.98701815860728,85.58380740035209
55.78847910484194,96.79676364027232,80.01878492363143,80.39344982610017,481.1592112018951,85.88815949616335,31.788777627190406,40.9172799850105,36.015310841296355,47.50970623109664,91.07654641900731,89.66050381559931,100.0
89.56200212219645,23.931099994000967,55.67965265887035,50.18346084527916,322.18776703913966,37.86999449657593,20.709713041113837,64.04066516137216,88.60619965457452,34.61966612973333,35.0,48.40787801806361,23.956074799492654
16.312710249773396,30.18151694864592,26.699036694561066,24.63399426909691,240.995795073037,49.02178929762209,31.28194100589677,35.582037368546466,44.52550763720765,34.369273069596346,49.95053201124854,19.010719072517226,36.144586347934116
16.327791123847213,90.90149740637757,57.27677753052217,61.07201489336543,404.13469990905213,67.38872836420659,27.050123992642355,44.10092846642512,49.46293073610518,40.19741368947335,68.38825512293235,61.09188967595134,73.27146516703446
39.93962351171062,86.17734187362551,62.535907879199826,67.68225452885956,426.45478198163977,67.70119938493421,21.248795585749463,58.062925421634816,39.919069873051996,44.76550398314184,67.54145025167942,64.06659803877326,68.37689828742921
93.00123477302367,92.92409680309039,90.61764079143532,92.9549519910637,526.1414854351631,78.11553248903198,20.53978960371413,50.299552379404915,54.543691302099994,49.68963478366894,74.9725954769807,92.10121879357216,87.57083503121594
27.56230219884261,13.36282108701549,21.609519443487134,19.042613531746337,194.49387139356253,35.0,18.889902033332323,41.929379315841906,80.14354646270948,31.183847986553626,35.0,16.93464321895832,15.0
27.64969004375015,29.166976174060153,26.74327052519635,28.56006172193615,239.60494950384,37.850020999587606,24.449215169471174,62.325026809692616,66.15108804714308,32.63891272950356,38.69056852765167,38.556260203603664,22.471801435033317
67.1255489051168,72.12827862990275,70.73203298763993,70.12718673998837,426.57175965509884,69.92477902896763,19.58984210116446,47.81337339258002,29.656582802604163,46.84594909267178,72.1425671954648,67.71582568898079,78.6466150861991
53.81947614723922,37.59302813710806,48.20199408130005,44.08360734116052,316.11845195788675,52.312292497395724,29.44113882690751,36.408932672230016,62.474216012489904,37.75363598204525,51.76887621629477,46.148510168785755,38.952137456531915
10.624494859550072,82.92644255601786,45.6540679128765,54.005663477430744,381.5768551895758,53.297642422453116,29.51411166770621,56.07888729313747,91.69850441195543,36.67072542502476,48.06680132140891,47.55304984097429,39.845148543678384
36.23723135233689,21.255317840917833,31.48671060834881,27.248083245485454,232.34098601236497,48.51697160796013,29.22798526319533,49.12449258097695,34.919733484627876,35.60774606971843,50.40145966454043,33.28805344478739,42.086746761245806
82.85739599998749,78.64063358895285,77.05951837696459,80.3273385533667,465.9735010722018,65.61015760781652,27.122327657484163,63.044661213314036,82.62175812890877,44.43241186483518,60.95691815945485,78.2939963439821,60.94533769267617
23.848699334792116,12.765063591756611,21.8821046589585,17.198517888970812,186.94096698697032,35.0,22.079131363301734,37.50137161306279,89.63808139578339,28.93157588367,35.0,15.938138059420945,15.0
26.43598248433938,83.98087665300488,57.342576419378815,60.96291898553868,403.6640634994861,73.16892347306631,24.40578067216161,51.00663300660739,20.01807535138509,42.77537349285981,77.53000819329414,61.51653615647116,85.44506876167681
34.611299376087,27.045397662463188,30.862456205619345,30.07175834791271,257.20754890991094,43.37883460061153,22.102944965237498,37.356087283783964,46.73035518872486,35.86796571970272,44.942669282838196,32.3788825127053,29.353496116703813
96.62033413563563,44.129819909178785,67.59290273374215,65.12602559976152,393.09172519441364,58.41076660923408,22.832900914622808,52.573348127931425,64.00759308834435,40.99003746849146,56.255071893822645,65.08421504414122,52.311322056781144
57.31690731600549,69.06260014828968,65.46152853619229,64.364323015376,404.8577886315504,57.28992933235998,28.982798049642135,39.518328592055575,89.9486075406859,38.49649768581186,54.16399933916943,69.63821208675928,55.197089643314236
52.57412689928608,53.64996960949954,50.070022562397064,53.219632525414156,360.56377766213495,45.39449510362021,22.198412011940064,61.988374681169454,88.31181652477972,38.41661428110533,41.44098952833858,53.46397844193992,31.910716053235625
21.529286441240973,63.48519035477725,38.78162160843561,46.70282878936274,338.8696575933022,53.512003410955444,20.632325587543868,40.487687778862544,47.37856750194511,38.21408560037021,52.68544552199234,46.73764990657243,46.30665970139137
66.09160587898415,59.54712383320399,64.72572893992053,62.16491665151605,388.143583896839,65.33845755039623,31.006812057763227,47.98301245124581,56.31383737419476,41.76358318244223,65.43378863236916,55.79299097917146,70.17957865298638
37.26654627428863,17.635691356054565,24.178602414475925,25.48803332334819,234.32994798860176,47.211151010848496,29.717748460839232,38.81307841312221,46.75423769816798,34.23696029088955,47.70860360399118,18.270248152429563,32.10280464002716
46.600401578180836,74.10966985577338,63.70131600001677,63.10596254473636,404.630010277726,49.911936178251615,21.25171530763575,50.51353792570758,88.10627652948908,40.05230729403368,45.16179643463839,61.479467923118534,41.64558523339249
89.85675951848545,20.900846099676453,55.651091714718206,48.48321146720005,318.8494920318992,60.427420653715416,24.97040437460963,49.459847531986014,25.284550825021874,39.75611701857791,63.60150300231568,48.05891624225329,66.40470944250202
24.27213677189321,53.29337245562683,40.69106692956728,41.68487818213338,320.03736368072293,62.07844745598944,28.646407669261254,55.07160545950843,29.471260443842674,40.59607835354732,64.2365509225902,39.40757626290234,62.93636932659291
92.15619664571014,74.07639900388368,85.14680752862385,81.30831806061425,466.35224768251595,67.09156656119085,25.531679602797734,53.53439583767859,77.74802136549508,42.08382576774508,64.13831355271863,79.71086770775091,71.28490986851573
50.63897037745764,37.98463541721508,44.959551590389104,43.046369401312106,309.95242053256766,44.500710821539364,24.98585938436689,53.876575790248765,72.44846908664778,36.51881100941799,43.03678892829329,49.639459032409476,34.22152771707998
33.09261518926687,31.517041165691662,32.168941080230866,32.14727077512175,268.6804385123708,53.68733478061922,24.431908888604998,57.4917724035063,27.261404824041396,36.79571399320772,56.37313989330923,28.621360654994604,43.54098248066051
46.04136159910082,79.42747811241186,64.90421837807958,66.07303150708745,415.9669034734921,75.02333939385679,33.677796408632624,52.7770454829448,48.49432182215109,42.6642635089106,76.1505281529712,66.11597219962836,91.40344646136998
54.43408675986721,25.70066002808187,42.56923662841198,37.19403072079601,275.2942450161515,35.0,20.22835764897995,57.98471304748334,89.93329837830132,34.77725048525886,35.0,37.47693166732328,15.716029363344877
45.7840143658774,44.10163770176219,47.30012917300291,44.77458836740827,315.5961646950987,47.21932459893482,20.903060420056725,43.01629686458222,58.183503889064156,35.78554479940923,46.47742354191574,41.08479558578319,36.035255233472874
92.51800615338435,91.19065593800285,95.42293599024426,91.72159602415545,518.0445823778359,66.80659372873458,20.236610212869028,44.06830101489346,87.13138795747359,47.09645398721026,61.61998668351709,90.91018378831838,68.97586975054028
57.861257062178346,40.131308441897566,48.783762220790344,47.22328789000988,324.37229037241593,60.81136122109292,32.76961862890295,54.85704729415786,52.553665135863554,39.462541539614556,61.82249605026885,46.84839159462212,57.37355483010842
35.037052457335086,14.188446611048319,25.961123095103588,22.527888949563028,219.70657305645005,35.0,20.7693451261157,59.37240972871702,84.00468001527062,31.89312293834815,35.0,21.10273470818872,15.0
13.861535776449436,74.11321593316606,43.54321567863008,50.01254387047941,354.4615781876431,63.325560435519705,21.237029432423473,55.09860472577654,20.03011580190049,42.62391506414085,66.2148842563298,50.377834831227226,64.48717282052421
52.667569095017114,41.594565307440824,45.696764521103326,46.023766822471345,328.23953304831326,56.94831545355519,28.9068545811377,35.70298866102165,52.26319313332349,39.444208049253696,57.33714184987748,47.08786605688661,55.36427827952039
14.714737245451897,22.50441187180104,19.58996972833138,19.38854202126138,201.95875760315852,41.66405514938194,26.569191355723213,51.34645058088181,41.263039270320455,34.75813672521784,44.545746884133834,29.138417226241884,29.50778544800366
19.33944169919371,53.85753978198106,33.88419753411527,40.05030054886612,316.8324230720923,49.51250565063397,20.69484397846596,49.62403506391922,47.309079263112906,37.58388546551791,47.43904641303612,31.76839791316099,36.03375759888565
12.746793309809785,96.05103397611204,54.61167318367923,62.729337709591135,418.7320634567266,53.71126648628465,24.16391461410951,36.99216060381492,94.20121355315294,36.42152499246058,48.32415595368606,59.347671952369886,42.16333501329646
31.647977146997974,57.355727330483006,44.360701907402515,47.072627257088996,339.4033688709088,54.84978843420408,19.15617394319115,40.81367390070064,36.09236150696374,40.421192095369236,54.81369825597689,40.01862878895371,42.856219111100145
30.597084201539925,14.430509135550896,20.661797278125373,20.897139161946505,209.85882389035453,39.95340709095472,27.071487832256587,63.321238348427826,49.72079468687754,33.395160409991604,39.29603346382328,22.264783017655326,19.699488039487466
50.035668362095976,51.899864734130944,52.620906722104934,51.15418618531696,354.4877620381681,54.357219923465166,23.598461717202575,36.26601405743895,57.22213441254798,38.85399553636257,54.32758511008171,53.04835434876435,53.578919952926704
84.7648153984563,52.73200962781521,67.73407146597678,65.54513193607164,398.01303253262984,55.88636412654234,27.845206668595836,40.67232961335046,87.5680797700243,40.111230439652275,50.173754673140984,54.67628741400168,42.24606059947559
20.644538276987326,17.004093092390516,19.042802849828064,18.46027116622924,198.11596135326758,39.321624250999804,28.009774592655795,37.67666504171716,52.32372971354438,30.57450813966752,41.77374311263983,27.63128134551061,23.269814254596618
95.87663592495122,35.47705414910331,65.06731051841585,59.63688685944247,366.0717144473271,50.45712266913109,18.41985406066389,59.30777391551861,60.24336425214652,39.41351471718092,47.25660580259828,58.238310412840605,42.08559331288336
15.7728673151626,71.46476280241063,44.19807686652874,49.18800460751142,352.33901731813427,50.66682508491474,24.181394636231083,41.504428277873245,70.22084424031382,39.08636558560289,48.44927943740654,41.9050647412146,34.910301078084885
82.61186905820487,53.18774876910446,68.24705573124078,64.95739688474463,392.4920460563107,53.688488814337916,21.090743916338145,37.57731164608462,73.55893556936869,39.19084959584574,49.003609925293944,63.2010366991914,40.709244583920544
51.28761965616391,42.72605722335135,43.81179825753835,46.15068219647637,316.51593788605294,58.65004035919883,29.283484131796953,54.97353204406613,41.46682304299958,38.67621474601559,60.497821777760684,45.3574262791313,55.58639281565864
21.21191030919775,66.89439660314129,40.65429708159021,48.62140208556387,341.23661331706995,52.473076808962915,28.960864352031578,45.18981861444328,73.09608700258917,37.07872047729748,48.957454565918376,43.986430152191055,40.0753723284401
57.20411371104268,48.90618134900809,51.1981361925649,52.22535429382192,349.2163204917554,59.05680718186821,32.8126710697848,64.9671409928923,65.58220765575683,37.86182482949696,57.02897303366065,51.51102136711202,54.847559622766205
42.41000115370244,43.23656861194376,41.89156098229492,42.90594162864723,315.7830489600382,56.972027809717574,29.06340145439733,53.42506550956678,45.06072667878966,39.106065731328975,58.14842277597899,41.762266497353465,54.84681146645615
45.04602066798033,54.24788798387402,50.986278570197825,50.56714105751655,335.69532672451675,63.55345412271915,32.816381559790216,48.40218575934178,45.72248897750586,38.019954176989394,63.003373492032985,37.74737121761711,57.37215054973851
94.60474685049846,63.33569908629968,81.43004645361434,75.8433181919792,435.89162282235446,64.90900908064866,24.753951980080398,45.10543104341458,62.71117911024439,45.113089753661576,65.60889521546204,84.70677649647877,72.39194744420301
57.77327564775086,84.12752994496343,67.95111407504837,73.5858282260784,444.80666488430523,72.99488747287806,27.46591212473123,63.39135960075113,51.12483187780657,43.406664060531504,72.89032657179509,74.85436182353747,81.91581646433812
31.05057574701125,80.04084614492687,51.996765776794916,60.444737985760625,399.0213866163315,58.803465054257316,26.598756784069607,51.810460230509705,74.64613675945827,38.74553430983331,57.99264995083602,64.67393610697758,62.620456775053924
66.36252979651468,33.090976225058796,46.40394303946377,46.39959765364115,305.8967659739501,39.53888198682053,21.81790050511632,50.00593806568356,83.03320629095151,36.37042834887847,35.0,40.90632283803073,15.253254776137553
15.387065916634338,62.591532261623186,42.90303255649345,43.70974572362765,320.7649045133633,52.106370463078115,18.793641938287653,58.385950454717985,38.943950501354315,39.819203240501444,52.16959781441922,41.576213884973704,44.85361072882893
68.2533458716558,51.37207549238109,60.8574202604868,58.124583644090976,369.33813963278715,54.8109723886628,21.20674818920927,50.23692248010143,59.64381510780817,41.258318586116005,52.80292818714781,54.27661632157944,47.778550961750824
88.68075917734201,91.86851313761831,86.71588888229445,90.59341155350779,526.0439233098123,74.28175472864518,18.6408556371854,46.01508877085068,60.67249817158093,45.66915388255374,75.0330169237447,99.0,93.54570008139524
90.66459303706462,72.78920202218151,83.101131691662,79.93935842813477,463.8998748860437,64.57196174369047,18.021835233955624,38.60477776206866,60.091590856702936,45.4798511290311,64.01010960343062,80.76680539374757,72.20407539055729
88.73905485709956,20.462595171763354,58.52260529135205,47.773179045897834,302.54165498164156,47.355253115609365,18.200257896872913,64.92268817160662,41.08054140838348,39.895733887477085,48.92481149861211,51.541857231790075,41.61562019104646
38.1759427337026,69.65260386794796,51.41750201121261,57.061939414249814,383.64097296003223,64.12867987301152,23.719655980897674,41.33624775763855,43.48865380277263,39.78989864094435,63.11268642315136,49.88515983429441,58.325095979387044
75.50889433557269,96.438572157809,85.47800250027201,88.06670102891448,521.4116494297841,77.7365536827803,27.61967225051353,39.717069952827,71.79670565610061,45.684675762376415,75.05246843513055,85.32470533337283,90.83772983215017
89.3036308431273,76.80954227106729,82.96542596412117,81.80717769989128,478.01791624962175,68.06499828270888,23.534879252823195,64.50791899216323,70.0513372287797,42.56885952566023,65.21440257930583,79.04269803142272,72.49521944380508
39.27673581295496,49.008576114951765,42.2442024429934,45.11583999415304,314.918239809772,61.52682114394986,29.715437068665743,50.437133488034014,35.01156584370251,38.40291723625746,64.46570257359593,43.04232806051821,64.09374828300011
73.03663022589046,69.57530270661836,71.1219017892798,70.9598337143272,433.9612068070149,55.32167170194306,18.65214643139557,53.64393267970354,78.34082791526579,41.34533062546828,50.819586373674696,75.26965749475964,51.54817952445993
40.125399256567185,78.50973535731711,59.808413900456856,63.15600091701714,417.826121400677,65.84968858620296,26.972805841025554,50.528894851939015,63.340781108068185,41.82431913366805,65.0853168080366,65.10677061708441,70.34956183676795
64.11146528189037,52.93570054193087,55.27284253277042,57.40600643791467,374.37197117841083,67.26380358435124,30.702818966505976,44.351099644784355,42.96794339213003,42.5432514685929,69.2335292514476,55.699457206865425,74.10028327864761
69.67478013522489,46.884253309566255,59.79579039363889,56.00046403982971,355.98866591736737,48.462596429570596,22.713393077936164,64.90049833804039,76.30926733848408,38.79424061121109,46.478579358356484,56.70698966035376,39.53504960852083
57.28936875905924,84.82987140258119,67.327032345566,73.81367034517241,450.9281518932044,76.17365037278647,22.030196649961027,48.41818904471366,25.428229489559186,48.02127568305749,79.3226703570051,73.13603900027806,92.3354614914199
91.91329204747106,10.476059993785833,53.18058647007565,43.050952815259926,291.4252911920147,45.15039241842483,20.37524963864222,37.88377555196455,51.842945538946665,39.058489600773186,43.74345015572785,44.56536919885644,31.93146504066736
10.069476976203253,82.10246807634604,42.78656903016455,53.28927163628893,380.2003487264235,63.48312806178855,33.54847972675826,41.25955739475293,69.89546271776831,36.44679704939214,62.40583627380467,55.83915622249058,61.87898857561185
62.74988769843071,25.243333549295322,45.929713172803986,40.24595520894948,281.13291240439065,45.097946772751065,29.26032161851681,39.74849152098121,71.60882444047627,33.638156481972636,42.26704264441729,30.88610068133422,24.448128428080313
33.05908039660496,88.47284026919027,63.900522024150526,66.30733632015615,423.41350927237005,71.4572269561566,28.435381065131313,37.63152925159893,49.36528247012219,43.49167831082966,71.56258196715709,59.099110587602084,75.47205845912073
73.27400819815688,54.84610291442334,65.73018061505535,62.21726502791675,382.83790692797646,70.11284430141714,23.515449886796127,45.02646011780344,21.930680731041214,43.297535338980886,73.21591804083256,60.952681164320154,81.97365284255385
50.08414917929138,12.743391064243953,34.44740482245073,27.679694310262924,220.10181663685916,47.62114886898669,34.0607513635736,49.67648746064272,45.64508701810449,36.134799526180124,52.61505221114591,34.31777156828945,41.775921481414066
67.39923252305178,74.71467652249154,67.0626893924243,71.78849892271563,446.9474059415898,70.0679801819678,20.79693133067781,42.007413026670775,39.760508427038616,42.763909635042495,70.10627811804795,64.6237535046302,77.21232646162235
32.61180235674535,11.860946597835913,20.02109462485348,20.16128890139969,193.19971113924277,35.0,19.757713922710707,47.945243595429275,37.243877814622444,33.519756847239826,35.0,10.464261860690318,15.0
74.02698034787508,50.19587060117657,64.96526504657301,59.728314499855976,384.06052439903004,68.11105478687743,23.711084607441876,51.82083444127041,27.12924026244233,41.77176616003837,69.48687359745644,50.8654216730487,71.420050200691
23.929190533200632,50.553813118225186,38.087095749391914,39.90396408421537,307.93459936097236,46.7934966719349,24.512179285350616,61.07297206174185,62.623936330844415,35.52698831385004,46.42364717961695,46.48212339515659,38.502108013267495
53.473027012738896,20.543091753408884,33.11717814976094,33.715065857140885,253.87310142280614,50.615995542246715,29.865838015462472,58.70779711825081,42.18146259652471,36.02541316438201,51.637971342074465,35.651402359313536,40.416700000073035
22.000657242592336,27.505281682577966,21.19562855989192,25.30343190658371,227.05919504623526,35.9902277124894,18.15641525963145,53.81775201907935,43.72815555407622,35.96108142082995,35.0,18.984586520481,15.0
57.8364105921937,68.18623514309792,62.10772296312491,64.04630532273623,408.0601329442859,60.063272667980556,18.761062607704275,36.6214288204918,54.29228147146583,41.94529385770885,59.25763175197881,68.91583092270237,58.506226471042865
37.86101426481234,45.61381928502051,38.94138075949711,42.512697276937246,309.6081671130616,56.102189590458465,31.627924027133243,48.246020311366905,56.79601819236493,38.20418228666225,54.847260332637454,34.01259843788619,46.16005648909182
29.46098968974102,33.951657984782926,34.13138854875194,32.155390666766166,253.80364402993362,43.74113281190101,34.86556717948994,38.910550391443756,79.7051394047703,32.27687606139367,42.49706761885248,36.97839945328464,29.928939896415994
57.299450323244635,14.387669954416126,31.86233992977001,31.55238210194753,239.99470899057852,52.96971495547127,29.569912579619043,38.6379468007741,28.532146910341204,36.302794741744776,56.063797248567845,27.288571275779304,47.235746961358664
85.98724764072801,78.75451066686645,79.72154800701779,81.64760545641107,483.37101736165704,82.2443456445322,31.077259507106973,52.90168970318651,45.290152637671454,45.3892954064629,85.57972278499537,79.41594506257515,100.0
41.621831165389274,52.3069570235973,45.87250975344742,48.032906680314085,337.58415081442257,63.75316598467488,33.32140653254157,39.91760786140834,48.60566074273426,37.242261026053804,65.67077112170226,49.3625696119054,66.14886490364
15.027679302213038,89.5459027108131,52.5252634630735,59.738613347373075,410.0826972344495,79.98937715353883,32.13675674047769,39.509318674519065,22.89436714536004,44.82647014844468,83.81270495094337,56.537019551476,92.68948357685778
62.65093466124965,12.756383704603401,35.90282444898323,32.714204087261905,238.6322391633635,35.0,25.145701616323482,61.853000871987334,93.69893086201769,32.24940064425071,35.0,32.89656497053295,17.345297083293246
72.40790193390761,27.830244077583366,47.8071265394057,45.661307220113066,310.41076122301877,40.743982779505906,21.735286751876746,48.160150904091466,78.6501369195456,36.889286707252595,38.18134259165174,50.16484581532305,25.685696750910484
67.6202661130149,30.329900855449395,47.16717772731653,45.2460469584756,303.4465128430464,52.073023703494655,19.985669831477185,43.19478861109835,35.71394182343991,38.918329984223845,53.020656265202085,46.77953882677278,44.993138246131636
91.1863716317104,60.59402599195695,74.80000298091915,72.83096424785833,435.79746375576167,75.53341532337731,22.375212792827778,55.80529511138961,22.978340567918544,47.54217703953244,77.7976262647176,74.25874369556031,91.47680599843649
69.58248671394341,78.72938455450162,73.94164112929771,75.07062541827834,455.59229763063917,71.57747882249146,25.757540704980777,61.822741077735365,57.34018853857394,45.29555734505059,69.29850272379846,67.94005683256282,78.3247212188058
30.03166315210653,56.67483478133969,45.80202295040909,46.017566129646426,328.0726553943664,63.749250735934076,28.917563829045854,42.36894722146444,28.195958402611993,41.04572477668468,67.34620998629828,44.29596012079644,66.20369133330554
40.48929726292271,96.60103610676033,72.38304136303239,74.15634056922528,459.60917534369037,67.00526918799592,18.696629778248138,56.151898526161375,53.82398769862578,42.411487285177806,67.12603124259635,79.02317033165335,72.13648656635254
30.634592596918957,52.77767451980439,42.12076342663502,43.92044175065022,322.97122679123936,55.94148016890909,22.371014567977806,63.45962242708972,32.73188736553519,40.90655889496588,55.17658576590666,38.74808496556253,46.981352070305746
49.52286042586207,60.789147529290226,54.64071724167782,56.28263268791896,369.5457327059724,55.594709105259966,30.456298062026214,55.57628825259394,82.4953461526886,36.78238742408507,51.98242763322003,47.24174307526816,40.82548061257342
22.482306990294695,29.028307748983224,22.59941654084857,26.409907445507812,241.95970450681722,39.572595502176625,29.232365682855576,63.51819114739618,74.7258810235431,30.040292511152796,37.119631521395696,25.668939738595235,19.293651968845992
61.555948446457094,96.87097159005418,79.47189492904096,82.74496233261534,503.48507823698037,74.20329047983041,19.411658882773168,40.731556061260484,53.05662075809884,46.298389285876695,72.3589721496872,76.41047876798237,86.04421005663211
77.79623726204065,54.46603866788982,64.57285420599611,63.79811810555015,402.7209077550623,70.9404611606129,29.27716438626038,47.24712558038896,41.03474181534893,43.67721857000737,72.86864659997349,63.61653843847055,77.63592250806582
35.51889055268448,65.97255789820174,47.68923362443698,53.79109095999484,369.52479586588925,65.50575423135304,22.816040975960938,35.00728803303538,29.520204325563228,43.20688517649418,67.88489598454888,57.47922061064735,71.91644744524939
42.8772980389972,70.64999451402824,53.27193205590407,59.54091592401582,388.79223987400775,74.08784664185936,34.38490024019907,51.169426233503614,41.59096275011335,40.25280833578884,75.70178502239624,59.95551872056372,86.49331551474322
93.68283896419342,11.976050355918678,51.25923547311066,44.658765799228576,298.7737868879495,45.452181546332504,23.455902451430486,42.56758501565511,60.06653074484355,38.314813015924955,43.98927410220492,47.52069196076809,30.03021132654809
78.92952813462024,95.68784791028517,84.32193500523026,88.98452000001919,515.3071550658736,83.09192990355069,26.176007337433163,46.28935450864993,47.23918427871688,46.00653432795326,81.17185010148958,80.64279555947556,96.35614595717415
81.81094820258201,81.42790658549488,81.51056041874959,81.58112323232973,474.80338212773813,81.26338543280046,28.84757633853969,43.644564073322094,37.7005947742784,47.85385814527557,82.59438199252493,79.38262347765068,98.80524736792222
42.1039924750914,87.73183975392053,64.07783827889823,69.48070084238887,437.01616623489025,68.43126312268895,21.523802883345503,46.333904717282344,43.75132670126945,44.49486388641656,68.91321405195431,73.1593073974833,76.90799929679153
26.833445789293265,46.25906917341004,40.041851512621214,38.48881981976333,293.1120464041899,59.18412908561199,29.28926006039718,42.65261667264194,29.52751819799238,36.33948530482874,61.86575516688586,36.85542699021839,52.87012973272246
54.57639999195216,60.09189111209966,55.84108710768413,57.885694664040656,372.36419088391176,70.99114832910422,30.467831438693395,61.13830964363471,34.443622434389596,40.36983807347836,75.27666348555543,62.8523671720795,79.57273247801132
41.639796717760305,21.196407934798565,32.13275548586126,29.37376344798326,243.20549179597117,35.0,21.450890506250353,48.556071339568334,79.77106280117343,32.44224734689401,35.0,38.478122498600634,18.198334601068975
23.433918479588968,73.2054207265243,49.73840437170876,53.29681982775016,360.92142561993273,53.39872578371114,24.99971034903413,44.9885074088712,70.20590481902326,36.97337122582686,53.076793547964655,59.41081300760294,48.951802542625394
32.15969377680359,97.31162453124178,65.64532291037267,71.2508522294665,460.2231156956494,61.03782306419793,19.455192397987062,40.50373654276595,76.88027547756525,39.6127115404347,57.041726716556994,77.77786436079234,57.9299435529618
19.500695433753528,16.19848222959564,18.561077012174966,17.519367511258793,196.4416158988904,39.57449433714557,30.61741715505925,50.29206530011811,51.683434252315934,31.31193482523658,41.23338574440136,23.981514382944205,24.459550045551463
61.725995645840754,85.40941035265897,73.09789769325042,75.93604446993169,452.0564456488843,53.49402499429303,19.26667785091688,50.3117816404612,92.70795317569088,42.06213169820518,47.64988035639669,78.82228633180934,46.92386417357147
66.70923892742385,12.522033084121233,42.243878082424615,34.196915421442284,258.8920261479058,46.355985933618484,22.4035974497569,56.26030159896521,36.114095481874855,34.79551439837337,48.34013040402779,39.58906914243584,35.36095644489948
46.82355575144031,55.259961343296006,50.85578955143479,51.88539910655373,346.408897977536,52.54838529184596,18.495901365759266,53.15304866711452,49.68086223855158,38.63500745390789,52.65595351978789,54.9675096306274,45.522258961459144
71.26748637867198,28.340566414408595,49.33386374927402,45.51133440011395,297.81327275091485,45.0290362204092,32.0302428411907,38.77821923142502,87.73231302869823,36.45083093477544,42.24044715464613,45.4364455319658,32.523800766798885
80.67065652572155,48.43065396994617,66.83712312178866,61.32665499225632,378.7696174893827,68.65892384785472,33.996418393327495,49.59116302475443,54.69644539502971,42.256435912948064,68.60562754874925,54.851768049081706,72.62790378844532
76.26278498744828,82.19347174524276,75.49073235689944,79.82119704212496,472.4682760005273,86.27737868929695,28.99255927217844,59.90098050884224,23.69552401870786,49.07477697033836,89.66480556212996,79.64786919343693,100.0
34.80980055413735,57.24645405167435,42.4416127421949,48.27179265265955,332.74633996091234,64.9107277847266,31.8157817373883,38.97811972240433,37.50472020935952,39.432899189252964,68.5407067878103,46.72840560428563,70.52762168334162
19.952777069296374,23.913498016962635,21.429407346727672,22.32920963789613,217.453740971777,43.70841831440806,30.640252583834005,52.42211419392056,49.1099810751687,31.666668768125188,44.53911091984935,28.663445840731754,32.456410813150946
55.31362077973914,25.190291741898797,41.5552062795755,37.23962335703493,281.2656522959642,35.0,22.38497161537731,49.745426774954794,93.16454967656763,32.072520126625186,35.0,38.261695214542,18.901486740995473
71.96118374790404,62.48588421080545,66.8228362280388,66.27600402564488,415.7497894561872,62.94847568766294,34.266206348232075,49.97108518712244,89.86512868664465,39.72484223066437,59.171975479327415,69.71133937382548,60.73527277746478
10.327330151989209,31.494054190189452,20.988477543917853,23.027364574909353,225.6929548670203,41.263527988666674,25.624248876044774,64.41944658692148,46.27042780019957,33.17311773990453,43.64649680363025,30.600937637381367,28.585700838719866
32.32053774204105,30.297501704101773,27.40122783549529,31.106716119277483,248.82899386406177,35.0,23.25755789549482,38.506362817728174,93.93938303082031,30.562857497871224,35.0,25.431193513198924,15.0
15.635830100101389,86.75663758256296,54.88823127522935,58.30831458957833,394.25019100187995,58.62304024724175,25.65161956604461,35.664033530884915,68.05326685454162,39.03927209355426,56.3325965135851,61.293677394635125,52.33795597957945
70.64159917084052,60.291433190265735,68.3358926199891,64.43149958249565,392.5360630267267,75.4032797209666,31.356332233055753,55.20550360451777,28.625820262107336,44.66414720666733,77.76380298048502,62.80708147253695,90.41978838457166
94.19969101199725,39.36776568083461,70.48121562235033,61.30053581329966,380.2058584945614,46.40831773754534,22.59651500028116,59.10625330479283,94.67031513526295,36.92314467679002,39.29831735878334,51.93068543488744,26.035711767439164
25.057018100379366,87.71963774555886,58.0276169848198,62.65458988748706,407.43624334259374,56.21579847956512,29.051571669378834,54.60969429216861,91.71658802327208,36.458766218810034,51.16019934183927,54.00909400032681,46.79644591870364
18.050500297808945,55.734949295262794,34.74538872684787,40.66116969628125,304.59253121509505,54.97883932115747,31.775156085096654,39.05114410041642,55.14887277472889,38.287860469547695,54.57061783865847,34.40960178148468,43.99920117188365
37.22053174352362,34.97656660900991,39.87638684999762,35.87415266281539,270.19549942165827,46.38571632662378,30.46657444818666,35.01230868317525,64.71370020517827,36.37898958522133,44.407466970950104,26.990024354935265,26.199640840826895
72.7089238422586,71.23471618672633,70.52635505466345,71.82439924893924,430.5996582887489,75.51200205255651,34.25061959935475,62.698985248097884,54.298745741961525,44.842243640027206,75.2857266079333,66.02629619124025,86.86808351550825
11.980380813724409,49.52605746061117,33.00406888432939,34.50778680185647,287.4497995826576,61.38996790640766,28.797668810686893,62.28666285311607,21.35240073689225,38.11171138222598,61.82335148793491,22.544746060870153,54.29286347792763
21.99004972809405,88.99311339164103,55.257680698968365,62.191887926222236,422.6475911874268,61.1364596432418,27.959486081363863,55.22576349845002,80.31958657838375,39.89327059589873,59.414006810425626,69.25379128168574,58.67091755109276
18.4207302131041,91.39801473473554,51.63766299348335,62.207100926082965,420.02815867065823,61.472097675610065,25.02430613964756,47.16858170766327,70.9663877429513,38.27662611482167,58.197284436541224,54.404610136711185,56.916445343474294
25.006674266652226,89.87029545695746,58.68765359658438,63.92484698083537,429.66278151298695,58.18305628765345,26.249772190873372,51.26100035291606,88.92787077715033,40.54887484703044,52.00176047341537,60.35747539030017,45.067413574330104
33.635005181301054,86.63460134669504,56.693698629475335,65.43476288053743,428.42505108928265,73.42888077024598,20.93794087475969,45.335176801821895,24.615727560112767,43.506284176331064,75.08731084770206,61.45289050508989,83.7257088700114
50.79220985478512,51.85884026641137,54.314127506676115,51.43218810176087,351.8989304369843,49.22010741573547,26.722312712256848,55.1224160141532,83.55162904320251,34.66910687503337,46.14388726602467,52.63276059037018,40.79682455819782
40.60376858919052,56.32632749409479,49.70811363735029,50.037303932133085,343.5626169195308,66.55391043251201,30.140603488666958,60.83696681781157,31.601363613864585,40.28628586722981,71.03127673312764,62.40363434594714,78.7919558422433
66.34208051580032,88.09654251410244,76.56436431330037,79.39475771478159,484.5186757840801,89.65678928066345,34.88378356186914,38.18276149843856,37.478989098864396,48.270046575271174,91.73264845064595,79.447939056525,100.0
85.88547264669639,35.22804228450305,62.050803227854985,55.491014429380385,351.4344784223197,55.61124884920254,21.76539033061388,36.043975996050506,50.6937180339048,39.30929833961478,55.67546306571028,59.06219684285003,56.07719970942024
63.37307582844326,63.77909692283634,66.19335156306079,63.61668848507911,398.54340436701784,59.39219639247564,22.682593556438654,42.95104754421642,60.21442094616531,40.97511060195303,57.814341394990755,64.9123567605008,56.709689887984105
46.322732184410626,30.272272403984324,38.96836843266159,36.692456316154846,273.73992744803434,52.79165878409722,25.63149928407743,51.11507964812087,35.265164186135365,35.87413374612535,52.7058754922411,33.76434714032621,39.53760857419977
13.13386922401005,54.319890930278,34.160237850032026,37.84548224777082,300.87646625529067,59.35862638595424,30.019529878489035,40.32445504973035,38.916735067296415,38.455589150047516,60.68382382435504,37.809119272772286,53.75028362193422
72.47411046221367,57.50156181675855,62.138511907408606,63.4905812749406,384.75217381130335,63.87427111864518,31.738669833411617,40.28583218492743,65.46624816655745,40.07831567946932,62.33587650577432,61.3752782698117,63.331617253719195
29.619600753082317,26.73721241663773,27.60256140437717,27.890167751215564,244.96004950620937,39.15605500589077,22.484703274088076,35.362098059018535,58.920302319856766,33.84525067711477,39.113482804349346,23.925510001516162,21.133114463909273
82.89727681294487,38.74510726937891,58.71922695041899,56.4059750868053,349.3102683753237,57.11705083569346,26.57515767515862,57.32148353685733,57.74144053872216,38.061184859311844,56.19418497939729,57.04131795360308,55.348630366599835
68.44306505693484,47.96667919384101,61.31782697120747,56.15723353907855,367.4438952589704,50.58577091981049,26.93234397126392,55.74516637440783,86.2512275766578,37.43736121277775,46.53810360100559,52.233856601226044,39.84753592588622
73.74916594369972,45.93917946702743,57.56212872463043,57.063174057696344,359.2981379979735,49.39038866116096,22.829770536866363,40.282678638315616,75.74996851742425,37.50218035869993,46.00262226687525,55.553018943782526,37.803641496569206
44.41611748504341,17.118440968911177,27.485885247553966,28.03751157536407,236.4448688735009,43.87969490866592,28.189180379550514,47.56276971447965,52.38827692340222,32.1929207240714,43.161551744973885,22.077379865448144,25.723067220491735
27.290473411456837,32.377283544684246,27.22245563128206,30.34255949139328,264.29174709373325,53.76357724134049,32.528496873581204,41.91484512054563,44.567472044159445,33.94953669379375,55.69712958460828,26.14771729317239,45.19262957227227
24.466556220900443,81.56572289944071,55.3518276759043,58.72605622802461,389.2100045247789,66.42984295010841,24.775506810450167,40.1045792343355,39.10403753431616,40.844394066742296,68.2931731436377,61.68872482596083,74.32863738732483
39.82935350320828,22.734244192140938,34.14491232964453,29.572287916567873,240.82484983808635,44.88589843529985,29.200541871856316,51.9933105525988,55.38172320431558,34.058643375893844,44.57455404645547,25.952746970796507,27.088325006487953
88.83146492307492,15.14314953476791,49.11253394279075,44.61847569009072,297.0736708461815,55.880375080747584,25.4337880201585,47.10645862441065,30.27249759081769,39.42134500742569,59.78010801664977,52.563504483955064,57.541438441776464
97.29740530692153,71.1118876785093,86.93550066315701,81.58609472987419,468.89640330156544,85.57948904341768,31.05363569313954,36.21527518823966,29.218338690668375,46.423756116999094,87.26178337307094,73.1062846879879,100.0
67.60666502936073,73.12897223751003,71.05727746614211,70.92004935425031,430.9601948287119,77.84005385362515,27.809906809130254,45.267967783692384,26.290530391400907,47.47038433936705,81.10034168209381,75.96982683778572,93.60509589180185
33.065941537478096,40.53091651557791,36.08403223122034,37.54492652433798,291.99479008192594,59.29710933445337,26.696115301991462,63.30695651470931,23.141029537908164,38.42087476284982,62.37331181809514,29.519169373438018,56.40394934635928
31.28964007449282,87.99001901863043,55.79217682075596,65.30986744097538,430.15663058509034,76.46748396488485,33.8629247598671,54.71592984920187,52.927193298533595,40.31351943902277,77.1397212880585,62.91133374318626,86.06334811013487
20.942387934932142,29.070191028613102,21.52221492541939,25.81906979114072,237.69067486516852,35.91147125712255,28.57450114728416,50.17226895066333,81.28265997519611,32.62161784126732,35.85117173335154,35.59262577744716,15.0
67.11909297766184,41.17105867510983,57.48186386776019,51.55027239613064,331.1973249011538,46.25608969005112,29.415700723777636,35.130787398697414,89.34883290538856,34.64316982767002,40.14319433838968,45.919702517236935,27.516065083443348
48.976440627692796,13.041627424656781,29.566250524217192,27.41555270587119,235.3379499523251,38.20519722435378,29.724926092651764,56.746125607396415,72.35876930626426,31.486612136322655,35.75557212076504,20.52368034426775,15.0
96.28143020491027,53.95238431199896,71.19451009783896,70.8840026691635,411.14521330127235,72.05495449144742,23.475369780376518,52.357560457788495,25.632023435398548,47.31734790722361,75.00915495052602,71.1458171551798,86.48581118425255
65.15697590056232,66.78228793424609,66.99940301360886,66.13216312077257,412.57618221014536,65.76433386311807,34.76903831420911,56.96871702277088,78.2709791294391,41.77724881654954,65.23612120601048,73.226753480336,69.4530043621796
55.23910121449604,83.79717841554267,69.06840844927804,72.37394753512402,449.00101436976684,67.74898299600788,26.960205954728792,36.14608351272173,66.14111724476855,43.943152221242805,69.02287546330955,80.48218551488063,78.54283023001713
30.013112127670578,25.247884456439373,28.971312000720854,27.153975524931855,240.14152540145176,35.0,28.9403860907861,37.64018082534357,87.01509376238278,30.56973270173058,35.0,28.419017958320815,15.0
85.99477627624483,92.70422679261239,87.77712726602546,90.02044658606536,525.5157052931244,90.68491510808866,31.28589320206214,62.92423017034285,38.43127341394158,49.03783297630297,92.06354767843376,80.47516483430968,100.0
84.93063153963146,64.21838983400603,77.39989451599251,72.50328651625621,427.6784855633478,79.24282818969537,26.83153153100468,48.51609617201228,20.873367462732215,46.50810220912075,83.15993464073314,65.66068580263013,97.35014882354672
60.27787850387079,15.940772681717366,35.04088978547177,33.67561501057874,255.91432373433642,41.59288489593312,22.674646263551885,37.38935387104298,52.22020575864101,35.44830923397066,42.98903639329845,38.052065277661384,31.349551784633082
67.08516374290713,66.7326387058933,67.33632283069676,66.87364872069884,404.3590397210015,57.44146482267414,29.840622119107117,46.281253733274696,90.69572826189916,40.728483541910634,52.11603177055168,63.01510028540699,47.62404556211651
39.953865715624325,52.41454697862165,44.55273042743457,47.43027447342272,332.9792155950688,59.2055463680682,20.81129723372416,64.331384384765,28.09434162237454,41.914889612980524,63.107929410653554,56.27696109042584,67.72569539315609
39.97068249305845,36.80315276090464,39.01275591633765,38.07016465376616,286.4577084459615,51.12638124531385,27.852118275549678,43.599817438610685,47.52183738627464,34.90928107544223,50.94151815003527,33.158798386375395,39.447163076866836
19.13217435985718,82.3506280800604,47.052390796092304,57.063246591979116,394.487046073868,60.08959738910918,22.63348172986181,61.146370421243795,56.37442134331246,39.26626638008172,58.49617709792091,62.54596057185519,54.640950424012345
72.49846665183131,42.38704717808459,60.10895135518801,54.431614967583286,348.948866112976,51.4362122094361,30.232493025512394,38.22359649325659,83.45893891663339,38.24111212665009,47.18189929744957,49.845601566925104,36.55135030964762
95.89421157080758,32.858010136468216,64.02512852521096,58.072490710203965,345.9477791802555,45.16553775839398,24.752868002625952,52.13960046299309,91.48434593809738,37.52414446095734,39.84051909735057,55.26146222910265,30.024478685055843
93.65226900193895,86.46260201785977,87.88428042333014,89.33846881149144,505.19076593604024,66.03413838950125,21.419940440936312,62.674966889075094,83.94996148262905,46.03799994892959,57.4004343259275,80.4724317725462,62.00995710155368
32.299033465224795,54.94749610724026,39.86723716905456,45.88811105043408,321.7914041373041,59.88747481195434,33.07202313487209,57.5503930109427,51.71513067943153,38.02677542587648,62.34890273288722,50.028163081251435,62.604940845646055
27.996381804966035,40.07932815240261,33.79661845855372,35.24614961342798,275.56546095881595,59.13765733941676,30.833983402691594,44.88060572749864,30.367406508900288,36.92092220243535,63.79512392607005,39.901729155382654,57.98913944489341
48.10162838589415,16.32118652079007,32.11442030132659,29.033363266831707,241.62034355019247,47.41492509625934,26.724739589072918,61.163181912397434,41.6702762493187,33.398714503973345,48.3778787048194,34.96566845348333,35.03141033326086
73.02247935962978,22.052277633786694,45.86772847435228,42.440358324123935,283.3213247966059,47.10123146194498,31.790919492823082,41.67947705680356,73.80526665539077,37.20565108785861,44.715973132532035,47.74579146491825,38.25367017968802
38.67833261864056,52.33329775231763,46.328275443613165,46.8713116988468,340.32319176111577,53.30539632970017,33.94199750840981,60.86458874879365,86.68479017786437,35.248302092685314,50.87478040843467,45.701323846113986,42.557087224164825
62.89527455460298,73.1726194812411,71.63868312252954,69.06168151058586,422.0524745041473,75.73084796251227,30.68422663005692,50.62446758432247,40.14178554654808,45.0886544477906,77.34534022999183,71.53480470845729,91.2110990555355
52.35210776082924,64.94452833793797,57.887604563542354,59.907560107094476,381.5902898528445,62.315400889932526,34.34788836936016,50.344026201278524,75.04402777157753,38.82032977605881,58.07282028797162,51.788718346846586,59.110014756542895
53.74953579769271,21.99593485765199,37.84133915567659,34.69737523366828,255.88937673574043,35.639386899820856,20.144308367028007,62.979371520235034,65.37125098607783,35.041682705019134,35.26650058161684,44.99696477574065,20.602580159164027
77.6869485180757,42.80205974346653,63.92459917732412,56.756015253310196,364.9725285098562,68.68085555133132,32.51712387124724,40.16582802277263,40.322240590341465,40.403050507235236,70.66831475399043,55.81550087558494,73.71487985667677
80.2190006542904,60.118266856392175,66.21479904568503,68.15856037555147,412.0518861511829,60.609797448724706,24.934043756456102,38.41835808333631,70.71063414510928,42.14642130453055,58.21465952060271,64.68465300187565,62.132696105998164
93.21541164191173,49.4214038343648,72.11275626862209,66.93900695738357,400.04431398396,70.59445166468488,33.858385763125085,37.28254180296522,57.583977561901115,42.86767309121405,72.04880220270401,71.10719394140203,80.20021216012607
38.98866584895097,57.78127139938359,51.67132806824688,50.264229179210545,354.10732861397287,49.491637217201436,20.167495353423757,37.79091124222687,64.19505040675003,38.05099827672145,47.877419710910345,49.931421436488264,38.8473714273355
43.78750269514159,75.57669803284331,59.48963810437424,62.86101989776262,399.2126931883638,63.610229604144266,33.77488142102936,48.6228978013261,75.08652802418027,39.291197393298525,61.30006552516112,62.81618826894392,60.479623986428955
71.20298440763324,72.17856745944408,73.3222631921613,71.78833423871976,436.0312943073566,75.54882939332397,33.553064552065564,49.67589553941847,53.769889512247865,42.289365647581036,77.75197855269488,78.03712209645954,90.29932146211473
31.871145465584174,37.06981764920639,36.63699773070985,34.990348775757504,272.16553337532116,35.87609878354157,22.117330164223418,40.07173247401117,78.1143801636467,31.967551349535025,35.0,44.88678080326482,21.021125859269468
13.938126185508956,36.38322450536635,23.40174829564069,27.40518517742339,240.68558435485946,37.69440821176129,22.91603031555953,44.292959424287105,59.14133464456087,33.9526518831733,36.13612947868446,29.871034348617574,19.158809361386936
35.54496360369891,58.165736971275166,43.04508116993337,49.11742762424466,334.95111149698096,49.19143649348737,25.10548224097096,63.28738134175269,74.11338348825677,35.229269676275514,48.27204743824865,52.628809762002554,39.83748601885577
29.492092475139042,55.57008163067958,42.9218210976571,45.13888596846336,327.72258223120997,46.14878490140896,27.60625445516179,63.46114754717543,87.66842173221735,36.419949320720306,43.234180964186834,51.21628893663652,29.17973444874638
84.49503539485966,54.959748325523194,71.71166977492415,66.77386315325778,397.13290411712484,66.86920348956212,22.291034820601524,56.95328285113017,32.3550506665793,43.50726957901008,69.15864754726022,73.39627628246313,78.81245023548614
18.794005180788048,81.64657469788187,49.17939894451996,56.50554689104435,391.707911746732,57.07325051060855,30.331623228251154,41.28982766335101,86.35062387150124,37.988067412737465,51.1964700857133,46.190487833540274,44.66961978102071
39.718548175731755,82.06100896983853,62.455199878507855,65.12402465219581,425.4109817780903,69.30213868115419,25.500418737619853,56.494287879265,48.98702921479352,41.25337475405238,71.07654779984352,75.03164598760915,82.78296867589648
77.0333581693174,15.188451143749777,50.09827452792378,39.92641395397683,280.9339002237057,44.04320924183521,32.686356376999925,54.535931362860396,84.22138460350718,32.495632201309164,41.17150183147646,40.65465956362499,27.549176631022274
16.885304675042,80.14258565512449,51.19783441022961,54.8396732630915,374.789936635027,64.75252870637883,32.52388170730616,55.60303386791509,59.006201241243794,40.66523278970617,63.68764230214249,51.74149114350918,70.01963492931704
80.89111272682857,80.43039240505776,81.31168502357977,80.61468053376609,480.17287351291367,61.63194461435871,21.260148790992407,36.50193581279883,85.5225366976025,41.19564475667141,56.826530396342086,83.3148015187123,64.39970240156426
87.11562935256478,36.520201724941984,57.912886312108256,56.758372775991106,349.55941618473645,57.881835830472674,27.82727583614214,46.2781512620988,60.11545668190664,41.18399795150559,55.62930720795295,55.37879542381022,53.55473312038303
97.87832408646585,30.95124514689587,66.23062358744738,57.72207672272387,350.1210935639865,49.61652076696002,18.137839347065626,35.277575673077074,54.54245056716918,40.28880048564306,47.347108577795616,58.06842612860324,42.596130271100165
59.27059293516355,36.781797511722274,45.36326974239737,45.777315681098784,312.36724923331093,53.728880112178196,21.94864720143851,51.044029307575045,34.912139771486,39.31166217470136,56.90342556989347,51.58735420245483,53.08855552117076
16.236709657628875,63.238237653238215,37.85270803887071,44.43762645499448,331.11853449734485,53.082840158963776,26.79683715953295,62.73063038581401,61.18124169265422,37.213772403559716,51.89173594697666,39.49393986289539,41.743221996286366
48.05087969628792,83.75137577448986,68.4842322817369,69.47117734320908,430.8747427904016,76.01150475943378,29.919399233520807,43.71928907919593,42.31195024945012,43.08409530307231,77.5129505787306,65.3653788022324,87.10667231938427
43.43124596439795,52.35566314511486,44.25001488045745,48.7858962728281,346.9252237508203,63.79844380363208,30.17307190813249,44.69582195973008,43.902294296404804,39.014883833783635,64.85588056138222,46.88692506236832,63.27107810606684
85.63024328935248,32.80668822612746,58.26002574154139,53.93611025141747,347.8407845050072,55.168241506747215,29.273513099796983,45.25135638025065,71.27746592934656,36.24247984248977,54.58965357274918,60.763725153448405,52.12855557429449
41.69250604422655,51.38814390102988,48.0594929991351,47.50988875830855,339.8260701881584,44.78555023193478,21.51876715100203,62.54579475385109,81.13851739774168,37.87651819572148,41.033939398316434,51.97784896146585,28.921227473735648
19.877214335259797,35.918875353466575,28.811514636239497,29.502210946183865,261.0294662109786,60.411040076296146,33.287255218686596,53.712601531076984,20.42234845610403,35.60196563774626,63.55165813584535,29.614775818172504,57.48379477928759
25.767811367028386,67.58924479703978,46.392707036628806,50.86067142503522,357.0761659064368,63.61130398548018,25.27076039656884,63.68059131459701,36.10513438411724,40.36759400215387,65.7365678779825,48.99696020489178,66.05374449839623
43.26121529643301,51.26714671381284,43.97235952684075,48.06477414686091,336.2268865207881,49.93621624908214,22.8996034636178,39.80927118546707,60.839846967838106,37.836303608402,50.48547540966682,52.68409922668179,43.63098716308036
73.38841665011327,57.11978090817361,64.41801138861202,63.62723520494947,391.2006406259759,60.19539209686409,28.37669573294891,63.17326094930722,70.38086303581125,38.666506316769244,57.990758864877485,56.80399183560257,55.38037676427951
46.8177337187679,49.236105030523916,49.10086410246625,48.26875650582151,338.6459558308962,55.19313201264725,18.574415566120226,52.79467986581403,34.00497455730282,39.28252653814932,54.14861040933998,38.0227276542023,45.66261692190604
93.991397147063,20.295094904682372,60.71336196989734,49.77361580163462,320.0883231042724,47.232359495211526,28.837479649880773,54.35833265970689,82.00457362972116,34.817509043501204,44.243761158002556,47.18680085592346,36.52183671542775
83.28455825004993,16.432182102010284,51.38397849202343,43.17313256122614,289.2495775097167,43.797432950653416,24.445734687659037,45.20824946702093,66.56244745806447,37.73707486540165,42.50773349851947,41.37563867799905,28.82494385056423
39.6769220735541,73.89639510240869,58.729230600660316,60.208605890866856,386.88517666572244,56.1057686775342,21.759095469113255,43.22785550476699,61.07089881071071,38.938282286761655,53.68175960257716,57.582813237375554,47.468342935889524
41.294735934665766,80.39936259182124,60.92875259506848,64.75751192895905,410.003527757579,73.95864675415928,30.56286507365615,46.90663934674757,39.71931857241103,42.57110162666098,74.49468045157766,58.690661577719474,80.89986885742644
77.97981045647562,25.214095527515134,47.94818990104048,46.32038149909933,309.99862367687126,55.75368312090019,31.15691419000243,59.414873947785296,57.013188699545,36.45090157259819,55.1053586424887,46.048699100355805,50.806175827729724
89.49988251592578,19.289059769371782,58.25597705937939,47.37338886799338,313.1804039598229,49.21770297049005,29.694276973144277,63.162496648394985,74.17333762427808,35.25010652913648,46.47242513661696,46.5015682667326,34.98618701628251
39.0658874411958,62.98665930341776,54.00390960429794,53.41835055852897,353.6470533043608,51.5647801197151,24.552997389895502,39.74722225445788,72.15156880489022,36.40280986020969,49.561865003636704,60.58752300432975,43.21470338688747
92.39902508859872,11.648687330390072,51.52607438461095,43.948822433673534,277.96725047477264,50.21870408066287,26.221081817773594,50.03142133383255,44.12468535460603,36.667413217139796,52.780141369765694,49.43597159075644,51.40691836549615
27.654240658969435,35.5723996572608,28.908485038533986,32.405136057944254,260.10231653450023,38.194582578000606,21.823075263834042,50.58346359173713,62.20165668430471,35.93278708128938,38.036581005961324,36.57927856390652,22.183678123591605
59.30124881290862,32.695325072595736,44.09868878291218,43.33769456872089,292.9570215668918,56.570967552894004,23.19255185132419,57.338110370101404,23.56383179053328,38.526367391895256,60.59282107408097,42.17127465293454,54.68471249050984
24.07236556212322,45.43530492353868,35.39357780445609,36.890129178972494,298.1137746201897,46.17663558951972,19.168766185507515,50.221822815348816,44.66898336580433,36.57555652721638,48.23791981942487,44.61233967334382,37.40482595523555
58.7468725792081,50.10184186063445,52.70855779364399,53.55985414806391,348.8577988773648,44.20031608252451,24.512724371039937,60.06712129893681,92.54099051062013,36.13451019712594,39.873476561833144,52.34797107113187,24.85177859095167
75.42822314855862,57.346960326099584,68.85986813925183,64.5794654550832,403.97829849975255,52.807774738365964,21.655081060590486,56.46906651673287,80.00408059635285,39.19158491553965,49.11724243941763,66.05142925076423,45.10620166651738
41.01408037541806,59.386975210461394,47.70485653365001,52.03781727644406,362.0390333168972,54.82413171686397,22.381838665677865,41.7928881526295,56.0535542363267,38.959439556888654,52.7348524556243,48.18214244027592,48.02464513708366
50.68490777641687,73.55374501896655,64.00680953319127,64.40621012194669,403.4708630077375,76.89763769419544,34.42502642218712,59.63095841289293,35.33625958968676,42.08712560263761,81.23191819093883,68.20137350628278,92.70423348613708
51.32957461174287,79.68114137384818,67.47539714759716,68.34051466900605,431.86302017760477,74.1825131437861,29.668232311837553,35.55067173137425,43.38332351037665,44.115536063388845,75.5183900115079,62.68348661833087,85.97696638607508
36.99789691368891,13.207326597427683,28.56484475306017,22.723554723932175,209.27425505001054,35.0,19.810189975840007,49.75570614179442,77.63508467481003,29.674964523750514,35.0,25.98287898739765,15.0
91.42328846581286,23.07379463012235,61.015375130909206,50.41359216439855,328.89751218384515,57.33353401487595,33.037723779990465,41.436695639900066,67.55412920082375,38.73022583194674,56.54916111533926,53.16073970157737,51.08015862730754
47.08117082681923,80.65139618122686,63.58508193365546,67.22330603946381,427.2754806911122,71.93767508584699,34.91770997340206,46.97327898672278,66.15505660319299,40.957699606888085,71.48003293567791,64.69658157846233,78.7271810523627
57.727587643324284,78.38759367644141,64.77124313041855,70.12359126319456,429.378164237292,72.50943057886316,26.536237895632052,35.60035170886324,38.964123407191906,44.37966536462731,72.92257621814692,70.63920043373484,83.55105223476211
66.7904148460535,46.91148642516944,60.293760052676014,54.86305779352306,360.7338568645745,50.56645429449365,21.40015165891671,38.92527084046459,70.68587268070497,38.65453556242661,48.394572099067155,55.510526058003535,44.25333143846146
96.80163110334252,57.48948597982637,74.0504045935982,73.21434402923282,436.128698585419,55.1544495497526,22.28150715987705,58.31906444431755,91.78303220000386,41.551695166288276,47.43574150468042,62.422634444787164,44.35976875672151
76.11203429052163,70.38801918411288,70.83730754686576,72.67762522667638,437.8296097661951,72.78385122879416,31.45788122711207,49.271122345671685,60.24674598016204,44.25388206413913,72.12462215428644,65.66997599201379,79.19571577614181
24.305902042386116,98.6009639245389,58.4042536112724,68.88293917167779,437.1583515797559,70.1626735072785,33.130321319529,42.34860525097868,74.72747205850408,42.42011035281707,68.27029491856453,65.69896366393,76.04255697007706
42.353908053201536,62.60748886766965,52.51088601023266,54.5060565418824,369.2268252671532,64.59871074376383,34.53920461959081,36.672065795042066,63.04711381262223,40.39967845120549,64.43849003480219,53.024810548061204,63.32701822945164
39.222502392496196,23.789818895076294,34.29843675005403,29.962892294044256,247.33025763444277,44.17586178106849,33.86569901044413,59.18049513809207,71.97288453302505,30.854107555508982,41.85633693721278,27.216751596567264,21.143573155456046
28.468091600562662,63.319839934144966,42.605401949394,49.37914060071205,339.5841332842978,52.36907424252577,24.328170018163213,56.61993363523587,61.6105068705461,37.62607625638008,51.597001386797906,49.99194459485134,44.53744164878202
14.831630400148141,69.93184163365532,45.51199733552374,47.89175714025245,354.43349318653816,48.57022677804056,21.128697591964595,43.87779046940865,73.77859540303285,34.97098117533598,46.909535883702645,52.773625505149866,39.14381238368454
69.82399501935735,83.9521016831447,73.22081600130278,78.30085901762976,459.50698717933875,68.74023951369067,24.341120697935533,39.46364851547459,61.87883581776664,45.94527772448421,67.39532763353097,75.6109846272242,74.45520239837472
18.53178687671092,63.97047013019823,40.863096016410125,45.794996828803306,344.8077289351667,60.73445516595506,20.082825423130593,41.36083551506687,22.215647645861996,40.033388489193264,64.52164157573336,47.19373683230323,64.87379530876036
18.082829676169688,49.606662851556614,37.84078778153128,36.99712958140184,299.5795825912123,63.33943009600026,33.18880392084097,59.69679077739498,27.7281270073237,36.83091136358171,68.94998325062718,48.55342460611624,69.91003590109263
51.60581438653931,70.26434648307728,63.931122795112906,62.80093364446209,407.27918160834326,81.68630580773977,33.95595512823459,36.61694871181366,20.91348765624061,44.78847884462726,84.99349477309659,58.74352595953957,97.35078105737307
48.73306335572366,55.60614107252241,53.55131110612652,52.85690998580291,352.51239898633133,57.43337406802942,22.272230681416666,39.98601610426236,46.21055896494691,40.89890138066557,55.122521054934786,44.06769273880636,50.15086685599878
61.7515896352134,60.79137988033947,61.14561434265424,61.17546378228904,389.8643532481894,57.887751621481165,26.360440754602358,51.96369098222324,73.66294659658465,38.004079081990575,54.77126348604883,60.730900827771734,52.21236762837697
83.05559738396369,94.60444795211724,89.90404389565276,89.98490772485582,516.7073395154111,72.50251353755998,28.256534615958174,44.36003918325351,88.23677306240452,46.21933970689926,66.3712562390913,83.17393326794254,73.3250787927364
12.940783534045233,82.60805574125128,47.37748534196032,54.741146858368865,379.6572318511342,69.75075508567383,26.008876034961816,59.56213971363956,29.34606557806409,43.12599101556333,72.87186500051361,54.08125864820992,76.69933596541146
39.29626446836349,25.677698212754542,33.34511470137092,31.125124714998122,252.12509075436947,45.638836813079855,32.71691686950806,35.963287414461746,68.29009456663448,34.436115386015075,43.88254363074862,24.808108902270092,28.15542088350575
91.64728542499728,39.60643738405934,65.65253673854066,60.42277660043452,359.48873893446955,59.31488524078567,18.11827898415595,42.203798613545594,27.560539785431395,42.129013141004094,62.01010849117998,61.926521686338496,64.09526608219147
40.34124972159921,89.53472976905279,63.27012517053554,69.85733775007135,444.3684305823431,72.40162584830126,19.695426529846,62.6586689039825,30.557784332841,43.82357878131005,75.24381925569485,73.56955894330613,88.94998863504541
30.427784326413743,10.08393078494664,22.313062198139704,18.22147220153348,203.3685910716997,35.0,31.768523045203537,48.80619854469846,87.782544604933,28.625511008416126,35.0,10.0,15.0
37.87110673821901,32.97607692160457,31.725570365651258,34.934088848250354,273.80748462864585,39.24912589894795,21.90934406181758,39.4440176604915,69.03724728707581,34.88735679493521,38.810663896250034,42.59490769629309,23.882438175786113
92.39816229904405,81.85601364153156,88.21183582635331,86.07287310453655,491.42157316138065,89.35647475664558,34.710063667543764,43.22408501575815,35.19926914928233,47.888707006201784,93.052335769123,86.37243928999285,100.0
53.73808100439418,12.8536530214142,34.194357323627365,29.207424214606196,239.7531271288423,45.602766464316176,25.084734030608903,57.71886716213579,37.02509745038155,34.34873189544757,48.795814946361524,32.81381486085144,35.637102442176435
82.85626146911765,44.07135450875184,64.17675787677663,59.58531729289817,374.18055219093316,46.761386796495906,22.10051516867639,40.04423257684241,92.90719949092332,38.14642309800221,41.65710522666474,65.90458649244877,32.504345677801254
55.04738667172691,38.446013170218336,44.0876724316973,45.08656257082177,308.32604983091954,43.75297447818559,18.6077227059197,56.132708644324595,56.90874928143962,35.74331608868372,41.54375935521324,40.85400334860371,25.84759609017354
18.290511997899454,77.13112764013422,43.87490717357997,53.59488138324032,369.6339908516904,74.76317493812715,33.141333490162424,56.55593954366738,25.47262496942658,43.037568324699464,80.24056774934395,55.18620907104135,90.37842589649429
50.508282325051056,13.511223810119539,28.125518199608216,28.310047216092144,225.1097205823845,40.181177398852,29.034559589155318,52.014892637401765,61.50721708727956,31.43506007067095,38.23101899467507,21.717956515460198,19.205481075913053
64.99317734138415,79.40386213045977,74.46992196905707,73.63958821482953,449.01120892565956,66.62381034197927,32.585183071839715,46.741342800912406,86.65199110885987,40.229458784135886,61.86299986784228,66.43257727795242,65.02562087536563
83.38466084057124,59.26424879678932,72.25334122200604,68.9124136143021,414.9825994599248,72.41998345575722,24.65833122893975,62.46430643654995,29.420952764022655,44.48084193288956,72.29008818895238,67.87175313388082,80.12909141151088
55.662278785295165,22.452788973202473,39.16266589135504,35.73658489803955,261.46231308924854,35.0,21.13363293279925,36.945026563585735,77.19894190671056,33.3959010084581,35.0,40.30788262201017,15.0
43.08447204837841,66.96434292677502,54.9827623271117,57.41239457541637,387.23873977268914,75.19006157804321,32.869933733554106,40.116811340195554,30.217523865929422,42.73492860146125,79.10317228754299,54.3356307416092,88.8168165195166
27.728611629798117,30.84330387989635,29.456099785439758,29.597426979857055,244.66737728439972,47.4523509649151,23.19233877561155,44.64387433843413,31.972244993957307,34.774385669632615,49.746014532994835,30.722716406146752,35.74159609241556
60.19408463234271,90.66552478751251,77.70229894855544,78.47694872544459,477.4997526098648,81.59971484981044,23.35596044232919,51.2564051982866,26.84336309781915,47.83324136889495,83.99903843767602,76.75287307210812,99.46177791877693
72.19756438691968,80.34626535358593,73.82182633445129,77.08678496691942,457.02449554451914,64.42801708633161,26.71404572954404,44.918024299100054,84.53836149405838,42.09106438815248,62.32580322185278,84.28325238609676,71.50776466789522
34.1623637684899,58.60279391229288,44.094635745782384,48.82662185477169,342.16860423953625,43.11872514021978,23.408978561647952,43.00110291911643,92.52387635210282,33.98024312182847,36.644219117775314,46.36752440235754,23.250446715844227
13.562928540890791,45.85717252714014,33.191793015382466,32.9394749326404,265.50314966655753,38.177297563128135,27.994056762806288,50.04189435785973,85.50381232782856,30.742386357037102,36.52992839195159,38.686521400971635,19.39274503203249
45.01986894571735,37.60310267708138,40.92217961263214,40.56980918453577,293.8176789045134,57.14793139495508,25.34967629793731,64.37785596825927,26.647473106218555,40.482483651455304,60.512240155086474,37.64833403613336,56.010012665821534
41.72074656513449,48.30754981982905,44.29029603471148,45.672828517951224,320.5628429712029,67.45593597155505,33.73399846799721,59.86789673579037,28.174999239723206,38.226515744679794,71.10441038549507,46.87167938586444,73.52002208210318
10.635355336327162,38.17707500872556,25.823740961907603,27.1603871397662,247.99983251469575,53.26813069650192,34.6305812619828,61.22311388198632,46.930308428236344,32.40280666237876,54.89165699238867,21.367969330500024,40.78649622923115
89.9070691175435,30.97615317543314,63.70767958390485,54.548519552277284,337.3452245124421,52.103740461479845,34.59902478052895,43.43780061141424,91.50768685683764,34.8942379565247,49.186040927835755,45.48672602014169,41.60708839588349
26.791235247275026,59.20291984264437,41.0230404492817,46.23824600449663,342.9324490859305,54.23773546297799,18.486730295206097,40.991848403337094,38.17329547905858,38.77482178573584,54.81616268924852,41.341649978073875,47.50927916133229
72.66158108400703,61.616616267624885,63.85112409967739,66.03460219417774,410.8977030809253,65.80502817778003,20.82904283328598,58.59102157885094,38.75425688826149,43.0954668449418,65.84362209374767,60.49052058774501,69.99824268644093
48.2454735403183,53.44021116358285,54.26222504381268,51.36231611427703,348.0763347152507,52.71103627726787,26.289173446842536,52.349873081129125,71.69223022722139,35.99186462731136,50.101355271859326,52.765502948190466,43.116224321432675
79.18407488944275,43.54854748007821,58.16925114552092,57.80275844382403,365.6043491726941,53.15936059678236,32.96223300837191,61.63260528241959,91.82476061067298,38.8414478478542,50.180558338195894,63.60879680261417,48.6996057126848
63.355891368958815,42.48725205945525,56.157363132457334,50.834707783256675,337.05931657501054,54.62681675039136,25.901331500937513,64.92541236985687,57.01252730544625,37.33622653559509,53.01898370841013,42.5155059168719,46.42178466989688
79.39519532954544,73.01411677581414,74.2383986852133,75.56654819730667,457.69254864775996,86.58861099026781,33.188538911396506,40.82458089855647,29.784172741354546,48.144326658455554,92.75855946158475,86.05502414233331,100.0
75.60427151104399,54.97455096689335,66.47108383729051,63.226439184553605,391.6476179374184,66.85761411937291,26.360792479481752,40.153673284333,40.90352863558617,41.27294509753072,68.85120965981791,63.549129499602216,71.04522530637497
63.69571470882448,23.70369754720079,46.049445534294335,39.70050441185027,287.5888312786781,35.0,22.034400971466148,43.65998908026381,90.34908990946228,34.80886956176799,35.0,38.930304261715406,15.0
49.443939225523756,63.491303096493404,55.08663460193178,57.87235754810554,384.75242602938437,59.61550831995957,32.28764288785969,44.70828408302212,82.8992865869343,36.51428199804054,56.790198856546894,59.125515919812855,59.3381384982187
89.89437283632928,42.32383845208558,64.40632375170846,61.35205220578307,374.7411568253715,55.94897305725706,25.75108515806724,45.332841386515646,72.03059740237464,40.77325102873794,54.12050169470797,57.59266457784553,50.0335978060735
97.45203304357798,74.87229008537675,89.78209196795197,83.90418726865724,488.6522972250912,82.66780114026653,33.34931718977731,59.43257591644024,54.436934778193354,45.111120230236665,85.36300447616796,93.95552916784001,100.0
54.44508642379596,56.74729136991345,59.38843869663122,55.826409391466456,374.6019869743068,57.639005712557456,20.749117231611837,46.06647564667668,51.796713459744645,39.58020466074964,59.974079494759366,68.84720115769453,62.85603847845861
21.63461400818637,73.53839798344345,47.0699950270312,52.776884393340616,364.720480264031,55.9756573418929,18.850319955337167,49.61748681036353,46.657751054339855,38.88434664089335,55.35841494738134,54.74752887280117,53.30992667473964
14.35137442778256,85.53899035030591,46.02486031867866,57.06394398129657,402.6036404913418,71.15880671638314,28.669537857706,44.65539905603961,38.48584321825521,39.51122287548273,72.71724271104253,58.619019353187525,78.94741540103709
61.93024516631343,36.52571115287539,45.508497751744166,46.6875247582506,308.0407356642864,48.0146692325662,18.4479046472966,57.17374001409639,43.85072786107236,39.9483979618,47.428836573416,40.37490178798674,30.350697176177214
72.74676816100914,34.34175505884393,50.516960406194755,49.70376029971001,327.52808782986045,48.063015648650364,23.55861959512657,48.27473941004112,68.52100312529791,37.42964998047746,47.52014286400945,58.03752594242836,41.40185815963126
69.7434658356542,87.74680460226253,78.20330552126372,80.5454690956192,478.416393881015,87.28555801412604,30.992175554490462,52.47661511125982,25.325508516694143,49.262410582465016,93.6200555871054,89.76509780819563,100.0
93.87377550480988,14.817962347806548,55.12072381258414,46.44028761060788,297.5962166889746,44.790507757874416,23.620760232612213,37.70955680897219,62.19905897534819,37.15710145900433,45.121080729145355,53.68234596121983,36.67395115476322
46.03342528621239,94.8234764073702,73.35188608745278,75.30745595890707,462.89565399844037,70.03108298512758,20.707811634940793,48.0616818838404,50.14240309669749,44.859125284548576,69.74243502036853,76.24988786270917,82.00198739060977
19.224392402787366,86.38792886422644,51.2842772989884,59.52251427965081,412.8173437042559,68.34290091833498,20.003621847556094,63.7475351669751,26.825885516188773,41.87302685201632,71.60256687763625,63.46217054213107,79.76215911395427
61.946318314492764,66.07063505474056,66.77183029822282,64.42090835864144,400.7077822359384,53.55022715822673,24.02251726256964,62.178557575839335,87.57226220290728,41.07274996747202,49.060608608531545,63.84674623321033,44.21008686145003
46.065786073644276,98.18132067918847,71.90180109104678,77.3351068369708,478.02816280649006,85.29654494333127,27.006173559365575,44.652110895748336,25.626656666968863,48.54619589238374,88.61884877044095,79.21688128003025,100.0
32.35386112040952,86.51586173169869,61.03636750040653,64.85106148718302,423.63130892860056,68.67022130235272,28.362665076273892,37.73198546246543,55.543982068339396,40.59851613285592,70.76197283876886,73.62018771143175,80.06200107718288
45.530581722094496,28.489685298084943,38.20010900798295,35.306043867688764,277.31724708915385,48.64527028967642,30.721419619082344,61.062716916097614,60.24160032580995,35.955506602303494,46.09531026054696,29.480042432422586,33.075133961356634
86.93809729955133,21.972768813737424,51.83775027170409,47.958900208062985,307.38306679179493,39.02962304333972,22.942645720141456,53.44312859468787,87.70820358234087,37.38346792587693,35.0,48.06171256021212,22.001153265769663
28.332771323683495,56.69726867631949,42.9556808115027,45.35146973526509,333.47225727228107,53.36069708271624,21.738010825024936,46.04931146260195,47.30206019109247,40.03091690943558,54.73549575021086,49.40812132987218,50.44477418285474
88.69865461204103,52.2925970316685,74.05656588059513,66.8550200638175,396.8013144415611,49.70974312232827,19.26070479815852,61.74361619434248,83.57608984716624,41.992376730001936,43.704218126813004,58.78506442833701,37.58257506243161
43.64808461667055,93.17566845635208,67.86881394143848,73.36463492047947,459.42960782380123,72.74422892797917,25.58394322112819,51.94454941880591,55.28788092442454,41.90905944286943,73.19465823318552,83.96083685662423,87.41626993645272
18.729118649933316,90.89098219439563,52.53023097701395,62.02623677661071,410.09911043715056,54.6993678711038,21.085635347565425,35.419451389140946,77.8854101358676,40.915077404965984,49.521849817466084,56.940177487109914,41.78028400883078
51.88154936811677,94.93678969447377,71.38798050583722,77.71469356393098,480.35524666412834,75.73902751842384,25.470619795979644,43.935420450800656,54.19369527665853,43.04656383209706,75.44738896632754,81.7870272276735,89.04669811723457
81.23364244615823,96.13953324324602,88.50971313226813,90.1771769244109,526.097409399395,81.80528706468145,24.302081169642328,40.531047140590815,53.23069497000866,46.24351938732352,81.45858668345282,89.31724444737002,97.81483017212676
65.12881926235693,57.88907931579083,62.80643637476855,60.784975294417265,377.46079001277263,52.455595816600336,27.435314911489947,43.61637713382085,90.51320474757925,39.179924798724365,47.91226912875794,64.67811211762805,43.14329663116409
88.12799411691988,71.74445491106769,79.09325707324203,78.29787059340856,456.71727684336713,68.76551470215837,25.747508838144242,40.31124323179719,67.5500575561991,43.27813820247238,65.98845730195849,70.4303849733364,74.39328288937614
42.04979559315741,28.68393301894011,37.576079218893746,34.030278048627025,265.1843293700311,47.909898182787224,21.82075064901508,40.85523845120019,32.405067837601926,38.00290052851217,48.497827354316534,21.02740295098037,34.99982474665214
86.36177032719229,50.14577039241251,64.3767003656802,64.63217036632443,391.321305746984,60.98248723741344,28.305290136210388,51.732942772941854,68.85020793501542,39.32736377568248,60.012785468739544,65.68559630780183,59.99360403522018
39.83970996711584,73.18069357094936,52.89312656028145,59.84430012941595,392.14123583447514,59.16868689989377,29.985586878476656,41.80611548994482,79.64652835979169,39.3171426921079,54.517052730593804,58.52976414004112,50.03174600659781
71.45157250676928,48.5990270465194,57.64348523058059,57.74004523061936,361.0220601234662,44.981241050490574,18.09866407033,44.02873146676018,76.16882303588898,39.78595494321558,43.147602681743834,69.90322685072813,38.36645664027127
90.69412991362823,72.90211008568517,83.577587383836,80.01891801686239,458.09066535537414,63.571998054839135,21.73984915724782,35.26444499883418,73.70957303575531,43.08514927456334,60.90102403266297,85.18706403075694,67.33409959670468
39.997135483386415,46.355377610522325,41.9658790336982,43.812080759667964,320.08073347368696,40.05903733601709,19.64817367465415,45.536510589154645,82.79299996365945,33.28240607908289,35.0,42.92394557155147,15.345556820882443
78.3224404414399,63.03748627838931,71.83488896385515,69.15146794360955,424.5254700760759,57.841387428028526,20.005642990429436,59.99628370730787,72.9214853135108,41.68897102329872,54.14538550890482,64.3793524454,51.83990362379219
14.859151154035697,94.96273868904497,51.93956300791536,62.92130367504126,426.43610952591905,58.05779145400143,26.605927613544964,35.768967496532674,89.35606068982713,40.10154918859864,50.86760702718039,48.97527871497191,42.9218784479831
41.97853819002714,32.73311701310205,37.40935720961499,36.43128548387209,286.6673072748897,46.30594227746464,27.774209384903905,61.697931676702936,68.81591281218329,34.410595887826,45.53200055127547,41.90853290641684,32.376212306418864
85.26767286393857,62.27994957754734,76.88655040673464,71.47503889210384,435.89064381345935,65.7501004149795,18.911682636314637,50.02907905576605,48.12234118058969,44.37815485009614,65.21536741238195,69.51128580011844,66.7563587006875
72.36811503163116,21.964366372380326,49.67877594961588,42.12586583608066,291.3468021048541,63.047706101803755,34.142136430932084,45.1858675739208,28.110945675289898,39.04481963406225,68.64887517006532,42.93506320129367,67.51228430404016
64.75068932727748,62.08460931579502,61.66471550607705,63.151041320388,405.21587023423905,61.55427961915498,23.16987012482823,48.49176231776318,60.78218419389918,39.431581867678574,59.41351830832628,62.247157546370566,59.263315622458244
44.08162328342904,63.41802669123968,53.859046361905,55.683465328115425,375.0857360149527,47.39202993546431,18.94322701515448,43.536218308161686,81.44229326300767,36.05455366231022,42.74268849025406,62.04725301129234,33.81039195366694
37.491718995807595,55.7801089394808,47.34598967616428,48.46475296201152,344.89455996242094,60.13185089252815,29.156078185222096,53.26274975388659,50.8836520614331,38.486787226568445,60.15190022663867,46.90864847446875,58.11845918851621
10.503441975692887,67.9674708531353,36.855153883524736,44.98185930215833,344.1109728964744,70.21346187348958,32.60378760501315,37.30182115784618,27.979130406055802,39.63836498297703,74.21253680731137,49.73744083866992,75.3796498897354
12.232690947723771,76.76337503556807,42.216062318246586,50.95110140043035,371.5241399392564,49.98826656556449,25.14493442092234,52.31232327895296,85.47115478067514,37.82604192932048,47.24353819601777,55.52080374704531,38.37662742661561
48.11105791698754,27.091737426751365,40.83680041040665,35.49946562284583,263.43355006846787,35.0,18.43872185925093,35.6083992130226,66.67365173406982,35.12269054117061,35.0,29.81626120550964,15.0
91.76223903683666,29.804372931792734,64.78069162625144,54.58751937381031,333.78902196689506,68.57775886493772,31.116289774310417,41.70237634788875,26.063510123244047,43.42390674978134,73.958091678102,55.40348949708615,78.24716029314877
59.021802076184706,85.91309411696365,70.98789585112341,75.15657730065207,459.7676015758981,62.42237331105451,26.251330310477357,45.617174787705764,86.85912984172792,40.24922831745536,60.711849837683225,84.35676041616044,66.27032825579425
93.29761818212945,31.948950619469986,63.97017001773887,56.488417644533776,353.72045188984936,51.36021683297989,25.618187890907713,63.12577960278749,75.2492551414093,38.239209789928275,48.09524517664877,50.294342553912365,43.04442596306744
87.32538737669468,41.7630909429557,62.943325080271634,59.98800951645129,363.6440848034945,44.00095874693674,18.642310457098116,36.29041893140166,85.25413948319621,39.090603520587216,40.192364733066206,65.25864455799939,33.78580615168969
41.63116230403705,92.47696788617905,68.64332093575798,72.13864565332224,448.82424138139186,79.31326867029689,27.58944366870663,50.99091684464767,30.342411629775047,45.80808073635134,82.8555170330111,71.8479591808261,97.89960645047874
69.49292844116627,41.771548600470055,55.73374309944865,52.86010053674854,347.22853601961435,54.94148835218205,34.32428952842444,42.61008377365089,85.62327939680883,38.475670987517056,52.61199675405526,52.059889528095106,47.073217378036354
13.696507532855447,90.71168203189569,52.07987725464111,59.90561223227959,407.4360893572798,65.50122379193346,27.62993230165378,39.481536403136836,55.1874536425549,42.088747266568106,66.83783206801941,60.68890639385509,69.2534987618531
80.2919209620873,94.12188874030359,88.07494175496174,88.58990162901708,509.3136941897623,84.38184689403612,33.71051513532388,58.25947261641129,63.08213622523584,47.22576832324063,84.61156241366554,84.20264872316967,100.0
24.681764629033452,12.054607769107545,15.435236092172442,17.105470513077908,194.3158099783076,43.678397907107474,31.638909878182687,64.64610478180923,45.97726273313707,32.48253938327058,44.44663719468728,10.0,22.568775107334705
76.43812851712636,17.918822692371116,50.06847068621326,41.326545022273216,289.3727211762974,51.70807727851874,18.567851111816385,37.73253244640154,23.684517041888924,38.536052668746436,52.69208831415713,32.71002942067687,41.75005582563402
14.00841372495102,36.72021292718338,25.613188706420445,27.635493246290437,247.02838248015692,35.0,22.655322824687406,38.939697492929525,81.43733750721722,33.54940248210328,35.0,31.272144670805456,15.0
73.22284977672763,44.89062859751962,62.296175322978144,56.22351706920283,359.51724411172427,46.28249045517097,25.656631298900827,54.40018259479716,91.46028861868798,38.23055984341641,39.596885793346075,54.42785195771744,30.285409144001914
82.71168518790714,75.08971347148918,82.81536562432436,78.13850215805635,456.8213315040548,79.45771448144878,32.87482141541516,57.998679955234586,47.163406816860956,46.353896104051394,80.30806346406774,72.84998462354508,96.59802538450212
35.72153519841428,68.36417985879203,53.175817518318425,55.30712199464093,367.986707522133,51.79979822817087,18.516756051795944,48.00867760705022,62.71339020083159,40.65691673623687,51.06534155142189,63.450260484047135,50.66170246288454
28.02253419464669,43.0247613975143,36.597471786589416,37.02387051636725,278.06890228907514,52.89108930468756,30.281842275762216,60.066065038045004,49.93562458204636,35.94217121574575,52.89804965298896,35.04995847039012,45.02143574174249
38.50989737741543,70.4201626827631,54.970614769674555,57.65605656062403,377.14252518638693,54.12854094816624,23.26880845689583,61.99949830635963,71.61308275416975,40.89918309374578,52.71750406669063,55.83460608116197,49.8382778646098
85.1755569538627,11.984851735979278,49.45624532451643,41.261133823132646,275.48460763848004,48.76201933444021,25.066237025507636,59.96122217656328,43.23798286457587,39.3906060544736,50.3952112606197,39.35478029297431,42.80693873245004
32.1931742056568,38.90280419808097,38.22637714250841,36.21895220111131,286.7465763815646,55.28379061599347,23.59462996535091,51.018696408048015,24.626022218982158,36.83307123632043,58.516290847612375,37.17952353650465,52.789699711747936
58.797104900804925,63.41945638451528,64.9240490796702,61.570515791031134,395.2320048926095,47.37196757716212,18.52337167063269,56.714083298915696,87.91015191030617,39.695022320379664,42.35579401940551,62.361670139297566,32.82611152298634
34.93899712221226,66.96804529616914,51.81450981626221,54.15642602658639,361.60670657480955,63.197745232560884,21.514692977584065,53.6488873412964,29.61724604778306,40.60575754254765,63.50027164906703,53.44734953824058,66.631142958966
76.46982579634955,90.24715141743076,86.68227250747827,84.73622116899827,502.7809188297908,77.2745710868191,21.881624222086277,35.744279901276975,48.78304477667179,45.30552047899717,75.41936539697325,76.91133931149778,87.5998050517334
83.62025256352369,32.13815069991522,57.33701823564779,52.73099144535861,338.90076447233804,64.5042743875282,25.300119376488308,48.238634083998306,24.922099650180527,41.21282434300447,68.19525711790192,51.90331449712023,73.69232803619194
92.96393609726434,33.76842368130306,62.887333541587196,57.446628647687575,359.74206694776376,56.87040676814762,28.364790679358656,38.31759031891864,67.07995516716993,38.01884702750698,55.74090264283657,54.21886932421268,52.329759964367106
50.699496113094554,34.87037557899458,40.63266663177282,41.20202379263458,303.7086236503669,52.5276643514877,20.907184525109884,47.77605682649431,34.03798361952103,39.43462270527542,51.70633419874186,34.73529621096042,41.59474323606202
73.1723708995512,89.83642794631092,84.71833283125619,83.17080512760703,487.85422190319133,84.93298545568229,34.191671473488555,35.74627646043816,48.26266707621242,48.01975919201192,86.95734008618228,88.92518814124398,100.0
63.88357786652915,49.01161702967749,58.261476138930064,54.96040136441815,364.96495138694064,50.951719949641046,29.46138937402863,41.13400160592727,89.95114267703767,35.953168379398896,46.412587580879354,55.62025137414603,36.38866068819039
63.17307690922852,82.69032987306865,75.02250064077172,74.8834286875326,450.98229626790186,77.69639977582938,22.17027846576166,63.97374590320903,20.617718119397008,48.34381899394627,79.94552735770284,69.99451746413388,93.2840453229715
48.7509561026062,72.93373464104991,61.54369778361414,63.260623225672425,402.44401791939714,75.10861683834538,27.415125569753002,56.921206530886586,23.175120942686906,42.1081246552558,78.50244668557036,65.15168403889189,88.37463653789143
27.39504244493567,58.81503913167208,40.03346846338042,46.247040456977516,324.0035140062064,53.83375662121027,18.869237847813853,63.627753245459296,30.671466395820186,40.55454460141678,54.12337209013658,39.146625541863955,43.99839646522264
50.90864185358224,94.69064754014839,76.35832832103121,77.17784526552194,479.184933838847,79.77806278323868,28.235731112164945,48.64880952179033,46.713390074631576,47.03040494034653,79.83638806332392,69.86342557682478,91.07688467197332
20.0883150355422,84.48626536192698,48.50834486158204,58.72708523137307,405.6863343644666,54.33495689146684,20.384845217395437,61.59692337893456,74.7329478002118,37.60000397691436,48.40438545631981,49.45169191393937,38.87668592403721
85.60803354817754,45.913526219143414,64.94912959858354,61.791329150757065,372.5773394141725,62.218348349823614,24.512116493458237,61.148505389865505,47.23465328672269,43.62173440022789,62.14093238357636,60.426223063677426,62.71864878995427
10.384910440904822,34.37459195377802,23.1607831429059,24.77871934862874,242.68838253728524,35.0,20.26760649058541,38.31624093250206,89.15694901792487,31.323355806554662,35.0,29.845729003453943,17.92039577458523
76.74410576320314,43.09046622343368,57.87004257325923,56.55192203934146,362.6395607462356,61.636311621347396,25.13442896667356,64.44131312978584,46.21138867310758,42.43142143693078,62.413916476203845,60.23399076202153,65.29619475867655
49.610935991901016,76.24303084302558,62.66272269077368,65.59019290257575,411.6751342379504,55.69375695354503,21.388952192059666,47.76293582769037,76.66209927606613,40.71716043720445,51.862305103994586,64.94228734711584,45.40244254873652
13.906783317300775,82.76038502027274,52.25272146670575,55.21894433908395,383.13408888941376,51.4910719220554,18.186382103236237,40.09377918652842,68.93951583128141,39.081323760911395,48.47425907415273,59.39685822078258,40.33105544435024
58.002957029012656,23.107368956351078,40.17567902016653,37.06560418541571,279.54601702369024,43.90416959284621,25.160253457031644,60.18700119426266,64.26900239447707,33.78041958164272,41.41369180749248,42.97917134478772,28.162948070794826
20.527478677414187,47.087071082403455,30.389373889825833,36.46323412040775,280.9126807273657,36.82873811495312,25.070581059856174,44.16144445905391,89.41582443966676,32.371468772837446,35.0,45.77009947699886,21.485191748419915
42.12402102589799,18.918810065496686,31.91110872746413,28.200894449657206,226.81346103791176,36.23472501952489,26.07998060161364,40.78405707999378,67.05316283265216,34.757623244863815,35.0,28.778161777771544,17.388422933220877
53.63392273715412,92.80769089291122,76.34053376500613,77.13818363060838,477.65962308827864,77.88398124992823,23.03634780638533,51.35025247171822,36.792292497926375,45.80268379108589,79.02977703901217,75.72413365539565,92.03792712505484
64.72561282235463,12.222410138637677,37.67006328258067,33.223691212124464,259.1024225168652,43.357168024851866,19.711791218764652,47.71079455998927,43.036246264246415,37.486664859080726,43.62155691179917,34.43925795354304,28.81224799310083
65.18817867737835,39.93681535765017,53.939172142362764,50.037360685541444,322.7263458754256,53.248149401988385,20.26778699801732,55.5911669831793,35.92779914768733,41.564346122053735,55.491081837857955,58.79303867261366,53.76052517040663
73.89733401650884,37.98842059211944,58.57405420012116,52.3519859618752,340.92623750589195,51.9808464121877,24.615091163455514,51.729271800294754,63.25706355769432,37.119012997772465,48.556589099085535,46.39016817053342,36.06496055603356
76.97773178670269,52.945918264533866,68.4843542515324,62.55864367340139,383.44138010304084,58.309836896936446,25.066960830843794,58.60870431437124,60.95184449905627,41.07486663392159,55.25010960565943,54.95969965664143,52.296852641572634
40.00064400890396,58.37455967529701,51.91188888169403,51.02499340873979,358.05698997231906,56.899624054861896,20.72669587510447,45.18719423624509,45.141738516017874,37.78233865294511,57.38808970685197,54.74357251073885,56.81195399808268
75.12316315860758,65.86533681046586,69.49943986848074,69.56846734972254,415.95994789721976,64.28486208797192,30.058505497191444,60.636955068237214,71.4390869301119,39.66144979866928,62.144990070222796,70.1644214147605,64.87606484931297
83.7737282122179,59.440299077198006,73.12676574184177,69.17367073120596,426.0054908662728,70.51552573440294,19.422576800210855,62.03672068933368,29.457702199055696,44.43342661148758,72.5669771081199,70.62677822045497,83.32904902497253
62.28120816823741,73.02511277927158,70.3152298213762,68.72755093485792,418.2694969796591,71.9426271866229,31.77117823989687,49.4382845153485,53.79675688311267,42.51191966300772,73.24613405876462,69.08564289840932,83.80716904695613
69.76333715746784,64.0160829401621,67.40821229750443,66.31498462708439,417.16542066120735,62.49012359839293,31.9679921517965,38.66866163541798,83.64407427731587,39.55404515353507,60.03190757139743,69.30576086440792,64.47494067775084
81.13609273555987,33.44292146407016,53.320941671192756,52.520189972666046,335.7362049309128,53.21374356743885,19.703880362929034,57.63127866574729,40.70563520520578,40.07257356398398,53.960624573136265,57.218727432394004,51.06790578444218
90.7334750467961,70.5054716184371,83.10764684695441,78.5966729897807,451.5318326440385,62.87518862173147,22.262441042034926,61.83616556721773,73.6329210213567,43.95884968155246,58.46935202761416,73.72959619725843,60.932414530481324
79.03085570222416,70.4054780231665,74.50060257559713,73.85562909478955,450.19983946714075,60.07752699144361,23.71471430474668,43.82965232693708,85.4597243809582,42.59941106941299,55.155566153651165,72.24471684597953,53.4875940395994
83.60964086660547,94.54599583056617,91.52291375078516,90.1714538449819,517.8049389662989,91.70089180847118,31.40766929693421,45.543250204120504,32.53250658242254,47.368692138765645,96.14613727395657,98.00921494550656,100.0
28.173158513820994,96.3140498864526,58.44363710294153,69.05769333739995,451.374578931677,59.08923832362613,23.463289247594794,36.12463870608978,88.83519051571878,38.644446613808825,54.01677269742589,67.79702628239455,48.696437829509996
46.81646409161663,92.67625946596347,73.03237628069522,74.33234131622473,466.05096591363133,81.50308764105995,33.039600416168696,44.58944082762874,48.58319945062121,44.92130786093666,80.86221673946226,73.34977674409389,93.71432323670385
96.78386742156518,83.08000272447747,89.41177665612568,88.56154860331256,509.83142669629854,78.17494237916452,22.582548785291813,38.0050797871199,46.43232691645555,47.380845739905894,78.83269421835512,86.07283047619839,93.28308075673672
25.39972093005139,89.18274155415284,58.16073146516452,63.66953330451226,429.5621941429761,80.64479908917241,34.97875058465239,46.15580345999283,42.410229806245596,44.04790316312944,84.29899481399791,64.36990754431139,98.60675254752879
78.79363557574415,41.62523403153968,60.80359784569861,56.49259464922146,363.33466678771333,64.50016573621369,29.697935896437944,35.63491441946115,45.25292516731501,39.38603959582195,64.46766073083546,52.98570662310918,66.2794378600461
29.207714491097978,24.617454982860746,24.80696901374831,26.45355878615564,234.97736815048202,38.63691587411857,22.610022357090457,63.42807504823166,54.78989160716357,31.671775670559704,40.84894536911754,37.863073368726496,23.11425178896083
34.604304606044415,60.79619301426547,49.87746884861466,50.31943765097705,358.3471047904208,56.098661164904556,22.43916145536231,45.04570852996943,54.81998152144548,40.39337711244327,54.39586720854921,45.42317598595521,46.068221039371586
65.97155125160594,94.5050934247854,84.21219250055073,83.09167655551362,492.23893298961565,86.54397391038383,28.18321483094841,60.688029605722434,28.8096554597288,48.73365404964255,88.99437588429662,81.02606212666706,100.0
16.684505252912682,71.89123622444822,42.30981208866808,49.808543835834,353.0518596894586,52.01325419844143,20.058382070104866,60.93977341669675,57.008320946205394,38.685801479332646,49.12888455613225,43.39956573407696,38.41644536681301
19.140893544535324,73.2029083460888,43.84259710892793,51.57810242546741,360.37895043561036,53.46585196976185,26.078866939029584,48.48053950188638,73.14343437987495,37.98943495698628,50.53294046439809,53.42964806409545,46.22320244134729
38.36533143844168,48.98179956270432,42.13326288484121,44.73521231299926,329.930961356378,69.11564332142638,31.838882749164306,39.93964064768089,20.419561691140213,38.37931484655769,73.11329651070542,45.170743409529116,76.82480676571461
28.973597551232757,45.53763378629494,37.318769345014076,38.91201929227007,302.7174934712749,54.071338857015746,32.2650672528048,62.29154935723328,58.193393787715635,36.68227172702561,53.66099618604075,42.17130813984807,46.8485020808208
47.99108588234178,66.43049523929803,55.26667806365015,59.05473149651553,376.7851307348295,63.988905863063124,18.17397555894888,35.664786066335644,20.626230313532723,41.7833627303823,65.66505221310823,55.352601593079896,69.60185560114665
69.66931315731541,36.35130593305507,53.50323882351688,49.67850882275921,332.2207959923854,49.396659915010424,30.37777637025162,54.996153658930666,85.31078185817135,37.58483122572974,47.78464291883577,50.39961760712256,37.3707878533046
82.00265612060076,10.50303733086544,50.18882279785191,39.10288484675957,262.8306907596108,49.593149931000035,25.994232756219596,61.160892045286005,36.87802992831495,37.55957316762344,50.094034678454,33.18517799270495,35.73209178334247
97.39902948465328,98.53835960803573,94.8869847756294,98.08262755868276,556.4475224842535,88.9620898042917,18.879673154374718,35.90576046011566,27.900042068372322,53.20811732547215,89.17491054037534,90.79374711969675,100.0
31.16708761340334,55.88368247268765,44.08302209932877,45.99704452897392,324.7281748912452,47.31989133686952,30.86258739752907,44.28659508207952,89.15984941470577,35.613452669024724,44.5834806471006,48.86100134002205,32.14700406411297
92.3640535281171,24.6619524143312,54.85020630692762,51.74279285984556,325.0847226790999,47.40003442618876,31.620568304141692,58.150043189322375,88.96479716846244,36.39903331316519,43.84156383446506,45.391746642910825,33.00021904317765
18.21287458374472,25.36650869768549,17.88801692996047,22.50505505210918,223.18445673467767,35.0,33.074484663080376,55.11989948006298,93.65300656932365,27.711006195917175,35.0,19.647802028837923,15.0
20.56024196628615,57.345484370188345,37.80723321347672,42.63138740862746,325.19372283031663,68.82533368165964,30.888196510446363,62.31837522117816,21.11226218237809,40.926337122599975,74.40016056763358,50.35975603656077,79.80827353063863
17.15256122599812,11.855226342885372,15.533855591066315,13.97416029613047,182.38461117757575,44.77807467013529,34.77753314170961,46.94129522312287,44.892971367312256,31.980577264501296,47.8957515652505,23.520645549262788,32.66247652448657
29.068424646074558,25.105386137560693,23.088167348442077,26.690601540966238,240.5352343571527,40.173984573154634,19.88865255038184,42.31517299087821,42.340724864209506,34.72619379042288,41.20345322991756,32.50656913577312,25.246113696224683
20.906649095270673,54.42982381446074,36.36395475764034,41.020553926784714,307.1341204430208,39.331506331775756,19.139477343637886,61.871575242440045,71.88639395937881,33.760082974420925,36.94193420645798,49.453810695124204,24.32493609979674
52.05320289746907,48.25956547311147,46.24460885944147,49.777020442854514,346.3360682756022,49.2921397930544,28.256233932612034,41.09461811569904,88.97025645660774,37.49305158798057,46.40171337731752,53.3217026981981,36.982745183636595
82.42649117402728,30.553691970645303,53.27759196434422,51.30281165199809,338.7214857972613,63.33744441830356,23.032417375850375,61.12675371403418,20.30953660059529,39.74595486427037,66.59889577669405,55.1887230125222,67.13189669145399
24.311290075783102,44.53638503519887,31.908670067134448,36.44634705143256,292.68040435819495,47.14763082360902,25.07319400440576,37.80295600527498,56.32571767040936,33.87549166192807,47.10566733918912,37.05294321271535,34.11245977188062
91.36590284530153,83.53693791055414,86.12403811727062,86.6685238844531,494.2851651346511,65.68291911521378,27.33564674343407,56.65559481599337,94.50295911201312,42.03312137313433,62.05084425404279,91.08345491176205,71.76215991269477
93.95339076248847,55.479423955468235,78.02692574566805,70.86901067827633,428.8682203459998,79.57415345156362,32.401676769052834,44.29275689775862,34.716173837772146,45.00636870212629,84.15778757757761,75.30856510953508,98.40368165349172
18.35882475800347,38.54803284793132,27.55067195539926,30.472349611960176,262.99076081265554,40.76976277369329,20.6882549772292,60.818134710491286,53.56566765997057,36.08675034935582,38.873473986314345,27.008276571709718,20.081328438266162
19.42978932956926,44.863770963174865,32.86095423626876,34.69017830973262,276.28937662363137,35.0,20.97881297022396,58.24164867828025,91.00933792112154,30.75285386589932,35.0,33.95529339949693,17.46907467808472
92.59581951960209,38.20813068856711,66.63642567635705,59.96320622098111,358.0346983417043,53.388594652254405,22.11960679471356,58.21038039437752,59.65143902591148,42.1316664936911,52.67205870448354,59.22412489560225,50.31981594302642
84.58980093097713,28.750555362153094,57.66450135283127,51.08625358968271,318.36460352437655,67.02202790186332,32.22408224991885,40.2363765051049,25.31110260393234,40.814963963570854,70.37047474403096,49.419678617142694,72.72209362880231
75.92217095427662,60.30041980393043,67.69442613785922,66.5491202640689,404.0025463696362,59.34094374308077,26.540774973340106,45.160388133710924,76.77589008105201,40.67431003758156,55.3045892038846,58.697046139873976,53.00656423705125
28.202011356633392,65.49219508610378,45.708837340908005,50.57612159431562,361.35590605426063,67.7569262721685,25.70609555699123,56.7932407432225,27.165215572717788,40.5376268901414,71.44348144872195,56.334978941249986,77.03387894533647
34.443236353998444,39.353606988216136,38.10134615507085,37.38945873452906,291.2248322246706,44.406435037960904,30.74195234973447,50.29622168919208,80.81154033786135,33.50907002559739,42.32335567766056,40.36295138443312,29.309226866970743
66.91889811072053,92.82002040616597,79.29620161392293,82.4595714879878,487.7383564605416,86.76618612282935,34.61310660500763,60.90329400531,44.22826884639518,46.45796660908939,91.06292516974489,89.28600216744464,100.0
26.663348035898526,58.76050214671256,38.90361617229971,45.92164050238695,337.61071720280927,65.44464812527947,27.875536270186732,53.76768750409258,23.87906619159901,39.03658893603166,68.7910305200478,50.26727818847792,74.74901757724544
58.3341118812547,34.29956281515148,44.2728973269585,43.91338244159277,298.2690207125868,62.376310463828545,32.43420487335936,53.494380756237334,33.98832593780448,37.650715581411006,67.27137666212731,49.80853620455251,70.82385625475841
45.80404146345838,33.31582522078806,43.395539447025804,38.311111717856186,290.51745386136867,39.61029017956376,23.1302467933167,60.42694388835484,76.91989614610111,33.46317508575226,36.21635420406182,38.20410422831019,16.959513547799705
82.16522418567031,98.60917532478392,87.0001582666643,92.03159486913847,529.6617842903996,80.35022423162037,31.63506350828365,58.668526896237005,76.99978687482263,45.4829476624323,79.37026280902118,96.62131082694903,98.35529861451876
38.82415984258738,92.15980600680034,63.64683827013781,70.82554754111516,458.48130526292886,71.41975609506056,29.39448267606906,48.90534441075653,66.00428210477037,41.39140256682453,70.8414308553641,76.93266550807492,78.79504425462963
84.99681419788017,63.52171880211591,77.94611111427628,72.11175696042162,433.8234094474347,59.50517868666382,20.977972682971078,49.213500869234664,68.6373198160403,40.48665975020944,56.722479943528796,73.26659360389739,57.278190054305554
47.800322869819446,53.38220216462117,47.69548338872348,51.149450446700484,350.3116149221353,68.93386325434147,28.134347048841093,43.833922965234805,21.0244912576469,39.88151145907552,71.85868562311461,49.28690295403146,76.68524525580264
30.343477716090693,40.60020172202897,36.38408930664903,36.49751211965366,291.08830556924534,56.04353912787899,30.804628458560913,51.60200080500245,47.17197487373647,35.71589978659211,60.32932396809446,47.18557026654978,59.56328966742882
13.343809682817309,63.892105465323226,38.49618205479384,43.67278715232086,320.45129625849506,47.44977948650424,22.724674183079102,61.70943368640954,61.24913118994647,36.3617489790105,47.65178619385929,48.6692103534934,39.080238079407984
48.1730273942488,62.801127275931314,53.35424094891731,56.94988732325831,384.08567746802794,63.28551126872278,28.009506996063905,44.3357733306313,53.725988816386796,41.45363526131345,66.42868462133517,69.04184342453081,69.5598251871904
37.763050170435704,80.53264968567048,56.19147782547198,63.42480987957657,418.0091587241042,50.80258912141526,19.161979152459626,35.37777838002484,87.36676391241215,39.28947392824307,45.046123369695465,66.36370101902482,39.678167952266826
96.52300682552962,66.51718638660326,81.06306065491356,78.51951456217381,455.7068209158016,77.21957729362755,29.60214412602665,38.04723632706144,44.62640553580386,44.00526972482835,78.6544372475438,78.54323135981176,89.80402484614953
79.06014026232546,53.209134313762654,64.81845017253102,63.549536693187775,382.9926993532213,58.757357859266484,27.355023894113202,43.1380575944953,66.12006334378606,42.6000439615281,56.0232297319026,62.860831197899884,54.1586769624138
97.29938569251632,19.15212062971001,54.649536409481975,50.41102665483254,323.9134450022457,67.20375769830936,33.76350279351877,37.717560726383056,28.507057005938112,38.9425579346112,72.78349498074698,53.95167595730894,79.01714965519781
78.30026752485395,57.621563730350104,70.34082744930616,65.89304524815165,405.22836452542543,62.036673390664845,23.34728365925708,51.833303263052024,60.01314396008851,42.98923065282357,61.65148522883346,73.15157465203578,66.1394895612363
42.684688255404424,13.505724497182113,27.001175804790687,25.17731000047104,223.6557506178743,43.5016157467321,20.027252850584933,62.721034772907636,25.825430995462895,37.19300059979926,44.74128637297396,23.82417626776975,24.86561122878023
75.19122409648149,63.53092797842746,70.73421940909402,68.19504642564907,414.1102018453482,71.59471485937284,26.292829190729183,64.6960245211368,36.04421528747883,43.79079773673301,74.90775670688693,71.99473133544821,84.42741951037871
11.006075547153955,48.04309745858121,28.80728725755375,33.2282886940103,287.8241148380993,39.02970491837852,25.986635286860555,42.69255108726262,86.84220807736006,32.32711866510778,35.0,32.07191736719742,15.0
93.09168335369323,62.46597919161286,76.53484611379272,74.716260856445,441.46466604912416,74.7401596122879,33.47698852282797,43.2197180141777,57.88375388530058,45.641639693240876,77.10196523143979,78.58954403589539,88.07284281528979
37.62138486657132,70.89466068236497,51.98236905530451,57.58535035604751,382.41608472484313,47.16978412492578,21.198968982899608,35.24914523369989,92.75430200285521,36.97524483272771,43.03674003523268,64.31044363740541,33.50111553950286
27.685714885629086,80.31659729973146,56.27078000276807,59.264244334090506,389.85670042329724,66.53207228709755,33.505095698898614,40.83888941609674,65.97330061920204,41.702804184314566,66.2135956391843,58.65687424134028,71.90666326378972
23.21352068818102,68.71610637120739,44.5534343620103,50.51507209799684,353.6511860975976,53.18502470089493,29.252601412684747,49.00998258599661,80.90249697694955,35.26479014205464,51.00527038388387,50.52740124543444,44.951943924881746
32.235807241062716,39.120052918773254,35.974896066211905,36.366354647689036,276.44637519648523,59.504292521526544,31.789656446987596,58.20909935017282,30.89687839743362,37.38416667796343,62.87352256056251,42.261605725385365,60.13717196401437
23.433462240053416,83.92191593518616,52.521284796263615,59.72653445713307,397.78413404839193,70.28652724373217,32.295112604095245,36.50432069215431,49.74565995007586,40.64019894686333,71.23293893717873,57.02125742749267,76.75524175910043
15.625238448890613,73.60718299971091,44.83460378933111,50.4144051793828,368.39496293357837,56.542576098747,23.320075494922094,52.22485998828749,57.556645605573955,38.44488111592872,55.520087210782414,53.6845250505402,52.83340519342864
32.95114159296432,70.76420172680666,55.383408296998354,55.63897767326972,380.1808474655382,68.82508624136683,32.811639429495706,59.82442879271018,47.00882866167529,40.8803645549433,69.21364560747408,55.33858170878628,73.06300155343968
75.44883971581521,56.99719954839909,65.51283853316043,64.37785561536555,392.73398177737477,81.17598011581524,34.97787419130188,37.151315626547984,23.267051042931502,43.17079375392135,86.07438464767694,63.035999145570706,100.0
42.266711652967714,97.03274291296526,69.12508838791314,75.12633040896624,461.08995481811496,64.54794677657559,25.921434719164324,55.3711149626732,82.4169335378284,41.76951116677267,61.93844927421022,76.98333583862741,64.53041993889818
96.76553106763025,14.365767960313654,58.65789487961329,47.32567320324029,303.1106879552664,46.365845382128995,22.2856772125591,63.64669130027774,56.25157272941742,37.238283293053016,45.54828988125635,50.645937969768205,37.494949835383586
30.41322378988515,20.78133307255223,21.64597867902341,24.6340893594854,225.4650289045091,51.415205403411136,34.9712178164938,55.84895806455917,43.12959439738596,35.4765664394006,53.4283818745983,25.67993841292916,40.64411661915126
29.917113896862563,51.70360258938737,40.20930165966905,42.98900711237745,311.9010536635532,35.26910607009652,20.927711477519555,57.86692368926508,94.25823378011879,35.0280891839923,35.0,39.113268890122036,17.589625616729975
63.275232731894285,72.78973679901921,69.47419173292609,68.98393517216924,422.42062228469234,67.5979815376032,23.615287091746392,55.44543606327014,46.208573058772124,42.33027265165272,66.65893518220085,63.475525772525835,70.38007315300348
83.05222340034551,85.92691363497623,82.2475709189959,84.77703754112395,485.2343100465312,81.00910053342643,30.560066434970054,41.345858775902414,49.50766170776452,44.94687633137564,83.04023637330296,87.73562617503389,100.0
21.812980880249434,16.601364095358093,23.144546203391037,18.68601080931463,203.66260921471593,35.0,27.21564065637142,57.96495501215898,83.00578697657932,30.697318492101783,35.0,13.180235103692516,15.0
43.06682260674874,97.44095594443853,71.57712761669967,75.69130260936261,479.5724323238403,73.9359926484231,21.424590187978495,60.9187108434507,44.1014229361419,47.08223197211965,75.6352006829815,82.9834661264965,86.83571073862615
96.79931000450522,47.85242537680264,73.15844449544643,67.43117922788367,392.12497873532635,69.96031800875765,32.317571363574416,54.445041469386304,50.301507714711015,40.875416972775604,67.96828586531481,54.963826660455,71.588777995876
26.886104375192385,68.14116935911419,43.94321437066828,51.639143365545465,356.68196283274614,48.515512235007364,20.540342336414323,52.40529109389601,69.63238660455468,38.674564026451804,46.12219445041519,54.776103735963886,36.461371715600954
18.878214585315586,63.89575437655979,42.82596747251509,45.88873846006211,339.17468612068666,69.02736459847698,32.63921413176128,49.59277505078215,30.084278057529833,38.84640073942893,72.48301321559948,41.78116789763592,78.81503024833374
70.10086884460446,66.72778568322364,71.46492637963368,68.07701894777597,420.17982430813834,66.38832153890804,31.23622309790946,42.46121467899404,70.86369384418009,42.91662513450701,66.34080977985057,71.69688266812281,72.67674463118834
21.45666272967061,96.09140632852261,61.26529455070186,66.23750888898181,427.522633088095,65.73576159511174,20.069783960010533,52.83421564737857,45.86668806298875,41.04254034682934,64.38790792889682,62.97739887330541,66.8570535524332
80.56899451852648,91.44183210981373,88.05816478628316,87.09269707329884,513.1356213520523,82.97124018742,21.680339643523997,42.90718852755803,35.639565522439085,49.36948183979287,85.19776970133877,90.23434730200782,100.0
47.467022113866854,16.70360746289903,28.336972350351154,29.008973323286163,241.70470201793094,39.37836272222651,25.45329116419007,51.56645204163888,61.82459357168122,32.54550989872167,37.72260767001104,36.895827673726345,19.57979210034932
82.2194337392942,50.15359632819604,67.01567122979303,62.9799312926353,394.7610321236604,73.03064152695174,32.72597158860168,61.71266611337495,40.25037473487605,40.77548485882194,75.7299482404235,65.33757371351149,83.63239576712829
21.9133164489769,23.85517517323581,23.92761979645774,23.078431683532248,226.8747747094448,50.92661618728697,32.613946479611734,63.21909652418729,35.12784180398313,33.50611756495465,54.762390014307165,24.2352433052387,42.733380777478644
60.60990589066381,75.69907886188042,68.07544626528637,69.66340967339377,421.9246961804444,56.06814810246467,19.09132326196284,51.13769093803657,73.90917761150192,40.2745380293414,53.15583573613685,67.85937720419788,50.54005267067786
69.69485539204176,77.99573738943933,77.78070933720542,74.6753845904803,448.1359076785525,76.72101372056878,24.987693269768393,39.96860178230514,35.305479380135516,46.377726269888335,79.01677331491727,82.11228362556257,93.26777840191492
35.088755945703475,50.499601727924336,41.11938147173685,44.33526341503599,314.67821133890635,53.889695157550754,30.511736308870354,35.235347637218695,60.44228955023623,38.09344201540803,55.89489626581563,52.54662482086547,50.587127799038385
40.498862933068565,84.3972424994754,64.51562037227089,66.83789067291266,424.5593038903441,69.70904475326998,19.7513263055175,37.154226363364074,27.070698342420204,44.87015752541534,74.57413182063806,76.79971899214239,84.51904316471028
35.90263865335327,77.93441886903156,58.88226506684886,61.12170678276024,397.30222216582644,69.0536198918315,30.389977061576673,57.43329914816302,49.80904442502701,40.30373387317117,70.75411402423545,62.20642842073897,77.73086101627833
47.593866400801446,62.6460629646282,56.99247696289969,56.625184339097494,374.2664610227425,62.79212104717491,31.837727567746246,56.66466737949884,66.1305005013883,37.770271777819794,59.82433991278308,51.9358363232893,57.55420189855396
76.39805105344969,74.2250376044183,72.43862529349718,75.09424298403086,457.2598502512784,67.46586024337944,21.076542087626038,58.91777076944322,54.27352697210036,43.49194047295137,66.15723845477979,77.500100771927,71.54643611035968
19.917411718572616,16.435641154778438,20.12666521566388,17.82834938029611,201.5682123974745,39.77289889889478,18.99332684452778,51.80810226790919,26.35071164320174,35.429163014644764,42.344431902058005,18.517068850311798,23.565287192813933
81.40786667640477,83.73993325750739,83.13156277151555,82.80710662506634,481.21871442056823,67.69395052858259,21.702584956979166,44.81600066116788,67.13715725667966,43.53721702030982,63.73537594640291,74.9860821183315,70.84217216896414
75.83186418187513,69.31196865925327,73.23368822843443,71.91992686830201,434.1202698384311,70.18065586226976,21.171585613789215,61.841313662805966,38.64020015096273,43.09640340926207,70.90754305930291,72.70156644590753,77.30380449006314
12.489073689606215,22.19904688609988,14.729689333932344,18.315057607502414,194.78164745089214,39.5852201722116,29.163168262588368,60.11023387409352,47.99865547744557,33.68772614232768,39.44356216614448,13.867598905060179,15.167121850500404
63.96893452208708,77.78906658008233,71.2446246793483,72.26101375688424,444.92350988688486,79.74508084200883,33.89925534470366,43.971929288265294,46.937295397546485,45.01325284154816,82.91540379365192,81.53318092369338,97.47827790616851
51.16974515497492,47.32569557918665,46.67391883365711,48.863315409501965,342.25709377324165,54.70247438255111,30.95941894879759,49.440674963235566,71.00457712301275,38.65869390879149,52.17543728879212,50.25394285718249,45.764370570853245
41.61234037471162,36.0524749677397,36.22726133243263,38.27642113052847,292.4685742226948,45.08397169475825,34.24204080068364,47.409342645361946,91.43155210650922,34.401478941935665,41.39210173910492,39.9474158463873,30.803405622028908
59.16765992270461,15.166123994646838,38.736999761079986,32.76673836586995,241.149650202532,51.996210298445185,31.89044409763404,59.748407883816725,37.78079656671609,35.4808698392973,53.794170568343986,24.824892124617037,38.62302306982211
14.88318345425334,10.224951935039897,10.0,12.088244542725274,177.54265590512327,39.11532804339308,34.344332310516734,47.80898597843658,58.451296508745706,28.570702754993604,40.58623794093974,15.832350448629166,17.764786129890574
92.12676274711514,27.417169997970525,61.88847611699965,53.30100709762837,324.28741000620505,54.442085082308665,24.383453102467556,38.322455234915275,46.435658119677456,38.705516590459574,52.84201154924277,44.83023378850547,46.72249506855285
45.25239292126397,27.118540926276907,34.3512489893383,34.37208172427173,272.51434341832714,54.402359852583366,27.717875295592513,48.65033096920872,31.2227541131695,36.862946883581344,57.451333792922476,35.54241167955013,48.35335432576112
29.80513440529114,46.55916096766186,41.19693167248815,39.85755034271357,301.2848004056692,40.73810463020763,23.68165998730292,41.23665062314991,80.02436445548669,34.86478398041543,35.59753225161936,36.56647884850306,17.58814625760683
45.26153674940626,56.406561769000824,53.065957306400406,51.948551761163,348.9422144854448,49.031096328646726,21.03800405585435,52.548083550171434,69.89030776108004,38.68832877840366,46.18840840913585,54.822763390015,37.587161099895994
94.33467535952292,48.71606154193529,72.51142852811415,66.96350706897034,403.3675811444073,59.28381699537111,27.29073304792046,41.1577258920881,76.63572875871061,41.81612115169295,55.642872315449736,61.88467473434954,53.448511513198525
37.35446168553061,94.87542413573114,68.38392485017832,71.86703915565093,457.82016617410943,60.573414231427826,26.800017513299288,40.02102592179954,93.38425041382129,39.84017137409834,56.080871274098,68.70998097188027,56.2630778443416
88.081608156405,10.975966529023806,52.6191533007256,41.818223179976286,274.75606102113085,35.0,18.662530187463194,60.43370811088623,84.79000669911562,34.80173288303493,35.0,44.55267169723471,18.90026625223102
95.15294416048717,98.65706795306713,93.83736293676621,97.25541843603514,556.0360359232626,83.08627191889695,26.496978381726013,46.62699014899496,65.98042324120362,46.341620425679466,81.60841539553624,99.0,100.0
47.52231073970941,93.61379900662392,69.99656557561224,75.17720369985813,462.69632517143634,68.62763925795447,25.48912301809743,50.58358299552669,67.39935080986017,44.3498079528469,67.95604247012626,75.88460040727715,78.39793623876312
73.15955841742723,59.66635883102439,62.8658784093036,65.06363866558553,395.35984376414393,56.632325742388396,22.85006125513388,43.4787681785448,70.5065600185153,38.74687035164212,52.13692579747474,58.69103429615988,45.67009600330731
56.456064859065336,29.21737848356722,45.9124921799205,40.11285303376647,279.4875492949444,43.33461482761772,25.554500159118103,60.4826680836467,66.18829208159269,34.69908236427174,41.95742129521105,38.597281426182896,26.743391607637307
74.28983179813963,65.56586186305728,67.82881657108182,69.05544983709022,421.11771786598234,77.28574496640175,33.745639791775666,59.45023330951273,44.23923386238451,45.582118500591875,78.5135176102762,61.567705031289414,86.62533163942965
26.169025474133655,55.522322459586185,37.59175492830657,43.78100366540517,330.4471943197315,41.701406502455185,23.84733043092065,62.24396169681893,90.86567314329082,32.38708154418059,36.07986178536246,39.76667746423553,18.54104704138469
92.74060897281427,71.6689144895592,85.1457126606998,80.09759228286123,463.0155967367474,76.5975840594371,18.73463289234997,64.22952911613243,21.287974299677717,49.709038970579606,78.17612675494573,75.74494100172119,90.41960701000562
59.76742448653009,66.72012955212088,65.1591203286524,63.93904752588457,397.1776819443241,62.032525896543724,34.30312047499538,54.16217768867713,83.52851891529161,39.544571803607965,59.89185595841066,64.24298594248448,61.97929851878443
10.308954880137254,13.561748025771532,10.0,12.26063076751782,168.7078378208013,35.0,22.33089951839737,44.148039130929824,47.004912016304615,30.619096567825054,36.93418895313967,21.942016330740636,15.344194386099378
57.28546458619084,49.528833997590645,54.48266882123757,52.63148623303073,355.650005781054,46.167789930790455,25.27077945497548,54.23358395155938,91.5179167876369,37.61599161170205,40.7952110240413,47.2662314394984,28.699242080981776
55.61173013782196,92.5598086279231,73.3444487468986,77.78057723188265,484.03482148080866,73.79758423486697,27.846740598868482,36.26806982707804,64.00660975185411,43.08948899358424,72.2793862612479,77.9974370152994,84.54026619092808
80.09627275609186,35.65136488307216,55.428429650572205,53.42932803228004,350.3453843047545,53.17893668744248,24.147970571835334,53.041286343294814,65.74861196108537,38.73645713890878,51.820776947134895,48.794707601782,44.43455805978322
57.892834669716734,94.59898310299431,77.24908992539882,79.91652372968328,489.71804091875276,67.89282307874889,29.110532334268278,60.181125906136714,90.83659098839327,41.4063948515898,65.52865460761676,81.32339439935954,73.3231737637376
29.99283028003502,10.365029088284869,18.922410610853586,18.216149564984928,203.24734841392944,45.3036252600032,29.814446830299396,47.039763318236716,34.443207301013025,32.67645501523463,47.57787802803999,17.43980304446613,27.870038948676374
36.52539223827314,27.877495476557534,34.39552840487495,31.33665418124378,259.3655102986688,36.18007829024033,28.79417576793669,46.61653571237614,88.1780705985677,33.717948438128296,35.0,30.409001669511458,15.0
18.030050096837584,48.84390749525704,34.09130891426899,36.51836453588926,290.98270974815364,36.05584963618291,23.62544591232644,51.2733741823162,91.91007156941359,31.50530408950805,35.0,31.79401567441049,18.96464264006027
27.81811364444144,69.47508991152753,46.10641242677832,52.81229940469309,367.9734983187423,45.88898372400736,25.00331455822858,54.61398528000851,94.62895643594355,37.799657215087244,40.56920279158623,55.61570270514335,29.31039672005829
19.880002732944043,74.67991030540945,50.83461440516308,52.75994727642329,371.8947083385376,67.29971620215483,30.169450263955788,57.8590923379146,39.71107059147063,38.61122127717633,67.76595873461552,46.54236891480283,68.52144942810243
62.19332404987048,58.3705617360684,57.07439436669734,59.89966666158924,378.711216605587,61.70256746296213,18.871595651873605,46.87009742288948,34.1449198453694,42.6928632110576,59.824289562098336,54.24023476892624,60.72994002037497
44.085341035388936,84.91056736063334,62.2528987185333,68.58047683053557,439.5025372690121,76.77313917936493,30.877199520582025,47.57600021812203,42.29754494192295,43.586067251547895,77.65008410082795,68.67187725932968,87.76398675590283
92.29425694571647,94.9868038952153,97.31176725922754,93.90978511541577,540.8159242251954,80.67303130052748,24.18502569356125,37.18051733007869,62.66140488248712,47.881966110541434,79.7062240330429,96.8123778433943,99.11824729323624
40.37795473150101,26.545252328507765,29.500002128543354,32.078333289705064,256.900475555522,44.69649648718045,27.44381733394413,59.74815439452192,57.843272591960044,36.095644911042534,44.245410619075955,31.02681081474485,29.978080012384545
24.980506854573086,26.88895667499497,29.346736717137794,26.125576746826216,226.2075488375778,35.0,25.863094036027004,44.40425869802304,69.88080799988211,33.515679794587165,35.0,30.453370575196143,15.017624788493523
78.98465285176985,89.85116765292943,83.92800801756268,85.5045617324656,494.378880438902,83.59555802839415,25.001678911569677,56.48275753494541,28.207280362698448,47.63629757459259,87.2737737569794,91.71674816509406,100.0
69.33281742328151,39.91097650905919,51.980112484235335,51.67971287474812,339.5909693953856,55.988273540846706,26.22256757788373,56.865024413669104,53.102005901421606,38.47593513907673,56.24977227721429,56.39992361549354,51.783260696801776
18.34507861828092,40.87027397267117,25.900234794379713,31.86019583091507,261.1212011127577,44.27483888401082,30.695097558530293,44.76406966029868,70.11777627330079,34.26735768332637,42.86012176800894,30.973413087715524,25.097591143191345
62.91513601569396,73.38473039617482,66.68652336083885,69.19689264398248,428.60672931496265,61.702725994076864,29.745649691210318,47.640194498331454,84.05116478415945,41.58542294009465,56.94769077307661,66.63798402335735,58.305375402691425
59.061607290720225,95.163071394334,80.1448353789451,80.72248575288849,484.8217338881684,72.0043834441543,22.95573559185401,42.03217233224777,59.93861523173901,43.420851460128574,70.92093781354677,76.423358398949,80.56183447969873
28.783413556691723,57.74222958495384,45.94572040425392,46.158703173648995,334.68096613512716,46.97554758928349,28.774403132265036,51.23090867188434,89.54492244735569,36.718931640096734,41.81955603724535,41.63967628147125,24.37421162330091
26.41709627321418,66.63464406330995,46.526608854519935,50.54762494727164,347.34517461709146,43.676652592813866,21.360012279033462,49.388958685985806,86.56917430391438,36.460506426611,38.14395514088617,54.69014034637173,29.85889343559529
14.450649814952913,53.90371924526736,32.545125531261874,38.12249147314158,296.88764592508176,60.97256302880625,34.33559633648704,40.480844381341484,43.34339394339477,36.959046911543055,63.9634840790135,34.84019687163127,58.60231062683822
85.36092064290261,37.591455668144555,60.61818962383327,56.69924165804778,351.3215589772547,66.21119719183001,32.15854874650466,36.33040585860803,43.13158166215101,41.74094086217895,67.70953562847161,64.01111241516493,71.95000360392058
54.14986260751872,90.20583185395955,70.26452853317095,75.78344415538322,472.3416344858459,71.92767424334514,28.952103814041692,35.61022493202803,74.34735026745452,40.86677720298417,68.22674556476582,69.04972656279053,76.02755887203068
32.65218825731007,43.94825630739919,37.14955800487017,39.429829087363544,294.5527461281357,54.56535308371409,23.410701284031166,53.634002205449946,32.319774779046796,39.472905586680284,57.59341081575868,45.304805898621446,51.154688504127556
59.91048007403662,90.04120740263787,78.73524832686479,77.98891647119737,475.4821280135329,85.65473144797946,30.988945027491454,37.51425300461493,32.05366886686292,47.52608733412629,89.36840806650596,89.04593435084838,100.0
63.44736174604145,26.479689042042033,45.97885562855291,41.2667581236418,283.2200576214489,46.282343481073895,19.085042590065132,44.91073066097183,37.335525650738575,39.64781128936743,46.20868236159804,42.23741888367002,33.63851332272633
10.638213665332714,97.93804683454233,55.55880785280823,63.01811356685849,422.52376892635556,70.75703709306116,25.997348210275103,42.996503613628605,45.86553377699073,42.79092015162246,71.84859834783333,62.8895182059557,77.75523214156443
20.696983397607678,29.134307899366817,21.213047952884416,25.75937809866316,228.85744471654084,56.1055754377756,33.59415347288886,48.783162398551354,25.824939633376516,37.43997536319162,60.577293158823394,28.56660040296292,54.5362490672366
80.12821778535142,40.83806062273742,62.67832750018246,56.55412348778302,351.5144191139066,44.762196502484684,23.586066771476933,38.23717151668929,90.13074619853516,36.395460925030584,40.60759809757354,58.517778189692976,30.32245550478245
39.48432704258645,79.29057810661932,62.23078181165233,63.36807768100617,410.269672086537,53.616429985253504,24.42892084569983,57.43237462797884,88.46719852296755,39.88332814027291,49.54250272024214,62.08595183536327,47.25528466209552
26.578739531243315,79.82140207530223,53.969373186558194,58.524337057678665,402.4115679044371,51.10802495728784,20.92349683134023,47.62046711122785,82.46323196501281,36.355222409315324,48.041330487418676,59.91584731549455,40.61287407244674
67.8844998369597,61.719893593685946,65.04139012176289,64.18573609099545,407.31337367582717,68.22229132258069,21.994125568167675,48.27412780980555,31.658921911734296,43.971914570003065,68.1587314118854,62.40827777642444,71.47012967606408
86.1015395359908,71.82580832433375,75.02848146334085,77.53610080899657,458.9248561871973,55.46044019489249,19.593322723015177,58.42799539371482,94.36307662088765,41.633691225274276,50.79938780178611,86.50167244703405,49.76957710220027
85.33638923680176,24.90064234941636,53.24280063801916,49.074941104370524,315.49897536098763,45.12948513765638,30.108231161348236,46.27651864387022,89.57992098372529,34.00792156933837,41.014796355524204,44.223443623900444,25.59221047920128
14.926265067828401,20.77039879062975,21.288210194302152,18.432745301509208,204.00921977672797,39.42514356580489,31.537878183154035,44.97963502715154,64.4493985914085,30.87906061383931,39.91970803457452,20.7453414994696,21.89563302292488
14.079087710216598,58.920600541328504,36.235775756987074,40.98399540888374,323.2357092371681,50.77466825832602,22.374813799222046,43.09500359873283,50.85096866611253,35.92188035029092,51.49020630574177,41.898003972537445,43.09127190496125
34.81972722149106,58.748632544860385,43.449921505096285,49.17707041551265,352.34139721234897,59.660914776607264,24.872466156107603,46.81028551667064,42.70665279634649,39.24507824654788,61.82345595432215,50.21777923192585,59.278734320157625
83.41448431549513,37.07224050893794,59.995477856638836,55.60913803156082,357.3270848463703,57.82037713902271,18.89544664110485,61.67434885987356,36.43882592392488,42.03306126988689,59.820504609951314,61.201628933669234,59.46068146772953
57.36624167833937,82.20470800119755,67.51701950706183,72.26932147205429,451.991920527839,63.80598478410735,24.793854202396908,40.66741569301086,76.9239830332612,40.108927687089235,59.879476361083434,68.55465099059788,60.848690808409515
62.89475831256255,59.49428319236196,60.431764095699585,60.8544732404422,385.2524900989239,46.85440014420185,21.85508240696303,48.67647765272309,91.49411417906256,39.47026664970744,45.244711457857576,73.44804373691451,39.841627503278225
52.40786605756819,96.21099927005965,75.68662215927318,78.68974598506307,473.32678560219045,61.7826415115646,20.264854715734007,41.12794274999016,77.50337558155381,42.29298208555204,58.51972198580173,83.94418718979742,60.80962526554358
90.99430517200324,88.24745768233971,89.2760378670309,89.34619667820512,510.46227228724626,89.48383507028726,27.43515447007247,42.30362035915297,23.913874397477212,51.499949862091775,91.88533486125583,88.7023254042839,100.0
23.02001701210942,43.655778851906014,34.807743480092036,35.40147411598738,276.93829903571805,35.9577060158969,25.191245586109964,51.720351941494,86.6444370967469,32.161051347085966,35.0,35.36779333541686,16.19600947009166
19.66765862064054,47.796830761029476,29.874525820934878,36.5451619048739,280.47123109931465,38.937600148249075,26.210207174683315,43.94591894452788,83.38304742540592,33.777909049545606,35.0,36.156191457686816,19.048537539097012
84.61732628050017,76.91254856993655,80.36245481217308,79.994459654162,471.76720084223876,77.20592355252064,29.700839396256136,50.38209410855676,55.67382383387275,45.725264999776435,79.49653825757368,86.2521040002315,98.96451874141296
73.2892973252016,67.20951228167597,70.40734469493691,69.64142629908622,428.11268072773885,78.38019019901705,25.641193408152276,42.250136779178035,20.10636651004366,45.95246105357885,82.34459742378796,69.28278139003122,93.287980252644
16.207017980884327,78.77959986469492,45.49075743750422,53.75056711117068,378.7038187125711,54.60874968636389,29.692141604273186,49.13710061874943,85.72640847703937,36.74219145021331,50.56106840731337,51.48766726145473,42.71941445266238
95.55886255327054,59.70793763131343,76.61949394852614,74.04830760009628,442.11457935765225,59.753758453997236,25.703317635134493,44.45715885203063,90.5914646559243,42.44138116431795,56.51697502453624,81.4292580987453,60.709108076774854
96.57844121058402,35.895300316098584,68.5916893973227,60.168556673892766,365.1326124230542,58.87228050105815,18.676696614775484,57.89058193447002,32.64268582940846,43.15156187043473,58.94082367426196,53.859107760258894,57.30586438101107
29.928892867610752,21.493139961903754,29.279033961469636,24.867441124186556,230.9553748654207,44.28905934571739,30.60823510820751,49.98213684140734,55.604583895286254,31.462555307664044,45.32111588656842,22.915066139467104,29.528126788348413
20.740731503155807,26.850704061239274,21.48788192415136,24.406715038005885,230.4825501512745,54.031675332465085,31.379963117836226,44.429446361740766,26.350236070646705,35.11961227680724,56.975595796860354,21.908801836446692,44.57060185414942
93.35597840651056,94.91968171360683,98.0615559165513,94.29420039076832,541.548058809147,83.5939770416596,21.199130875855076,41.35944562397784,45.516893114179396,48.37590276216864,85.03573086073523,97.71982208284486,100.0
86.66298921256558,34.23003073697194,57.09346794142561,55.20321412720939,349.25204157781553,63.325450781942116,29.11467920953362,37.847960286968544,43.91388567024368,42.60285410338872,64.44548257662008,56.94788326396496,67.29074622033784
16.93282224834446,34.644250386943455,23.779723399189496,27.559679131503856,241.6211271979297,40.39782438823167,21.276823472079673,52.24267071966213,44.607760688136636,35.77588861407004,40.33386169882028,25.980889090418383,20.625643064014
96.03966904479263,80.36269944988675,88.12207606043133,86.6334872878491,487.90246095975317,85.0044647579459,28.071572493437042,57.76291252105632,34.303793975355894,48.58789704844829,88.02428357259416,86.4921985213579,100.0
87.38046138853534,93.45370709219286,89.66125348199238,91.02440881072985,523.8262194428394,73.87176216803965,31.441211942775382,55.9141944183735,94.66401711982842,42.50695917319287,68.03754272840528,86.16582291434521,80.05024956773616
17.45883364822832,76.0031862209571,48.2784166707229,52.58544519186559,365.1262343174998,50.126550225512744,22.298174313807742,53.86581756033507,77.16283291127584,38.90171376165783,45.81079603220736,47.767488166761986,36.60473944111147
89.96168939795164,81.95768132017656,89.11702635357622,85.15928455128659,482.3721014664803,75.12215736396219,34.42035086171879,49.20590488539435,79.86372421811322,42.854761141185115,71.44142737115787,80.48957501419655,82.72133410110749
10.813323683134879,37.81298567168302,21.708439023140272,27.013120876263766,249.2784025040628,38.62792473758461,22.322290844447245,42.76995363584299,56.6253607996489,34.02361388616982,36.90461812437638,25.667624282881427,15.379950337008731
95.68984284238053,45.34657249491991,71.31012839369843,65.48388063390416,386.8500845323105,72.06177226483365,26.337811927677294,37.22357523157874,22.60566094417452,44.4729349712108,75.43248762167809,67.54469986642168,85.82643670217281
83.17507757532502,51.256147873939035,69.11552860031138,64.02371975449343,384.05301022033797,68.60316827350282,26.705765542884585,43.3718083153981,32.08727659221208,43.22335984362972,70.92877587447899,64.55610127701756,81.23375141584434
56.740727665690414,23.027458541465975,37.00226639232615,36.51276619115575,271.536233826536,56.76405047363094,34.74516571310059,37.88751749713177,41.42985714243359,38.19625645681113,60.31576089954523,36.85590719081953,51.34324712887046
36.146309915250086,37.21642983800361,39.75979452430841,36.788381868902206,286.68722320194655,55.74876127175528,29.38529113312956,58.962474468560025,39.28359972531088,37.42292728146064,56.56276916393327,32.75844738485129,50.08594047403273
66.59971828455082,88.5169046517409,76.7755152777053,79.75003010486486,469.2460738462554,69.79753029499693,26.772863979810477,45.37917463421078,70.41690354103812,45.715786038781644,69.2828682898117,90.22848175466669,80.92852036606455
90.87018064403507,69.62489258937521,76.35508896857246,78.12300781123915,451.0352516431415,66.7771505315466,29.608233522491282,57.93197607687723,82.98946795055315,41.71661149595654,64.72402244570348,75.89955214448678,72.04731308165667
62.5130199246319,20.92386486604122,45.4233596704156,37.559526889477496,264.41090029283504,38.61361105411182,22.332993258990122,59.4088364066894,66.39477211258261,36.30411080818387,36.85626751296455,41.00981858852083,21.663526922694842
22.249301980685935,61.6394877684581,45.049258226663795,45.883413453349235,333.9626715848015,52.66521122324357,30.69163345465768,59.140148535666754,75.23706565375844,37.77670465493455,49.77342586112051,43.70927949701055,39.74232182789096
59.099489246234285,26.460135011844148,39.091281787354184,39.515876705600206,274.1450607270094,53.27996168336798,32.136681472202646,52.74349794329075,46.85639764200336,38.52189323483277,55.091434285713056,39.7700693386494,48.69092240882168
77.17755086095352,48.21150771999893,65.58759014044061,59.79792497638076,366.8563842368993,63.279611844040346,22.740238920819344,37.80477084751969,35.81583804555141,41.245191698804234,63.801894677479225,54.88709022395611,62.87122646626357
56.85108447596834,89.98368178839232,77.39895288147004,76.73064286342273,473.2850220374323,69.57530032800828,34.5034468396735,58.61303397607621,92.24019807285624,42.330608487902325,66.70092528937208,85.21459835712417,73.74369482926669
60.81113550771201,93.08166702651671,73.2262562552436,80.17345441899482,488.47439360042347,69.7296392986871,30.28636372675866,63.918602761648614,89.80334167494077,43.50282288636038,65.29547828121106,75.8729528123545,69.07780856900683
77.35097546492953,89.71455992477249,85.85046376853539,84.76912614083531,490.84584075064623,88.20319872926336,28.194667341877008,44.96520378594071,20.690425054298224,47.79485748979457,92.46332299306849,82.35178104094781,100.0
19.04715343275515,16.896368822081705,18.717836888821445,17.756682666351082,191.2281071291264,35.0,24.141127498697177,60.8605314839005,51.825360484720676,33.42320674802614,35.64247535753734,15.95684055923046,15.0
16.439408691584184,17.963576085435147,18.41728209989335,17.353909127894763,196.58374799355423,42.00636359419099,31.437059255426576,62.48812512030594,49.12751582536606,32.273298848446146,43.319155932194995,16.304370172354957,22.55652113164711
28.36934294169831,94.03968820934402,57.358950909264095,67.77155010228574,448.5171050089725,69.97448709135607,20.537452248809707,59.58314245379805,40.69419148010773,43.05701501381716,69.92407402739786,72.124227817477,79.93140364229079
67.85058747553036,11.39261129684387,36.13659845430743,33.97580176831847,243.42019845804654,35.0,25.12289265027393,59.44388517979928,86.61334327837871,31.524851887003372,35.0,30.157288472423684,16.356425322113942
21.8689864839082,12.312424141594448,14.313151787297592,16.13504907851995,190.47318842101805,35.0,19.251510446072587,40.69089094550385,45.33904142714778,30.23406774032803,35.0,10.0,15.0
69.19308907004866,62.393563112343,63.58131612603299,65.11337349542526,411.2671848248731,67.89164105695508,26.362986504359064,59.676080567404156,50.45094021411644,44.2276091675252,68.62991003171238,65.19471648401665,77.49143114260528
87.46563114518186,95.80897583203466,90.23371873686827,92.47163795729355,535.5191687887374,86.63264591146267,21.580975159804122,51.36723040236336,33.48861113068994,49.05426090715074,88.39732996946206,91.63539843359769,100.0
62.179976017611494,20.745713391099798,40.07067705450614,37.31941844170448,272.20610719332126,35.0,21.182036352804335,59.01870969238446,92.91173821510624,31.63637059981637,35.0,45.46736152886415,20.04013952289338
44.43236327581121,47.391975322295934,49.66338303596588,46.208130503702044,328.1550023036987,46.99509286637393,30.22592268831613,51.88106016113203,93.09569081474312,35.47359938333723,43.65380341022009,46.472935953275105,33.89806185712553
35.55616114851769,37.00960412322989,38.546759832482024,36.42822693334501,276.68342604202394,40.94447438028475,27.56709120362604,42.48056932720106,81.2737535606802,31.95431504539225,36.944383375921625,30.292581248794907,15.0
38.4651254562837,41.28599570212235,36.38211455498159,40.15764760378689,307.31556162335903,46.639728435399434,18.53608867823081,54.874906195528354,47.84207358180729,37.591357750075325,47.33539555516015,41.869715507628506,38.26712730902542
70.76863235516873,20.142616340875552,46.710770225259616,40.39302274659283,277.12872594951654,41.669129955355096,18.48962329967867,47.444920156668616,52.51573271028508,36.55390292083741,38.631956247285856,34.869685007955255,22.00108041013112
59.96869604316339,41.098835029747136,52.1752773677941,48.64677943511364,328.7546289747443,49.86632034406616,25.977164079799174,50.339736309833796,67.72610939502924,37.92421314242106,47.59400798657875,46.672518917093186,37.83317946292821
66.26639795946414,87.68572243327421,76.25203042313359,79.11799264375018,468.3637546707093,69.21218390279992,30.86224247099553,59.974684232583456,86.04368323407249,42.94978943855417,65.7461673026278,80.46151990848455,73.72155384372512
51.59820707999344,37.652613596683445,47.588651697875235,43.23085099000744,299.1618184789735,58.72403520049955,23.991867334787077,58.225145000687874,22.281673579496317,40.420054932427405,62.012663815978726,39.360393581908575,54.40666619552945
16.801827397240995,32.95043031577276,21.62990788648694,26.490989148360057,238.0316509897937,45.04601210411513,32.87818262879839,45.41500519022878,62.14235772510698,32.59015238709042,45.35693794625111,20.662136062525224,28.165869117641062
81.57421295596953,18.789014212670267,46.73834836349037,43.90309370998997,286.1549791339654,50.97103051734839,30.994801893618202,56.719861524342136,62.376332667958295,36.54147961913166,50.42631108363679,40.29657995770268,41.86864552409528
81.56708251885757,67.20182677235466,74.04857164013369,72.94792907095584,443.6675611250377,85.68860232107,33.74212609925526,35.714181297750294,23.866615494968848,47.974188343646524,90.7952719966074,71.52198683723753,100.0
52.98961514591271,72.43331315035473,66.60265276001613,64.65583394857792,409.53778760094775,63.5033391926359,26.809144019832868,50.65447104149767,60.457576661595205,41.45863996417738,62.325139242296245,61.39450143306135,62.658013445731825
28.03261086140798,89.62955532324955,62.25993372894492,64.99077753851293,435.18831015516423,75.43852858185627,33.964382183079344,43.15664965755574,58.23326335276344,40.34112987103954,77.00932757231814,72.65828174341448,87.77477785588515
97.60833529708209,18.655625211142386,60.977001706394105,50.23670924551827,315.3763147633595,48.194783068178616,32.06155332356591,59.51381846510435,88.6994001021558,35.14752407098597,47.12974583257186,57.902053374774795,39.6546829693789
51.66105949574321,83.80651430021575,69.57128134433393,70.94833237842673,436.6477757252875,66.43103082793093,34.130987623290885,36.823435058882104,87.37097806578463,39.836728673952614,62.13567151211814,64.84118988633135,62.143680048725464
27.942009840526097,26.64805840634785,27.207173166209728,27.16563898001915,245.07337440337355,40.34485287079994,27.672490573941097,61.79619765652526,67.74083664325431,33.31453410667429,39.79101520762593,24.543851167065288,19.82408160665336
16.134281689268583,86.52678100049403,53.553028492432645,58.36978127600385,394.25723655864266,73.76648803459744,31.0565517223194,35.37927804200056,36.29349293606603,40.19842140051915,77.57576982635639,61.93145761007069,86.84746321163041
72.02558538152562,23.830700457772377,49.126468739749996,43.10865442727368,285.9379182905969,39.11669790772797,21.082539553773323,49.27390444983803,69.01738645108264,34.54598956572919,35.710306626189926,42.15993690750337,17.646570068465433
29.93673867031363,45.16827065628967,38.78282186999543,39.07565786189926,295.5676204905584,62.30131741200908,31.1915564487481,56.57805517845844,29.489518553680675,36.43284973860636,65.73104539802807,39.3408617832515,63.87155080384193
88.05005087591114,46.56504279580096,66.28023356315633,63.15904602784504,380.5616406224826,63.78555033628992,20.590917640643983,39.14250969806027,29.921278100720407,41.95774690681538,65.89256011804835,63.345037012526376,69.74569021169455
42.777091408659246,50.728770300460255,45.349560127881986,47.54809874373985,325.4139247357627,36.524130899384325,20.433800032218848,63.352375934234956,94.01080113490669,33.11935561886516,35.0,41.12265889440722,15.958418939861595
50.17303459151754,34.180820839064076,40.9921681613601,40.57770634004547,285.3106525246698,51.21759641463591,25.27817686207241,64.4977283288471,44.66247851608927,38.8598142128926,52.474313539325216,38.90582080653886,44.24962604400834
16.656731897846768,51.19192849069389,37.838380103190794,37.37784985355504,300.90580529124793,48.664961694798826,34.35528142663279,58.38903068400437,85.61614755816082,34.19995369234201,46.7047814572462,41.40698590567891,36.091371927674
69.2248008847486,37.10761529076516,49.451246450878,49.954489528358536,338.2353571228938,64.93988949977012,27.964045929693448,43.944289134444205,31.185133088565337,41.81326971115667,68.48864351388126,51.567120844638374,72.82553126653893
42.20935410808508,37.06225534544287,35.70424288770934,39.12109485049976,297.1578969119183,44.17724743316525,19.48635585739192,53.92264994122303,57.80562101300663,36.08894862177482,41.853819303065706,35.67089842053667,26.99811501689806
12.555412874060151,13.604561096890837,13.981335223391328,13.184901807758564,184.4715317386116,35.0,25.44259203167115,51.637420146068735,79.98720905374262,28.94372636957475,35.0,20.512052579397167,15.367575348774048
74.60141431753915,65.25780269255532,73.68354554871155,68.99524734254885,414.53489876156146,68.22028486798355,34.16854155264029,51.15018471050049,70.3967105371184,39.94506396220004,68.76872377793362,72.78289303859192,76.46184003551578
17.76848098122003,98.63122219685644,61.37822429730459,66.28612571060188,427.95664352422267,76.05078899327201,32.597042841344724,62.58288801675223,46.51611669225913,43.73966494114275,76.22466990617231,63.497233311371495,87.7187827595408
38.38521282372761,47.77461610832454,40.24445653524609,44.01885479448577,323.310349435516,42.07441254185136,23.92786422114782,47.00448661717535,87.05409595266084,34.70631563482669,36.502001582641746,43.50127301917144,20.467239979505543
42.69843354942561,27.35769062923474,31.94264700228318,33.49398779731109,267.27060438882734,42.023148298379105,31.09051796792578,64.07038890509,78.00636581790224,32.10157802611066,40.47772913027885,34.98099125426659,23.901276082830563
61.48879107195878,29.123534472572977,48.418932713995794,42.0696371123273,304.6167382835315,47.741877321955016,19.47353553956412,60.867548849074616,49.28867732632955,37.408515764632455,46.926627298623465,40.68154361664471,34.105931954910226
45.659868897781394,13.553964844639225,32.288654956080464,26.396326465896095,220.06472703170868,35.0,23.581248076084503,61.10143989819176,75.96995459991538,30.605748901072143,35.0,25.645448208921593,16.95264224426449
77.41503992240347,49.631234741393726,62.291156635676806,60.74475681379762,377.41022048703434,73.4000171460509,30.725502756401504,62.066608596211225,23.732539744143164,43.561689484411836,78.40457457674384,65.80007225326213,90.23957509224859
65.49354550525362,93.13982559757757,81.37401855471575,82.08131356064798,482.07329262937003,78.74572969552375,21.92957324856551,46.82511363750518,32.7580161509057,47.416894110376745,80.26836479510409,81.13498240596394,96.81364010268742
79.1351587773438,93.8300384917817,89.49850928235463,87.95208660600655,505.8648950652807,81.44461506086567,26.432508202310252,45.43219346887777,49.98940213529116,46.79353418748115,80.86064590397226,94.58748536297357,100.0
23.302252320563934,64.42631192071488,41.780000356915146,47.976688080654505,351.60520889141947,51.861734420983396,23.56069431180135,44.87188450702729,64.86454088884201,36.099959739116265,48.500690687399654,47.63657362713011,37.59511288546319
56.189195184491254,63.367972822138,60.31192363331594,60.4964617670793,391.56500685903455,53.461924257493465,23.231741782332943,38.79278681465084,77.06056560733077,40.54749787069371,47.98809460827513,60.29670777906201,46.202347663185236
13.661084535268278,74.21146036332752,40.43204050513318,49.99131003210382,358.70365575969316,71.40241129219486,32.0704093046763,48.53645939835189,31.181731157618582,42.443685094477196,74.88950029124047,52.15718096202784,83.22134355186137
26.178423966258205,93.7855951462466,60.24081856838952,66.74272667425124,442.3494013520515,55.778919055066524,23.81561509791024,45.05864951238412,93.91553605055293,39.25748917827044,49.18112243356963,66.25465227975897,45.23993040694239
46.86679410305123,79.36092761343434,61.95339657415672,66.36327420928109,432.0475044749513,73.87004915382944,21.073088628115354,52.72960054904405,26.7274472756191,45.39718047996824,75.88060890720773,63.4502516064504,87.27930927374574
52.6572394511729,84.31766655274937,71.97524567964693,71.65349571211878,455.190848321789,76.92640217891385,24.74116686859623,64.72752424383538,31.694468913037362,44.24241064735078,79.43129370189311,76.16346297586946,93.99435085162877
65.53378847875727,55.743019614515454,62.30803836034554,59.65932716021218,377.1846644537207,61.83261095498974,32.30224197549493,55.31570281930357,72.33535238708063,39.48196775679651,60.32230680487135,62.21092922243308,58.24713563718434
78.43254613163664,53.85465175551106,69.25731105096737,63.68580950596129,389.28062202112653,60.85330324897702,24.278612869933962,61.662073681598756,54.82777401365308,41.68915450702919,60.0965418109682,68.14769518038582,60.913803260288745
71.07375523256175,63.6343299944215,64.83032301938478,66.6101000896776,406.16789443938126,60.73890458831272,24.952770563475184,55.97728205736422,67.90425566127544,41.35082095753383,59.74918541767915,69.47193479756585,64.73149827263401
79.25512733786462,39.74944035534962,62.552280073187966,55.55171514835562,354.0839285343987,68.08226558471331,31.98017973481132,51.38837314370852,36.38286837415103,41.48038837741939,72.22759408453311,54.38395743047371,77.91664301379839
70.23991010675651,29.32682468070478,53.657365525660964,45.69205885112547,314.7863757940453,55.296452957331084,31.41308303753181,44.90645675480082,60.17237396354239,35.78687578246153,56.15644368425384,50.31296680624514,49.527022135175606
67.08752545363168,44.72744108524131,55.89584229608684,53.671474832597454,356.51233001903563,58.80963545169626,19.845573459947758,58.75198678998959,32.80659132471473,39.33002908841277,60.931628802051264,51.117186454585536,59.31981614162449
11.958030969517125,73.78751125457148,39.754634381814164,49.05571914054974,361.41819057887477,47.44188926045018,20.85774334668806,45.363391574165405,77.09535722190202,38.44155506307447,44.34115761634071,54.448694721109106,36.052551226441665
81.03181977781922,68.51697127380635,72.31634358351174,73.5229106754115,435.5461346575546,71.0874639754522,20.240105106149613,46.4890103319294,35.273648084245806,45.92914031637275,72.08234563862463,73.64344651685097,83.17083332006892
54.5284694594905,58.389426348397656,56.232170314571185,56.8450435928348,366.73178410415306,62.38334993359756,18.952495265231533,47.25973046629508,23.94436034305089,42.792330640843254,63.998794325313455,57.57264730816236,65.59466483814283
92.07143698506364,89.61239067594421,88.3618859041222,90.59600919959198,514.7044313251666,85.57684842110444,28.429377121483654,37.870586219177184,46.59258658371131,47.20816424448935,87.76558412755672,91.85426252799017,100.0
92.05364490213574,96.27038115629777,91.16504410208225,94.58368665463296,530.7287330969802,96.2415458339214,29.50452387755807,51.24303429829534,21.3849428669927,49.345515778617916,99.0,94.76522336334075,100.0
88.41245428988705,62.83708162141326,78.07201313180137,73.06723068880277,431.86031720002484,62.82097020901607,19.92777156486345,48.01181187938049,54.29748484976734,43.93476873891764,60.678135200707416,73.6947750612137,59.683372711847156
77.92650887662239,55.98224166484564,67.83193891189389,64.75994854955634,402.39653581843504,48.41311633714239,18.425426726585734,52.11932547635134,86.3145853421277,37.411576825233915,44.37515433722825,72.11376092115992,40.80815503348852
50.3681365296212,97.35718398094383,71.45725112688712,78.56156500041477,472.01248496874837,80.350265792506,32.610184044642175,61.053960236371054,55.40583760100099,44.907905989920316,80.91544865595118,74.11801324738114,94.87194540047857
85.58428469641645,89.72928622542443,91.30659503752968,88.07128561382123,516.4313219423516,75.12417975913243,27.860740440067673,48.338167977083025,78.11373849005743,46.08587029329846,70.30131274437866,86.24290894018819,80.63267115198586
65.4019307748519,69.97157854386094,65.37225799559883,68.14371943625733,428.03342970181427,67.70119082932878,22.92893059226042,40.6005177774295,50.47998896408731,43.87545948243949,66.2868195386035,59.346971992339185,70.28427339308487
95.42407843074992,32.67651966008607,63.93657196025986,57.77554316835161,354.1579806826417,54.58976059042101,22.066005512575394,52.70280198464023,53.24644895594297,40.23778980452141,54.7966424044523,62.6266218797077,52.121353201013804
39.50180954162914,10.117468339605342,23.273188601912697,21.871204820414864,202.40287868697294,35.0,24.68861860480181,38.95555968930191,58.07628684763133,32.935323522753286,35.04011586600991,20.7831936415183,15.507153730699258
47.63770303209299,72.44234214106413,59.516841536322495,62.52048649747567,401.382348993995,71.07853565085546,30.923495616995723,40.245107463986336,45.39394789561802,41.01968030478281,73.08898215961872,62.94352521604039,77.45726155674532
80.23903063037038,80.00856244839326,79.03980425577217,80.10074972118412,482.14475707286266,69.58037845091573,28.095524199998614,46.98200905334885,82.6654459431069,43.92842531378252,65.02690843863019,79.37302485298527,72.40900239941702
70.14384142105243,62.32610224004954,68.97382613229804,65.45319791245069,401.18361107209415,59.83725548219112,27.7830797240682,38.69704004029412,71.76580825246009,41.5863102339532,58.139229727861505,71.1394641456591,63.48191699713899
20.920525097652046,47.37177174516362,31.700011858972484,36.79127308615899,288.6571911487696,39.39122934045029,24.533763475294972,57.151749108081724,78.0661668624769,34.276901347495006,36.650622655370505,37.785751447904865,20.12900525953536
51.06382455561647,47.36565162960182,52.33244785360433,48.844920800007685,332.48146201496144,38.65986953439907,19.280849998743562,63.399161816448576,89.04014234297206,36.36040194689032,35.0,42.16104140863145,18.30986319873827
10.68026352595071,47.65709535862498,26.266417295168374,32.86636262555527,269.65489004451274,35.0,19.30748085850069,41.1528126117083,73.6613134830792,34.57340392784699,35.0,30.26965607114962,15.0
57.86306102275698,75.82005223741437,67.68158112078994,68.63725575155141,425.5927195952523,64.93353512108055,20.01150924105335,58.423197046615684,47.28395386992928,44.261696013678126,64.82317793986442,67.69829761077071,69.64424167376096
91.05059741273458,57.624503420053706,74.42961733451925,70.99494101712605,416.99495970775354,80.0849055411938,33.90859713599795,48.737575015988625,29.569342946553284,44.98415924654967,86.72376803909299,85.46836166949272,100.0
93.02831113572503,78.82842710002524,88.6394177619161,84.50838071430516,484.63028013724335,85.80797085250322,30.934127510330658,49.56118685507583,35.08126163045345,46.283036334339705,88.38571299146761,83.459790330191,100.0
49.784229970353806,36.75624164376912,43.84104833271703,41.967436974403,293.487306905897,51.688632831221994,31.32651046998297,44.97343154742915,64.35069423489813,36.947337539844646,52.29090978979833,43.78001810081184,44.52194334407872
77.64866181733463,88.1015532877931,79.70536297797723,83.92039669960971,490.29179599869053,84.38630108897307,31.19398217302951,47.94955287781883,44.91708230497129,46.514411476809514,83.87191056881684,71.68120228261363,98.7964542105591
28.347513795974926,24.493345199839432,22.759227477718493,26.03501263829363,234.49706635609502,36.37194077744842,27.25772555531018,41.157017803409275,72.14970548394253,32.920154508227924,35.0,32.69318978813283,18.522198436847752
77.67404501287301,69.43028624266967,76.39039239813596,72.727789750751,446.148641994393,73.97418419300371,27.859716447685425,42.12406721668237,49.89717212330562,45.04156282935394,73.46429129817169,71.5799888857324,84.73527713352243
53.97098144815671,76.46046275362089,65.71705634613946,67.46467023143522,415.70723469829943,66.88663313192608,21.154864025320443,41.57984552092758,39.33981902336336,43.9566554968487,68.65363957133522,72.96408659920257,76.30067864290774
72.18851834452784,27.154928926731394,51.17889727504488,45.16836469384997,299.7777476245108,49.15894029939886,32.14505564482056,37.511723993267296,77.98540046639582,34.0979558216098,48.92779216614074,51.16259907193371,38.56238490844454
52.900200518584626,42.60097992834817,48.91412488893437,46.72066816444275,331.2256489456972,44.831351370856645,18.701585705368572,62.56558567649313,65.68112412657601,38.253314269127536,43.073190023237764,52.193922243994116,34.62069736400194
11.777153231421295,24.115222519585764,19.079679939301926,19.179994804319975,212.67969733249805,39.96344170815464,27.90421592533649,39.29930108826832,53.40540714333761,31.36754535093615,38.7575487861583,10.0,16.54087193453461
17.391076122245988,89.23751860193622,53.088434571289696,60.49894161006012,414.0634475754854,65.50883989628926,20.380666931493987,55.12158577121144,37.72445132070935,42.0453346371202,65.92452921214347,58.68808691576786,66.54936309186625
93.17420823165493,93.04537250677703,90.91381518938367,93.09690679672819,531.8735884381036,74.58476479941434,18.476090431031793,62.953656291535225,59.22404811437823,45.91628825180106,72.80097169021735,94.74315710752487,86.45791857852527
68.95351811019643,51.82020181568812,59.45663736069791,58.67352833349145,365.06400436392903,48.47035509204633,22.16396377679216,38.00429863215054,80.56240487424955,37.004143155367046,42.93011922921396,52.79712775051017,31.286763308490166
45.2128011210412,62.76382843540772,53.91845580614447,55.743417509661114,366.95704995413746,69.76719310274999,27.504041892009276,55.08495729652084,22.00198689401407,42.36687981623502,75.76426465586238,66.34762224940671,82.60380482552439
86.2246245433711,88.56970544777515,83.95671707668217,87.63167308601354,504.711889193603,74.46856531717641,27.91111021107737,39.412097136510305,77.40741625585787,46.06331581220331,73.00710720365605,90.18000413101365,89.83524699776113
13.139348639726848,55.70346484521103,35.297569232948334,38.67781836301736,297.62878146707345,46.565634092560984,22.64660291311927,54.21042038893211,55.12257106999687,37.53136898453737,47.203724258115415,48.43643421503544,38.43706402349124
12.418697144984645,34.35890092100505,21.54356606548368,25.582819410596887,245.9716458618921,40.89398718941337,30.081343181028195,64.44828281996043,73.36346752338639,31.43216508148459,38.793612564232085,27.297600747873418,20.055066839307894
69.8888265927144,32.02462792561903,51.7605101651689,47.170307392457175,310.58438460330103,48.17988160892255,23.668769349038005,48.24556089532595,59.68925740599252,37.399790520361776,44.97011345758054,39.76840545582888,31.415373650864296
14.16679800476187,27.442106301758425,21.46000128530641,22.1319829829598,227.35113273612467,35.0,20.877209156529208,38.25666073317945,76.19677704119377,29.993927415104814,35.0,17.279900085147162,15.0
16.96473080848243,20.47320962543161,16.12583326748656,19.069818098651936,210.52438472158346,35.0,26.73557510757508,35.31701368323329,70.51373956040817,30.24902153151276,35.0,10.0,15.0
96.165485098131,16.53657749951277,54.622370496137336,48.38814053896006,302.28651979708303,38.70861033012035,22.225338282770053,46.36119072696132,81.35823385581256,37.788166969963754,37.13354236500071,59.04906887299195,20.1273213365362
26.89384451561293,53.45152296873223,39.382402363863214,42.82845158748451,322.8549113399754,66.11310867276181,30.98127410577092,39.01996043617012,26.638928942230066,40.9237608067782,72.79540505891889,47.24474666862234,79.42890363040911
85.7417788637092,18.687289842443967,50.13809886248386,45.50908545095006,296.91330577511565,42.554851699166434,32.719305082139016,63.16649945211701,94.4543464695221,36.292425027481336,39.0774239787812,50.65607354162667,27.724765321143945
50.80839276195623,19.215377903797773,34.674394533554,31.852583847061155,247.5575022182195,54.502005474957016,27.82018593312212,48.15976053221311,21.300944514028846,39.27948381888583,59.193658441397595,32.88806474877297,51.941688971198936
23.715712347662787,26.842146626527093,27.74304747959721,25.59157291498137,228.8200013956548,54.03028306949542,31.586860806955958,43.14600448725508,22.489072266875112,35.89907915549276,60.12241766141693,29.091936396612574,53.45207081039653
66.47285994363405,69.53669611669562,70.66288111792602,68.311161647471,423.0260202080309,71.2865271361048,25.92205974400122,54.09923106076184,42.34680717187693,42.37109951304186,71.91736751467454,65.66443402912434,79.1346540068036
10.048768243502344,64.14042672460597,35.991787751896055,42.50376333216452,329.37210878894615,53.88626062176056,24.37799877132274,49.5801034471468,50.53137296115387,37.91061726062127,53.515054882894454,50.898887324683656,49.729027272180176
88.37971641328143,73.75346142584587,85.04966658539134,79.6039634208201,462.54715345226083,73.60842742618424,32.160961618070104,55.92904468497993,71.85398339112639,43.0678956606703,73.03724217286286,84.94740018911463,86.27164728413382
65.04372166626996,44.89999979014699,58.888245682567494,52.95748854059618,346.1436148948974,49.05517266621984,21.881442954548024,46.45572875665498,69.03787923624697,36.43197462542971,46.08756170750622,48.70259639433141,37.82574265862109
61.57772715903589,79.66347822205708,72.5898067211608,72.4291777968486,435.4878503887368,72.55101557693415,33.172694124600575,41.81095502846806,61.50443301723228,43.59121710003923,71.82884016992139,68.4914204520325,80.74580114083587
15.072557212570622,93.4163219852278,54.93458234444535,62.07881607616493,422.20065942200347,77.69067629708817,26.92798842888181,60.04213864330903,22.485009664490818,42.93205222470561,81.27184895487218,63.151458923651184,89.6875761829234
10.297338519140279,74.06489774574588,44.85159260342598,48.55787405510364,351.9610755085998,55.20534109223062,27.591705609567214,41.83059877788796,66.66482347100998,35.3980962477028,53.64053582332166,45.04025414676807,47.17724184959642
43.55755190676101,78.10192806531165,61.611236225584335,64.2841776018914,422.44482407755993,56.01090859938629,24.772420486210322,44.57286019618964,86.53564990206078,37.4166446858844,51.63095217591891,63.71427665198126,45.89959779759285
64.94724289755035,70.46293230302655,67.60530816352845,68.25665654083608,412.9046998982245,62.281442016115264,29.15418967424243,60.26116350816564,74.02432079948011,42.414350450846804,59.5587298198691,66.31326457356788,62.35506607685449
11.17962365417521,85.06185652328729,51.65531024044907,55.50896337564245,390.9929173192897,58.684123394890726,21.93442271787822,42.55233392847591,54.994465507671464,41.4037390204333,57.96568959932384,52.78066840958529,51.31137273885019
80.59547606947456,57.12397653176607,70.33531868832588,66.51257634684947,407.60104081329456,66.16959210947728,20.599110375961537,60.34371080868685,34.68313335598521,45.587244704111185,65.84163589820815,61.3649537708705,71.08381475146257
37.96511595564402,37.59016489762517,39.76077845884326,37.74014532083271,287.07295743248574,48.482009507327504,33.010191749407454,44.221181576121346,71.89943915425582,35.56267123689518,44.82306161641164,35.585345787331946,28.38640996663086
70.40495067179249,29.212109391694483,51.48365599375252,45.68924590373369,316.5518566946115,62.30427389487184,27.60835786002177,53.34302710218422,25.16995265930668,41.49594550054819,65.01145596492712,40.12296243362873,62.660939904656395
62.40422885040709,74.49914438432961,68.01424356315837,69.6611781707606,421.586873792503,67.3072822542545,31.559188941326404,36.04996523791957,72.54933716658905,39.61319851683876,64.79864464278904,69.91719772363042,67.682511653593
39.98718706270208,51.63547236010648,44.30265574245355,46.97615824114472,329.1849944978235,57.72063820586904,24.101520846966523,51.98614470521436,37.84431216837376,41.261836059237986,61.16501586625825,58.38786993227754,58.555895782047926
86.24453139818453,11.940804588071208,50.52910094598618,41.66229531211654,280.49626272995505,45.875936181140844,20.882485904292302,59.52429317914762,47.666346678050424,36.52760534968363,46.60712348614077,45.56115936413217,39.03459400368477
83.60723887084593,14.871827595984385,51.447924904370204,42.36599210592901,286.6891632951235,51.17856719411864,19.181632540758287,50.25733765606145,26.184355848796542,40.16955860229355,52.92936696991142,46.051898639421886,46.87004037670521
64.03771865601105,74.31582351011623,70.95520571769995,70.20458156847415,438.4906322682521,77.79615085220631,32.510353875291386,37.318151788015314,45.745036780430304,44.533895084069115,78.71308726171794,71.35117615241427,87.49070699820221
81.25832713433842,46.276251711064134,59.978925466544666,60.26908188037385,365.15096291601895,60.68185177202259,32.55614870875755,63.81802430037564,71.63070023417806,38.98621517134832,58.8298777766759,53.078710122922814,57.406389749995164
77.39500275525683,43.74339910376072,60.39881853631506,57.20404056435916,354.65190840206355,45.48670450360085,22.964239707492478,58.34376983859565,87.04837939123311,38.51886026586601,38.52829251150166,54.00039750122594,26.53145148937055
21.47867199893449,80.98333417557245,52.90961968661248,57.181469304917265,391.18867853674465,58.431595660447925,26.74740255267426,37.624388172527844,69.18867114304055,40.68981017865575,57.97364044250466,63.127444165387004,57.20989580429076
35.02226406414181,68.20098682401344,51.89017076362278,54.92949772006479,374.23353335152126,69.60102857997519,25.068411326813305,43.99974411661133,23.640008804725174,43.1704125512129,75.06526728409044,60.712587889639856,82.69638590797766
37.00175550183042,19.071939703470736,24.538620329861683,26.243866022814608,226.71280388081274,35.80678811166081,31.680530101037988,62.56171248001492,87.25635234597985,32.47314567633944,35.0,33.18202042673484,16.08793469943883
80.2280992896402,29.02045476187953,52.761935239812416,49.5035125729838,316.0940955086963,60.77397246562202,26.7547008628287,44.654825245072395,31.56170372190061,40.178530115879916,64.4551060689903,54.53280749531309,64.36726264567459
60.65078706146098,51.2362722376183,57.2249107827153,55.002078167155375,364.8890350123896,64.88191139777152,30.772224026087002,63.26783520975683,49.869230686775865,38.93646571082484,65.25779144877842,52.836368669972195,64.87067753595257
28.294148863156714,45.2941707949402,33.68389242906618,38.4941620222268,285.4511548069306,44.54434834128914,29.16549807871054,53.30746934869414,73.12692020289958,35.26010778974331,41.597248494266246,34.990856511910316,27.101981275929028
27.734376256805334,40.37652240360052,37.78836926831664,35.31966394488244,281.3351952820503,58.40917992691727,31.619645154119674,42.93773104306187,35.75396901344789,38.0456762621845,62.30207959575176,38.647913897802,61.908875363822304
59.594894164336296,75.47707797225658,65.696005917266,69.12420444908847,426.28416771166286,72.78281911127974,32.817825098840935,44.265956030364734,60.97321785344743,43.1400254065504,69.70214608021463,59.597276109623635,75.2310519905813
74.33467759264028,51.22743772940357,61.37257062230765,60.47033367469825,380.84976106413353,75.26862428304354,32.895795983237896,61.5133237462576,28.13737588028288,42.76588447326359,79.32674219738172,62.65287933429856,89.51016174385947
59.75389408872924,18.550761831813695,41.82792761905357,35.03201473457992,266.0062357213459,35.003143560577854,25.828655718439038,47.87632338625099,87.30042241765766,31.87684284986748,35.0,32.621301679556424,17.168389221862526
31.12338085124518,74.89019223994399,51.02205266853395,57.38346768446446,384.3984874150407,70.57339418577455,34.713758928493945,42.34435193852407,48.227797047370075,39.970487848653434,69.84491588702168,53.75576188958925,72.81160399226052
71.15006355104065,82.76591467868761,77.31198683082923,78.11957422762882,458.0871274041606,70.40314385843118,28.521680055990267,36.66172190062817,66.22672426992688,44.62828818556094,69.35879123588505,75.20401684219661,79.43171666343056
38.218495907610794,82.98247618162283,56.67628709471039,65.076884072018,410.7356976602566,61.76465706129797,30.915098225762446,57.84342746381363,79.17328908892203,41.70315872028285,59.686676514297055,65.90846661889363,60.61568146800121
25.596785403967104,70.71840481431597,48.40129910946806,52.66975705017642,357.84972276911805,47.08690980025527,22.84948225300606,50.611166493229035,83.92625875128755,37.703399809394504,41.09679591742969,43.134637619827295,26.969245874469806
12.509627464193747,28.783974144749703,20.106667811453,22.27423547252732,221.58653073033642,35.0,18.75302232694887,52.67180460575874,61.22631918899272,30.31464348492024,35.0,17.4625816353019,15.0
45.353578077398105,16.310805087533915,32.972245145628925,27.927914283479588,225.01418919698094,45.62830096694191,33.676047411340704,36.52922107374984,55.94939583286366,34.5603271991396,46.38449607432873,31.407081183257837,32.66666754375677
41.95530297045434,32.88028214477177,39.42605624991393,36.5102904750448,274.53430832631784,40.720197148036966,25.278540513869984,47.11020972872083,73.44959192350593,35.8274790550721,37.18487062579761,24.716896431643093,16.648734498635914
66.4054765227481,15.394321783485399,37.66520784446748,35.79878367919048,251.9494175533467,47.448497277480215,25.765877545507436,59.775603030168945,43.481237701351404,35.93387412568372,49.69015047752405,38.156703952335576,37.94654274480539
11.413176395850007,19.523949861793458,13.809334677813274,16.279640475416077,195.26166687252257,36.21869835395673,19.08800140679058,39.08683334955347,33.58105267309558,33.42296506267711,35.855098978624795,14.562663101794605,15.0
42.658532827248415,18.60538475405913,28.443643620718213,28.226643983334846,244.45433067270437,38.61802093186032,34.65475968940908,54.42978756920884,88.76174690175651,31.67988952579885,35.218260118173845,22.615881907792218,16.717282940118594
48.41088673907822,32.29859924487042,39.03031248700092,38.743514242553545,282.14649300755264,55.46742430343987,34.308506376639635,58.95839047770353,54.391157860955005,34.97156418585084,55.06934315854636,32.75552855365668,44.787723848422345
42.2091784819333,88.35098943082711,62.33437730545309,69.89426505126958,434.74482958632274,66.87575424871511,26.39757480118952,43.292316232810236,62.65459562361199,42.170917400123244,65.1106476311289,67.80266795156228,69.89052200152013
72.95108270001809,43.18008903908529,59.50299280947681,55.08848650345841,357.121798954909,71.72217191384547,33.90081878374739,36.946209135053216,34.42187924233099,39.63982064176233,74.84931013707111,52.264974733468684,83.092672830245
17.362380084504117,34.32479992018105,24.22534878681072,27.53983198591028,247.8180990057302,35.0,22.386746198624163,37.188795917388646,74.80717263899746,31.27051007240211,35.0,28.821829782129473,16.497451866359636
53.60149754974933,93.7868847917913,76.82913680582092,77.7127298949745,476.32453258452597,83.93164789578212,33.87618844854768,44.69266241883657,47.42316220281585,43.48485940589327,86.58929579237923,78.44378667446243,100.0
23.183833172057092,49.53015743581253,33.771901000686135,38.99162773031035,303.23653275485225,52.04797278409407,20.685088331170057,62.12491051868225,37.297598424606,36.75995929185277,52.66335859345681,36.86920614763954,41.49134687830418
96.71033524448333,62.34192977054861,77.5783934484038,76.0892919601225,445.06934846383217,54.08407242145631,19.306740757489834,58.99673912806451,89.39960403981227,43.0854534608666,48.51625024731541,76.03322701921104,46.66482941672977
67.32323156568067,57.606525792891745,62.13964964990494,61.493208102007316,395.61338886823387,67.02867548800957,20.85394131840839,35.28998800070547,25.498733909057407,42.3820928210265,67.73118539974666,51.54836276327811,70.6106148739693
27.991716708462643,71.1968539884476,48.38840459523624,53.91479907645362,371.2873150792422,66.19459991544329,33.87573967747244,36.12054904447439,57.51983806080964,40.6773605932655,65.56324685304806,50.31586420470751,62.85705215291151
69.86337532811456,89.28225859392847,75.9013479509944,81.51470528760291,476.3095223483208,76.61103280262962,23.525875901362987,41.98339053312437,39.86981646668045,45.62872984044173,77.09145781863334,79.73238821858769,92.09262580874427
19.218726839387827,84.43157887639478,51.09069751243065,58.346438061592,392.84890064709475,58.455025770307174,27.78775141984528,59.66548717450202,78.3989113306182,40.12429339742531,55.872219833953764,61.705819644055,51.24438948733808
11.287311450046161,88.25962767459033,47.01004677411639,57.470701184772665,404.73172265170774,73.11833961366109,23.59958447377214,46.04400769943415,22.934919086289455,42.116275892808105,75.95588055733177,57.117100940271605,83.03442622415272
25.192376388665622,32.44743700088511,31.840693680066718,29.54541275599731,251.04241993473622,47.79740910559338,22.65456585383251,52.68015133851644,30.65802198744368,35.084915477007335,50.2319518848216,27.923802551446332,35.10450586253686
53.25123459883798,78.70702725266749,69.56508721153249,68.52471019113568,421.9706762771706,72.82994579606994,23.689305169737263,44.5864718863522,31.33871895029407,45.8095512753602,76.69097167919571,83.15549688372715,90.99780149031974
79.638054113728,61.070654048963284,68.476805042309,68.49761407486918,418.79889935538637,65.12288900976438,24.14530330940921,51.34619852857206,56.567402245919354,42.06878292065839,63.756753897883584,65.07620639274063,68.41147100827746
71.66440547196734,86.15058638965306,78.64432546932436,80.35611402257877,484.9019610603038,68.24462749537882,21.01953693073844,39.775026034394436,69.3103526642115,45.61408889403736,67.57705737168682,82.29344798639588,79.21224746688029
56.81439839164006,64.15759848475585,59.633842842906965,61.220318447509534,401.01568770828396,76.4665728068317,27.71859954368761,63.1336289137637,20.56935621304356,44.113603894173096,80.12097404135204,57.02387076396714,89.92201112462448
10.387341592333193,10.029384174093403,10.0,10.172567141389319,155.23062314838367,37.02342306282854,34.567053412260364,41.66195523624176,55.44985470236335,28.046526914965476,37.823554490192585,10.0,15.0
97.11309123219472,28.501842600824418,63.16570383947037,55.94634205337253,353.9546164567733,51.404363478570545,31.4643265349823,64.80102502646267,92.6223735995127,36.85656353215756,45.84338374053858,47.894851275816734,33.80799600949621
81.19363171946938,54.97484356696576,69.70582990575542,65.46235882796721,404.55939323394006,62.48577121183179,22.308975401129196,61.27098118827696,54.48668231818842,40.883524771183886,62.66313212757139,73.0674335346792,62.93031858733127
81.2691245233941,62.01782391637056,70.76797103929859,69.71834415917996,412.7922555128469,63.38706274444905,33.22257033403403,36.064087560249995,84.73905112760421,39.99875772434388,62.60167587887256,74.12124251345172,68.1970587878568
76.66737727927705,56.78124039935585,67.72222451856811,64.73569515132434,403.6240347469092,72.36410839602254,32.297469841876,57.85439290627591,46.5503707385932,44.50472887843483,73.81814574130792,64.45696426070502,81.57183262574934
70.58907258004155,16.58501069396955,41.213358080493194,38.18663544839835,262.5978904592921,37.359864912190574,19.073851425351528,43.03254996618625,62.89242257452775,37.22840821847279,35.0,37.856917406733565,17.227332632038383
33.31183302780817,16.799005194782207,27.283165830616667,23.404136327992592,209.09042096631035,44.1529442269551,27.463826403954506,42.43626716971852,38.25842255215586,36.051136408976326,47.26582771732349,24.679059990381276,32.76402787003433
93.26328602207839,35.03913415806167,64.91376645633319,58.32879490366836,361.8175959383933,45.868117628792085,24.679934185472714,61.3912394721216,93.48523723281158,37.32859386567276,42.4878387975467,62.76290346580527,34.23596273168784
66.80122144559874,13.984741154110461,40.73034058342032,35.11133327070577,247.93459515264854,46.233408719301615,31.235101307057892,44.84936820627391,55.400561158799704,36.48716085048182,45.47863534201793,33.44520333389376,30.17997060236539
97.83937693453692,83.46188494406915,93.72184545898389,89.21288174025626,516.6769748914934,84.15399759704789,23.795909965341327,43.91230873389418,37.55468694290562,49.94292667265643,84.07043147627849,83.38446537200412,99.28532944951677
54.59063522608625,57.004465097364076,58.90737199013888,56.03893314885295,364.9550540727062,60.04364603600985,33.44490851850871,48.24102680959369,75.97795060942653,39.971346523933754,55.25927695511321,42.85973830128692,49.608128266593745
19.891614592459497,50.215421196947396,32.59280619780056,38.08589855515224,305.163723724065,66.51515600830463,34.3978631586281,49.3610504567105,27.800772329610556,39.296014562655344,71.53370525310241,38.881331184371575,71.40962656617515
95.87320630087824,59.648992572587396,78.28692272748717,74.13867806390374,430.568705190399,73.23184856015185,27.93660261171634,48.189269615745395,42.66432701960389,43.166103798586114,73.76303913776258,75.10743722728311,87.63625670762734
44.15992809201976,47.48944629800914,48.49859463213957,46.15763901561339,323.6837137649588,57.0801531714119,34.79214664633108,48.188516900265945,68.71857084633793,34.8586469117015,56.6610291635725,53.683832462645455,57.79577837113009
59.61593829061505,24.01331318989635,44.66382232102323,38.25436323018383,285.1177370474706,54.66980577567631,25.644248272919683,43.41289584720731,30.562507073975922,38.70601864383359,57.99819351978174,39.58479033551903,53.5174555688204
14.028317869727854,92.94109677601725,54.50820726926823,61.375985213501494,425.1876638570814,78.35565716015034,27.13505888113908,56.3033267571864,24.215716839966664,44.09240410706664,84.27330596763235,71.33304901657073,100.0
29.912871201842755,96.8104645068651,67.32312481935344,70.05142718485617,441.14542697420626,72.5186273933683,33.91958918779987,43.68347582913108,71.69630613132236,41.0280531731071,70.63603859630736,70.02449465178573,74.807070039149
66.80699119745307,21.663961164528406,45.96877552606031,39.721173177698276,289.9392348474322,55.95963629056493,31.677498145966712,60.80050258728636,46.97275573842519,36.280384065944475,56.01351522183948,35.944091676452985,49.95696722164998
72.87566144502276,59.40258729208096,63.00958349039239,64.79181695325768,409.41521233141566,63.98665386609227,25.689340970979117,57.03341833396064,57.576542901171884,42.06552219746776,62.387862586471115,65.78844793378347,60.89298728844703
69.18591316832683,71.4550902489911,66.68786215738908,70.54741941672539,427.9096719842778,73.3420665250926,24.999997353848414,37.90676483492504,37.69256500237162,42.71159426038088,73.64571217517167,64.92232408382219,82.14458140891497
11.781945421528107,74.01661421355294,42.41281714300186,49.12274669674301,361.79111366040866,72.49666862964341,33.699092642912525,52.979011670491175,34.03313171879398,41.21312987996575,78.06858717986101,57.90810340439884,84.3313532138429
74.64959581106963,92.5716277582069,84.64251888243308,85.402814979352,507.3043943019397,73.60195089061428,20.917795296061342,41.358772707739206,59.902601512504255,44.70262794342845,71.31457310702218,77.69116399140525,80.05222850811681
81.11371050206222,51.27708356222642,63.641882112445394,63.21173433816074,391.5194096887984,79.79428317026004,34.87737931048097,53.6777269382757,22.68310180355059,42.16110931317964,84.76870180278321,65.85429874219048,97.66466034107201
38.65674037159056,31.025980126645205,38.108420628088,34.078284224623346,267.5555940024059,44.22050096892852,29.154329749394336,47.4644626009881,67.32606451283984,33.65455887527689,44.477761567841455,37.47792340729994,34.598326382974236
35.83045996677957,23.29201207843313,28.509849573311453,28.30739123377171,238.84417088716285,52.89594648225665,28.687633668218282,62.435862909105914,22.713859814969386,35.3851613363996,54.42701861728555,14.310147096589283,38.39494758939728
62.31585618597875,88.66329646039638,78.774998242534,78.12432035062933,481.3538825250833,84.09919874895989,31.145439585359807,62.179637187767455,37.58981539889557,44.97048902262871,87.6513795166858,82.17700092477801,100.0
26.450310363667526,66.68797821299222,48.540822362104095,50.59291107326234,364.03714713709934,64.44321018348911,28.996623808292767,64.10881198246257,45.85048557594108,38.862115725128064,67.17364268882802,55.12360566371923,67.97998889495693
55.96147365138313,42.03764311772358,45.12784958479852,47.607175331187406,326.2649245118819,43.18471889811716,20.10393132342819,37.40123972274322,76.66243015225905,34.37860897035293,40.815643005227955,53.82768791197102,29.70368990120518
15.103786377598341,61.93412984906628,37.3135744011396,43.201992460479104,331.9441265932635,43.23056752716541,24.140786498982866,42.814627371720476,84.31648453249349,34.257731945318966,39.66698507135158,51.23329436411247,26.432655484492876
14.990932168835846,62.34025844474219,40.71595469767217,43.40052793437965,324.3803585475827,58.70531782644615,25.14395475762482,37.64847495754749,35.14556483839869,37.35517217100328,59.754311411800806,35.48958768000394,53.58839016763215
16.444372376396583,63.38824961079919,40.12829921222382,44.61069871703815,331.6337770286933,69.61879674229002,32.84370788550805,41.1661541208646,23.05799557560286,40.65880010223693,73.7982508867287,49.29742860751665,77.38117102205017
52.457839108769264,50.87212783140409,55.45650960342093,51.50641234235016,337.03087145338975,54.72961447340433,34.16645916969079,52.458116419820996,79.67957862273786,36.678614897562305,51.03197145500875,45.475942610959564,41.66672799386571
53.6686953005557,90.12465541436455,70.47551610470954,75.54227136884101,467.09219356610197,75.67143066148225,30.038578691590217,58.36023994682468,62.29433434407224,43.245573666735126,77.00894468222846,82.93582920900838,93.85138051311218
32.68619427044308,31.81362566004862,33.96768757972126,32.162653104206406,261.66434642844064,45.02900092049984,29.615702377180625,43.08315472244275,64.90425057925478,33.659178235397476,43.833909173005935,26.22461876657766,25.31747501528993
80.92178422203297,33.13256617333741,55.432139676530326,52.24825339281563,337.82285054718807,53.575395836643565,29.82494796316025,56.122990531923506,71.20238785818776,37.36965558557458,50.91694693692889,48.89163435453074,42.42592455681145
92.52572123723678,83.57508102675916,90.91044705165602,87.15533711095021,508.7526547131319,85.94311701955489,24.946284502295082,60.40102170051203,31.8545975218737,46.7123735410921,89.42943366945511,88.54282697311955,100.0
31.630739352452203,69.97402005885225,47.14813920369188,54.636707776292226,379.42787844020586,62.28314720529744,20.88360958153673,55.92074200501312,36.83603759245463,39.34700538109209,63.26098691588553,57.29137270803911,62.77217835484664
59.934654111273616,35.36217670438073,46.67232033750687,45.19116766713789,317.2903803860087,51.50750397897824,21.046567442537437,37.46604768445801,44.62683388497645,38.06941724402773,51.61761733509414,39.184783173348315,41.13404520966731
13.460114914825647,48.42731089967166,30.00176022449989,34.440432505733256,285.6789755565142,42.614755626725575,34.42669628225573,50.31126219886586,94.01576352062904,31.264631649263784,37.66534173845005,32.655798236759,18.39367527632019
48.07408947678308,40.09230367770108,41.064150340901584,43.28501799733388,303.82225034480103,50.93448135002812,33.06941294104164,44.06146596468021,73.54665674315387,36.08715973859217,48.68278489141845,41.83977861702812,35.86229797724039
62.10543478545176,41.21703611269259,49.380406917666036,49.57239558179626,323.7635079624533,56.51746916503668,32.95603794446261,48.20938927255717,66.89062413071976,37.51631854208481,57.04205066359737,43.84012550128186,51.91240337852815
19.816391846523445,25.815697046516448,25.11302735003548,23.415974966519244,231.66709394028152,38.25330721480451,27.268244094535042,51.633656835999176,67.39497221385834,31.516379812656126,37.5562350510433,25.296986555819824,20.335638232682452
37.8363410168343,24.325038383648895,30.355433410873154,29.729559436923054,249.7179794913233,41.17124860467901,28.773065638192886,46.47923465196715,65.99647953748473,34.515777895394486,41.14340698955681,37.597274037171644,30.21743593547592
55.4675225492701,98.27683447672567,73.3091508049102,81.15310970574345,490.5935589575045,74.11307883625783,19.5540813349468,39.793566863407115,48.72787628136964,44.577614398755934,74.0388372245855,84.27787819606422,87.96238398921518
66.2977986593158,57.504045532846966,64.42561794020753,61.0215467834345,388.2297170429806,50.157563570709364,18.004291726339556,57.89523156829216,76.01360909720886,39.38254238684481,46.898960390944545,61.283262406691954,38.586666665227604
26.08410343438768,89.73215758505025,59.86403762931309,64.27293592478522,415.2811523746717,64.99907392903707,34.69004497036542,56.92885124483348,83.78915822037308,37.629516402515705,61.793779596240825,58.30064314190925,65.97580489479986
68.66497698153643,82.79079165955206,74.7225808242258,77.14046578834581,470.91168367806074,78.86631607007038,20.769573781009942,43.126581650791245,23.250921494549434,46.568535999213125,82.97291469876399,79.90874344238338,100.0
14.644934845380822,26.044166705635472,21.360133617442187,21.484473961533613,221.00677601053545,38.59651404267347,31.160289198026263,47.08999277160807,74.19155724621172,31.52718102208121,36.25024615110258,17.43761175481453,15.0
62.9552709057213,98.87966175914565,78.52693946976669,84.50990541777591,503.80374931065563,82.25713996042937,23.88515023113186,50.776789057369996,37.409645157732946,45.78985709300202,82.40164672671736,79.371889701909,97.77112141269711
93.63891659992909,61.72216443262018,80.19868996705083,74.48886529954375,436.0000105754082,73.44568526910878,33.35634934862516,49.4995466465676,63.04589916505021,43.311054352946236,71.84148709432519,73.83034106987068,82.18551340045167
22.807478756392875,63.94507061058501,43.28971437586523,47.49003386890816,334.0396923504596,45.37412224519331,24.72549691848556,50.44329266001361,82.01699253691925,34.1908522715397,42.930977887805405,49.93417665991823,33.45618187822394
53.409835089516925,54.35331832663099,57.694275421677034,53.975925031785366,366.7383148404597,60.03819564952227,24.095055617287347,39.21737385989247,44.425004920857056,38.44263615456977,60.7779802999904,51.57925614430846,58.77280880317386
86.67944602843428,55.51841221866845,71.62074017291802,67.98282574257479,399.2715723831251,54.57296655474284,21.663519649174013,35.743223808031516,76.59046495215406,39.411567651300125,50.4422141730827,61.79461211193465,46.89492772915002
89.27365426484447,73.93405948337997,80.39223008693924,80.06989739596577,469.1465501175537,64.96866005972903,23.282948821331164,64.97448700335977,76.16293913463883,43.97986885536838,59.54095035443063,74.82034433587174,65.32101291935938
12.540105872306707,45.16287848974032,32.295338737662455,32.11376944276687,274.2658946812303,44.95488299212333,19.427246952205326,61.54980840185078,40.16561370061361,34.82685815369053,48.45101467832651,38.69097053389168,40.993807104409164
37.85532035747639,79.60374241994637,56.13210481574017,62.90437359495838,415.79115465934746,67.9274603309308,29.28477178925481,55.4962492864276,56.116504784544496,42.01764793885074,68.1176840372941,62.54474563021575,70.56877622359626
75.06820808018885,16.78638922681656,49.29341716648126,40.09911676816548,287.2580847228629,44.077253853078076,28.301152941131086,49.437303661305094,75.60462292098123,34.08686526462673,41.72901832786829,39.36387644467524,25.910001047450145
48.835377890184496,37.960899738484756,42.39184118024709,42.31069099916465,305.0999464301957,46.30342585431195,30.96293651059759,57.06674594803751,81.08176753093639,32.95054823020292,42.84455864704325,37.271415005757426,31.506052386262503
60.876379291066584,14.680230559079561,35.82081533444324,33.15869005187437,253.88255473172094,49.16539658038885,32.606092131881496,62.50950191544207,57.53146218763113,34.87429176735466,53.02180128640361,39.618119561197254,44.578949629545356
89.99838231979392,29.423987875522688,59.90618899090116,53.653745653231184,343.5421172239176,57.609083266527364,19.88951306694085,58.83986462881886,33.72300375611521,42.338458763162926,58.938450394086395,54.14875379117779,54.17029101206231
70.0076546485479,66.41290817863528,67.62825898344522,67.85080676660033,425.3805614810879,76.81022981037569,26.82747804629335,50.176018955860656,24.66879424560907,46.642155508193895,81.6392131308527,74.85357869910433,96.4586187560479
31.180272011653994,77.61285480419215,54.91129275090828,59.03982168717688,401.75315912509336,64.41935984664978,33.20748604891551,54.462004473361944,74.40434346192083,39.2332936937727,62.096637667238646,51.59685179736486,61.556058204355885
46.66787347796654,37.98249234726779,41.43267842103776,41.45664479954729,298.33786776041654,43.23382783500264,19.250537492621177,49.95325521304983,57.073568603754474,36.908351678162134,42.73376212192127,46.11403893281222,30.829176664327726
13.748003949387552,96.2620037567727,56.65190034025018,63.25640383381864,421.45192977823837,69.95975818704395,20.501680916383297,39.302558367088245,32.5808304604702,41.49223249305777,73.49973168481579,65.98043804016584,82.50115960812815
82.87354881561106,80.44714956365482,84.72119417946367,81.41770926443732,486.8065654533973,70.38703195120799,25.46420045061297,63.51006400005171,74.24674612571123,42.254829109351626,68.47019575783861,84.46628290770487,81.24144073937175
11.072504489033342,39.5546965541389,21.81155033085637,28.161819728096678,253.46376771975707,46.47099944123393,31.896610058618204,41.19328076387207,59.55807841683339,32.24698861287767,44.21583164662996,19.109735811307953,26.144512246179055
61.68720754014306,12.789034000228638,34.091840545132854,32.34830341619441,247.68506920822995,42.56540143009434,28.053926019281533,35.869607902812746,63.003259100116885,35.43037612484797,41.03006054268186,33.6209663651326,24.531156872900105
85.2705948441588,90.65779835879489,90.7678147883749,88.50291695294045,517.6293690774038,80.08874809308338,30.664408373835187,54.002960938458806,70.8970253741189,47.02446087305732,77.78565719426318,88.8929823252184,90.8972008680188
88.9410572167617,11.52386563594741,51.82302607630882,42.49074226827313,291.2813157230455,47.9686406460255,30.005878889285555,64.81735964695346,71.56586791462482,33.760145982717546,44.489150607967254,40.30163064612151,29.576048286786182
47.96370192294111,43.70887891121996,46.90299907182125,45.410808115908424,324.7090363659965,47.34931501378479,23.050507104183094,41.411634584660526,70.01714531527567,37.070286423600926,45.85540553432032,40.878271688419375,34.81055705572194
18.040686769404502,48.50272902561206,31.090127155416468,36.317912123129034,284.63116746540436,42.27630330947288,26.569616949492467,59.37367851209337,75.78356976086421,34.29125492256307,39.891494093670985,38.401483869423615,21.233446088863495
30.247989699523483,64.41041973898763,47.511824937742986,50.74544772320197,344.3659036538115,56.83862382235027,32.111111327328246,56.12367062697304,69.63719672585776,35.86814539182645,55.42694014152414,52.70520988120621,50.340165233194384
49.519740230834785,41.66890370142182,47.05213297977623,44.80923831318701,323.97707709029714,43.11137835149262,24.171024649703543,36.86672517956726,87.3210506256789,33.024147299806316,39.20388684253228,47.085279553695244,19.692898530860994
39.17132004642969,95.23142622059407,69.78204299080333,72.80738375092832,461.52336290732904,63.25836470987692,20.76859095784307,57.02970224655574,74.5259341024793,41.75582239146992,58.78071448803415,69.29481530181164,59.000570050170005
15.56374185405576,80.79513527780529,49.153513654693704,54.70257790830547,377.86419480576893,62.81067335568316,20.784832281103363,36.20443310086221,32.50591764694524,41.24723231342222,64.64712972272228,57.54054473135028,69.87545661326835
13.142563514476592,42.49953865534456,27.65440586407411,30.75674859899737,258.4522629848699,35.0,20.043256204574156,61.10911335499527,90.45737203248474,29.845121721362275,35.0,31.337757194476417,15.466721528917107
96.08368283516096,51.93887645043315,71.31327250505609,69.59679900432428,406.1412638754627,68.31708761789812,33.12322371711471,62.35049012989208,65.59097329051662,43.128723515589655,69.11711335650557,74.62342913265584,78.04417897706843
30.852159907757795,76.20604482655709,53.31660530986364,58.06449085903737,385.89283663393036,56.62135921218615,31.63308668761018,55.90140801059085,90.3004672343525,36.21191717031553,54.966944610755995,67.77929803325978,53.93893872587246
18.75594845458218,68.39840077359406,45.90586038631236,48.54141984598931,346.5661888717309,67.07096429846416,34.22034734952476,60.52192053758112,42.096372476367755,37.34156693887222,69.81575432118551,51.458154594696914,77.67238282779226
18.17622619701389,43.59729611323951,29.423420494270303,33.42886814674926,275.9428893054307,57.2663090321671,29.240245295442946,56.104553314897,30.256626771004065,38.185611658382996,58.961006772762495,25.879873604331625,51.86447396577243
88.66229911955286,87.05389688969072,87.36537266349593,87.69725778163557,502.9761118315002,75.02886385645637,33.85780425449437,56.45494203615313,89.61840098285568,45.31182374891463,70.92280066818441,85.94790576502088,83.41876129410423
74.59237439984422,35.40573710555642,53.380431587470746,51.08039202327154,331.5918606783984,52.008473948572615,18.370412145958344,58.67969031083491,43.78165904555942,41.150205929482894,50.41410724311993,48.397623252586406,45.055148112594054
55.43585742618296,49.58980392621835,51.22388576619005,51.9282253262042,353.5761801013733,66.87456738387444,26.21962026782031,59.981692933914395,27.89138556063682,39.75699788131532,72.21656310693557,53.384893542798196,73.68821457079085
73.24594755617363,17.54547551194814,45.98230123888507,39.825664329638336,278.82414792797454,60.144148067957296,33.541203210269686,50.78548430314581,30.279702198063465,38.630283013668006,63.36366508044801,40.43212348413875,60.20850375842832
51.30670531075695,93.03210814384882,73.92749803145755,76.34194701061207,460.80492923778843,60.04663227010521,21.811566807550335,55.209872596803024,87.10263957681377,39.95869152324536,58.49096045803392,84.5149912547584,63.05612502023729
58.78403559290007,64.77110529107159,60.35024196488555,62.37627741180298,397.776445414296,63.326416053891094,22.023141451155134,39.301270132047186,48.04776944579994,42.836117989918414,65.82549006955973,67.2266163552156,69.29526678407173
19.06726752580884,90.49727451115726,55.33110472704253,61.925271717017885,420.93556274269326,69.48349803034125,31.505500415663697,42.69441579104318,59.68808398863872,42.690432064896754,69.61669227721617,62.62358235545036,76.61402350822918
92.1618639959279,76.49067263613944,82.17689481448933,82.75914918005483,475.8054895336408,59.51901684507433,18.60875800510142,59.94359702736065,83.720838988331,44.04018694041035,54.38014007825791,80.6445074550412,56.32603045550287
73.93430503767321,91.22162443476219,84.4222209042606,84.3066966759266,503.0553064260256,83.70198040287362,30.681228504367994,53.920615649369495,52.02247956432569,47.99414413812691,83.62712275080757,80.49767543225096,100.0
34.25591256142512,29.689945964693287,32.19207737576198,31.516332603386022,250.60716106185902,45.18816822080711,31.606971076526758,49.53104454027974,63.039708047198765,32.47994959935841,44.162783183208475,22.494293990900644,26.12219668360837
77.77403803158143,29.844995256103644,54.7389492966986,49.01661236629476,315.20492787898405,58.138265855485145,34.800201646734166,63.56371634392612,62.24485403904654,38.5996766850377,60.01143820294274,53.84228298811702,58.68745811760059
65.9946351200769,85.58491878899812,77.14890389740475,77.74880532142963,473.0222866286956,78.00403216640176,21.98086766534292,46.13800772345213,31.047600928391976,46.64399086578238,79.90902976884959,80.24145628220799,97.1461991542353
83.17598915816609,64.74256201740383,75.53521424057247,72.11593287370873,427.3000235182636,67.09174317567003,27.326852658824812,54.021109202408255,64.18210068624359,44.3917120230147,65.92447559908784,72.17236398951032,70.8964501819414
30.97853491263286,10.373547313920303,18.18043113845185,18.615542353405328,185.39600204913296,41.78914824338068,30.23725384295833,47.76602893163599,43.44310453083937,33.66685451966278,42.083732872752144,10.456865354516758,21.080617635881424
50.61454835152455,37.168522843061794,41.67008127100698,42.546933046446895,297.1622962513103,58.673085712350115,24.956219370236578,64.75359065863789,20.064027307805244,38.5440266745179,62.659187388477456,38.035683669125554,56.16404343015536
45.6397394211714,19.184783259619408,32.67660764350407,29.7667657242402,234.4669505226174,39.52192460769887,31.438642479943656,51.99805152621468,74.29759053301376,32.27894676330248,37.638443191676444,29.0571361062058,16.862252917280816
55.2761905074241,51.661081956014876,55.39278314917908,53.107125376578566,359.1646049211418,59.32486110799933,30.76342447412464,39.315972284205316,66.6544631961581,36.672502949912776,57.22017236022326,48.26506180802856,53.52718693363087
41.21579717938242,12.734718988894459,27.27374015616732,24.127150265089643,225.51003371516293,49.51519323759954,28.138457155940216,64.1495181385848,30.23383387028439,35.16248676707631,52.696589709441206,29.13406599339288,41.4396613100416
61.29396813615516,64.44467361997998,64.69899486587039,63.18439142645005,404.24377833451365,75.22830256228418,31.10313569958032,54.90333180916898,36.18583898139936,42.62264201866498,76.50817712581573,53.541322774516246,83.21309167741146
63.33586196897523,10.86972859633383,39.34444786026406,31.856181945390393,249.77568050566146,47.01244973578861,34.41368401765486,40.419311996740845,64.5914421770711,33.547546147725775,46.5812317833317,24.118104378592623,31.56992470179875
12.02864494317849,96.27661001839061,56.631680166430236,62.57742398830576,427.3230884455248,66.49878132002303,30.926585497068558,46.67182128855958,76.37154131336104,39.20439080677021,63.18034269371636,59.79500013761187,60.91297766303015
47.33287758598406,53.825619356474924,53.43007526173756,51.22852264827858,347.94702209115667,57.047148096824365,24.161817426447527,42.43208492105347,50.65069840941479,39.28116352752558,57.24497338208845,53.93064266093072,53.55127117639333
43.40955339644324,42.0754580556368,41.876490426881716,42.60909619195938,312.9235380283697,46.692808981767584,23.510624850356944,50.05694541207994,66.79302746434223,34.959273165818104,44.20303996220368,32.150836675137505,28.152071629994243
87.71948541406044,59.93333744763663,74.6998104658858,71.04779663420615,431.21991712463034,67.13289040728674,31.898905693438714,53.046862064657006,76.48907778861306,41.244666997367894,66.15485699918652,74.64133809708675,71.8617502936887
10.100843655286553,35.13398526728192,23.28972372389721,25.120728622483774,240.45080988415305,45.22867976978306,31.21159943990105,50.17778763476511,58.20514021482278,33.77139138192341,46.273291287619074,29.35741024925499,28.43056457528282
10.312311284099875,64.59493727538964,33.69179953900181,42.88188687887373,326.1337123788235,62.55251827534083,31.67197441354785,51.497632115589894,40.222712391250695,39.36087180784965,64.15235909621072,35.76421117402257,63.11239213415476
24.959674113824107,90.55691486113253,55.363443951135885,64.31801856220916,433.78214019567235,68.60301530008319,18.12427830713399,42.90450131428709,34.98952229556491,41.406775940722675,70.94359618115958,69.28787888258655,77.99375263081933
68.00198990269618,49.13939684604478,60.1492995369138,56.68443406870534,366.05494829298397,47.799322647648545,19.949012651377,58.43129363230904,74.05072693193887,39.169854891029686,42.29455458448955,48.55893922511603,27.60372217087218
34.63380670576702,30.2751158701757,34.89732264926557,32.01859220441223,262.2516695592287,36.619485253798054,27.613026236354255,41.778581325597614,88.8557421701481,30.70036306774811,35.0,28.78198919690457,15.0
81.73612444176224,41.96636589977773,61.690897118476485,57.874269316571535,371.2342405906871,50.28402427458185,22.116926091803712,56.63762292289219,76.63383419790628,37.485625143907775,48.58280659295818,62.37320357038662,42.13498400931235
64.7785320745553,52.362491882588685,60.80541809895374,57.32890795937533,362.9771735599905,53.55368287866882,30.811571969934104,60.961229362784735,85.89661976056793,38.87532454229555,50.3596526319253,57.12938640143007,42.75555306808833
96.27950308000256,72.65474704595502,86.49414542494974,82.10464945957403,465.0160697594534,72.79813092298377,30.978102841751422,58.241702876618035,70.38295447716723,43.60002497809428,71.72136813242165,84.21748528294523,81.65403508411967
31.456499028835626,41.0696317979733,33.56386868063405,37.22437869031823,281.46455607846224,40.44727267137639,19.301666910941975,62.59704099310764,59.78080159815525,34.99386706906855,39.34433408673573,40.61597005598904,23.050088259420395
95.86946159828209,43.03617581171867,65.633311911059,64.16949012634404,378.39197495695663,59.87264918345742,18.447757929725384,64.69769427262185,40.91531367434173,44.53823376159326,59.00081996525692,59.767453613412044,58.623176518972315
17.18006347404957,52.86142590460112,34.270120792617234,38.5888809323805,303.3326581958861,49.36924994623426,25.46041276509319,63.02230547814453,60.10547865601333,36.45601975849241,47.56599532122493,36.50779283288388,31.434754189393686
47.23920987835443,97.4415950296715,69.59403723638056,77.36064096914467,477.2678249286195,67.9593068404205,19.680809635912066,44.554889397916355,59.564444275594894,46.040712455025584,66.16133903966211,78.07160664485122,72.49233292915036
22.82522347691004,30.469075582938633,27.591874515244257,27.411534740527195,234.40526285632245,42.81121996323523,25.900303856250634,53.28384758032293,51.63937942756227,31.975892691205917,43.54948596764457,33.68040483051766,28.164791965638333
44.184800549767694,40.485991426355085,38.51020700572362,41.96551507572013,300.6650661707666,64.25868701543088,33.121329836792015,55.711800157810515,30.90671443215799,39.12449618057674,65.45708324295735,31.854286029703125,62.0616030101653
86.36925971263571,36.83741718270902,61.235947602171095,56.65015419467969,353.933344040797,53.56707581985991,32.45861227442932,62.94822485442983,89.7239658342917,35.31693338120036,49.22963936001624,42.78596047919736,38.58342412165403
92.22505980835703,31.408847491098243,60.009151202035525,55.73533241800176,354.18903341154606,47.54475548740544,19.304571733669356,53.286824657144294,71.13019640492081,38.593524313285684,46.730274244321734,67.93044835388834,41.54364032364411
22.32226067334993,45.67230754410172,30.599344919191466,36.332288795801006,288.238307276513,46.06135956269295,29.385678726235867,63.236649052858716,75.45021469220006,34.12149802551682,45.4814144510139,49.80973234314643,32.51581094723238
83.78647676979253,26.480658557210262,55.57230518647426,49.40298584224317,323.4799410015876,58.491466383919224,33.36759492190181,61.517551893028354,58.15552170726065,38.78886095336601,61.15676609316038,57.833048761548326,61.05214337082371
91.9019514009377,89.69185116796476,87.90386817896032,90.57589126115394,524.8283699011388,87.43444246256357,34.122183427365165,45.837490837208136,58.898471706625195,48.33119936417584,88.02168378772632,90.49058782545161,100.0
53.48083658674267,86.27155870831244,70.24543437718513,73.15526985968454,450.6092343975469,59.43313347903894,19.8330024554831,46.802407290512726,75.04523410499631,43.77568628745132,55.61391295956787,76.50294107746457,56.71898447147416
70.78361469214926,95.45677027088335,84.24781024030172,85.58750803938972,506.82197575863415,74.66212354499149,27.409328818507376,37.653672220566094,74.71278698220377,45.260426984286845,72.54872271182519,86.42942317830516,85.4842633105968
19.581582210742585,50.862561792013835,37.52288117307136,38.35016995950534,289.3051677830673,36.414238298529966,18.967086452054534,37.01473347148464,74.82768187462331,34.455489355374,35.0,39.16122748321775,16.265320089042632
38.24974332847917,33.61384223575538,37.15034639454568,35.468202672844896,275.75682126278275,48.99894244296444,24.160980910826126,54.24462412416764,40.34161402880886,37.754996512138476,50.15263738766452,37.68878480368697,37.8931682560263
20.22962623671454,84.6175188753156,54.63636041358857,58.86236181987517,396.14366512579636,65.145697099565,29.189355939627234,38.72480559643432,58.02857442857586,38.382354814328146,65.44148903755966,61.74134538432983,66.9980841262009
47.1079849230547,49.55026737078698,44.69177656330479,48.57335439169407,331.7366165323649,52.92942788328969,30.86022543469858,46.0674312006086,73.63789644571855,36.273021145050144,51.736838247299865,51.60727762646575,46.60214921613023
97.0956356648149,53.09061801788816,74.83777981003232,70.69262507665886,419.8652201051863,58.938820765108865,27.445790872484487,54.022641728423544,85.54995691534207,41.69360564158802,57.02674454779664,71.35072852160351,57.20411359304747
50.10215302898618,50.74236226264195,46.552704860106104,50.486278569179646,335.8257754073064,59.29319717311971,26.3047318799278,59.679603771511076,40.904525504534305,39.92519297738137,60.95896726704162,45.97887962488748,58.723014341200354
83.49110237420196,27.13417959196202,56.98786314083664,49.676948704858,311.7724906738808,48.05273199013818,33.621890632878454,37.432247484418966,88.56735322581218,35.80676945481459,42.80688565990305,42.0781092908078,30.42788034981269
54.542967537657816,57.09551598505396,55.93481318643836,56.0744966060955,368.93443734038715,47.83300043293251,18.318320134504642,56.33681844411507,73.4295726464741,36.92390254233463,46.350530144535526,65.16529078947444,41.258215727962344
34.70617166567803,55.1232661541593,47.101307331551276,46.956428358766786,337.2546737421481,39.63449515863196,20.021351300525886,52.73554361348219,92.68373982055539,33.54279280262428,35.0,43.34229020807392,19.808027442348735
34.8123327885528,35.622114714805974,38.46537939789129,35.29820194430471,272.76785941319287,48.37316804491876,19.071261641777777,53.0179011073835,29.361325178138202,38.60308337912761,50.69125622747883,36.78544497042445,39.69723009881364
78.16130199248369,47.143391120702994,66.43127043483317,59.55055546941527,376.8115215843264,62.97846395966038,18.26349858373546,61.39957074682509,27.56035886514182,41.45838839078036,64.11232082335478,55.180037655101906,67.17913721364125
35.43637649922857,41.26708352753262,37.09484465014904,38.934800716211,289.71251147657597,35.0,22.12946442096805,53.26601283887699,87.53039889238005,32.791553898509385,35.0,41.42637281847719,18.123859590996766
64.07016162548838,52.73543632550347,59.19453206608693,57.26932644549744,361.965519641695,59.57207895052016,26.153433820789417,54.74277682819003,52.452983693652776,41.120802465783605,57.57330479828993,51.53187437012856,52.13598772182048
46.159381190995745,12.054976418715874,30.455379912424718,25.696738327627823,229.0543519340381,35.0,24.028660605533016,36.380994084251554,94.00816980391683,29.187421869569043,35.0,32.549281593169,16.875175625482726
46.56927951046851,20.480995312619044,32.16743351148067,30.916308991758832,252.18091873470837,52.900861549368365,28.40406625463458,38.59335139650683,32.249180728573144,36.78458695713088,55.024370972508244,22.379144439514413,39.698347414353236
25.016635810185264,37.712493984573825,27.526726542763967,32.634150714818404,273.0184567169958,39.45010076475321,24.817166936140435,59.48376720961862,73.12797470170447,34.6442522440376,37.931539249688875,36.626535767044636,20.48872428131202
59.92591380206633,48.18747630349529,50.19762710990967,52.882851302923704,343.64775727571055,49.37158879064242,22.84146381413414,38.35579839038967,67.36526823069953,37.21459733319481,47.197994548558576,53.695878028173894,41.108364598681014
44.50727693329597,74.42452241000983,62.742810046716194,62.45762421932428,394.8877918423242,67.33662662335665,25.62006039144174,53.323440682338415,43.892232359449224,43.318929627988375,66.85305933310408,55.25701857392722,67.0240616057597
33.51773380625261,88.25316483392284,58.18528254710295,66.35899242285475,420.7827635187401,72.08452847238155,22.576169482918683,53.20836238514612,29.23158900524529,44.1468299017156,74.91067446589766,71.32744080435795,86.31719504058469
81.92647645768547,30.906657240680232,57.83069917909997,51.31458492748233,328.07130296112973,54.20411330675581,19.949581120437394,56.427903884655464,36.33219639117634,39.08912667685037,54.70543785424893,45.26367540199592,43.28592459440425
30.580361440089114,14.775042596862477,22.11174901524249,21.09717013415313,213.5339487818739,51.497793658848956,30.15979623256201,60.82384669580511,20.718701578486673,36.84955857045315,53.296739129974654,16.041975820482133,38.11339710575885
41.30694291949863,84.9631067885912,65.10637637194363,67.50064124095417,440.8158226029089,80.45590171923483,28.429749606197714,48.89769813183508,26.755539721016834,46.69594357338399,84.53435589083047,63.69070801035001,99.07995921158388
24.64491053798104,36.02116000539266,27.54951309391111,31.470660218428012,267.95562286675045,43.306773277843874,19.054769427171102,37.44894949554015,42.38705845905265,35.589333295013994,43.97924036776946,31.836079042382202,32.131677895429696
30.897949160494917,33.333268105003775,32.044834027232945,32.35914052720023,261.544259211871,41.1700914360983,22.95089857993149,59.22534788915446,56.10971882280387,35.24962565971625,38.803562956482,22.554886538035767,21.857235761499084
77.66436248803103,41.52564034505056,61.14921835317791,55.98112920224275,363.5783764119999,57.1926711739013,28.636378608723412,39.45230370147912,70.97814719593214,37.05721419421607,53.58469903504158,56.68965278551241,50.24338234270944
15.016580329172928,43.889752378697764,32.67881969726166,32.340483558887826,261.95720264068046,46.60587186532761,26.069018682290682,62.93474273331867,49.61307498237658,34.8585631342138,45.710957671531425,26.015388917320507,30.1695712637623
91.03097965668746,19.46640783941774,52.93631550207463,48.09223656632563,306.10976762680593,47.37738182335358,31.748617893359032,43.077809494129326,86.15408032090764,33.90779711751929,45.557423472610004,47.0039771124003,36.57170650217169
42.35667798319908,79.59749141048437,58.30961469751697,64.70116603957025,407.5804273764101,57.7349013305842,24.723788032828473,60.610871419431184,76.6195127478271,40.17331939083512,56.12687554363447,67.82251181127438,57.2096493092179
87.35481352512946,67.35431392280105,76.32897170570357,75.35451376373243,447.52014626130784,76.0156003140363,27.78249575102131,46.82725963504749,43.00054787660571,44.765992366841964,76.10289851861263,75.16093991899987,86.96796718424594
76.96477196295116,57.30060714020975,63.67409085738525,65.16627306930631,397.80539887419303,72.1599084770766,33.04352877260389,57.657095935998555,44.24350879580053,44.549831979761386,74.03066167470067,65.03708234572565,83.4895123479731
80.1160117301464,84.9763413913898,81.75601655766162,83.03220952689244,485.4939422840516,67.95064308158298,20.519021415601053,36.426428266434904,68.09112426762685,43.07754665671696,62.21538840310684,72.35055096871253,66.7736761105965
57.47801902911317,26.286796777586797,41.39230556343328,38.76328567819735,286.5684721884245,42.78527430388709,25.852627987980835,39.460979548926446,74.2871511367209,33.332024423345786,36.67482349049369,24.94606486015335,17.165632254485466
12.896150132034656,36.359513999542614,27.595197352587824,26.97416845253943,236.56114099968002,39.25709381286721,27.269308586453498,56.834770075218316,66.6392064113432,33.64530935506896,39.18431451752751,30.835848654010977,22.58794578446343
66.82077882355938,45.8152459888714,56.09328528553209,54.21745912274659,356.16954528661387,66.7866541442809,32.897202504335496,43.16656402519327,45.655759697830305,41.99833781662747,68.29474615269848,56.81700948442951,70.05560424141368
87.10030105219263,56.79520707466364,75.06207424000378,68.91724466567524,410.1348030446594,64.95837713414414,19.054867894802356,49.27927905979239,40.23782036134082,44.803685356646476,66.54135491056057,72.26467144154883,73.55776627050652
49.86611319690616,78.67602561038186,67.01541689701763,67.15206064499158,428.905751361946,64.0419380934328,26.6322138631826,53.77598328846104,72.53802467591602,39.982748980710575,62.19669265051423,66.90666462385748,67.1248672225887
68.27778418189027,58.69324464124856,66.5386980481679,62.52706045750524,391.0305475453957,51.53973063535382,19.03875026027226,60.336691271364806,70.5485954237413,41.509100172750436,49.39971078502948,66.98729947464162,45.08657511312346
82.44247491189596,73.07476284886127,74.80871656912157,76.82184767407514,458.36643439697565,78.67901650248375,33.11447191655672,47.765949344026495,51.013764078394914,44.59113860034262,79.75317299829847,72.99911314853759,95.26353561564667
89.3063687540619,83.9405523326776,90.13119224431185,86.08687890123132,504.441875364607,75.70123430020631,32.767796213280484,36.91169980066155,83.44714645219669,44.69325522010763,74.32999558386292,92.75522760697109,88.89163234537862
38.88175404731034,51.63208758375709,46.71074831197479,46.53195416917839,337.05619601653075,61.93516333261494,32.032427565284976,48.51791387310799,49.08373680847842,37.269449927917165,62.48639674534664,41.38041591631166,60.39414403587342
56.893936024396524,13.15979981595828,38.633596194010295,30.65345429933358,236.38778895986638,35.0,18.27513937184215,37.293320268508474,63.51461774359827,32.21373260906591,35.0,20.331499479189358,15.0
19.84190282606189,37.88617706146708,28.206125316760822,30.668467367305002,253.90462612720702,53.108543268390655,26.603256273934072,37.55642260705313,23.48888722588015,36.94729331135723,55.84067770796748,29.853921585875092,46.68237744621255
81.77420055053842,87.60034499951864,88.46829470619988,85.26988721992655,502.31680146163393,87.81877382634951,28.342934672971154,45.962776409067416,33.623242741828705,48.81615526497072,92.2276030189676,87.38954877799429,100.0
53.56813559939774,48.44207467934942,50.2875500478529,50.492499047368746,340.61914997264097,44.57260013866692,24.237226251711377,57.46319965465423,85.57040199436375,37.79425885745276,40.665511820347845,49.01025147437846,30.465419113887606
36.81327792759347,14.7140100992642,24.7525861919113,23.553717230595907,220.9939021167236,35.0,23.558293144593,53.88677167985439,69.50895831973477,32.55604517205774,35.0,18.897777068328196,15.0
38.065462958006265,48.46288571048475,44.97530608887041,44.303916609493356,308.52685087379655,45.08618112697552,23.368351518477944,58.395277430579505,70.31432774980215,37.04867532844678,44.011835508375256,47.70479700980974,33.57939598504119
60.07844121192649,28.046459633826682,42.40495326371486,40.8592522650666,293.4017249807105,65.2164880179772,33.72057260839088,40.36160387617693,26.175987180933976,40.42108071600796,68.86629568469627,40.66104187559203,65.58785055839161
68.09654377981154,39.36377185498026,56.74742748355632,50.85688062491277,326.7273617879474,50.785079592256956,18.64569775632332,41.25458620228368,41.45658336537268,38.3236934334065,50.81644112321482,47.57916794585806,42.66391111879882
69.0133112554784,30.06078821442322,47.459631882885745,45.641797430845294,309.85328537993314,46.128211975216146,27.530929727481762,58.061876840362444,76.83599792706994,36.57706665927501,44.29450240753549,49.21298476950384,35.45122033257867
97.13746716068744,82.92391379615792,86.3851689683293,88.60933514196972,501.7446156896237,77.49059040542357,27.721887180006178,56.644086136144615,61.275237332145615,47.73655643451042,78.84289596517361,97.47425440245483,99.6837209986581
14.589836315092974,18.837107820415525,18.327510245822236,17.138199218286505,194.12859754650984,35.0,29.412678528751094,59.95163360839754,83.94668281070877,27.743339785024137,35.0,10.0,15.0
79.05148630414122,30.306892759872017,52.219468073796804,49.8047301775797,325.3427922126584,65.30021032044498,30.598458561549734,44.574185466025796,27.852886764681614,41.595795229533316,68.53028601483267,48.54589604222785,71.61374030586684
41.53939700505586,11.838904791815411,23.464418375858124,23.719101677111592,210.66995481502644,37.63497489206261,29.21497619650056,37.955452204056016,62.04926401255114,30.733804731256473,35.11755831001102,15.321968580188027,15.51272377821611
83.13270279896577,18.80128475842621,48.12485724540056,44.53385197464203,291.4920495424613,53.64667811209184,31.019721777959738,44.17276469467096,50.631403062401944,36.953349454617744,55.25107382576931,44.9189920788714,50.35594953731081
55.25437655745381,17.98136484268483,37.75973906223175,32.89056952859242,245.89854929581722,35.0,25.0445138790567,53.87339430441291,78.66717503540926,33.68273199629207,35.0,38.568775866966455,15.252688262723836
13.776279994097084,74.03344349270535,47.52554959394057,49.93057809326204,354.25904373348914,42.48132785009378,19.490844055759258,49.26710230260961,84.25236673456766,36.45243462283936,35.13123350836001,39.31991102988969,20.024010292511143
68.03421168923714,15.27311226357575,45.31449694533581,36.37755203384031,256.133359802252,54.95340138350287,30.674655179500967,54.084095912843935,34.06460359599207,35.960821464217695,59.194007120265034,35.65082546140162,50.81011685738529
54.358248339387245,74.7344630197604,64.38029467988846,66.58397714761114,415.2374864523198,65.5225679996173,24.177517306940437,60.77233083351028,55.10260196920453,41.094064143916526,64.01437236726075,64.19908020099744,69.1213579933704
31.03516299718294,32.8702279970351,30.409661056085504,32.13620199709424,263.9468768839001,35.96272334460842,20.920875031121707,38.12729596654333,70.91480668141352,34.51317166402033,35.0,35.66170068161792,15.0
44.179889380731765,95.43865683315309,71.95399234869555,74.93514985218457,460.27920923138913,68.61869391316543,24.53121558491766,51.320368740893294,65.97393965477664,43.08055337921354,68.0735057923723,75.08748688620459,76.74959519816564
78.5152026874166,95.11966936957408,84.94917155816896,88.47788269671109,509.9690764511561,75.44927027011319,33.11218834674088,58.16679120157038,89.49091560767205,42.55838158596049,72.63845771415987,91.53909170394998,84.50547771302877
23.705730003103092,21.398987299654255,18.64970541443494,22.32168438103379,220.08202985910316,41.41890065549504,24.103384483731464,38.15564854636915,44.21283332984824,32.04952026324592,40.104115585767595,16.592992965773533,20.177242097469524
72.49510145146411,66.60416055501749,73.11920127482931,68.96053691359614,415.681277964121,71.33276446163173,34.813667109848524,59.928685326695394,64.17294416572567,42.6869690853181,72.1905443943955,73.97954636177381,82.89063751203393
43.29511708704826,77.82142324162767,60.75442170558445,64.0109007797959,402.95963682920535,74.58495266923,30.516039144157006,56.96652680158584,32.38615340824808,45.31814625259211,76.68498373508453,58.99418046106547,81.50548894591343
41.07926467445408,83.60094207266431,58.41659707636302,66.59227111338022,432.5718650841487,66.45631107613241,27.71462561771734,64.58295540440596,64.20824154531869,39.735156857909985,67.47527359642238,73.37250284653743,71.46712628810081
53.08403942089283,96.07760090710865,78.18050737101588,78.88017631262232,490.5074956219428,88.5201759713851,32.729629270782496,62.28654772325304,36.29590840753523,47.7739932721332,91.94939196769084,79.27004862171599,100.0
70.41912166587332,29.60857155540612,49.16675367874154,45.932791599593,311.01497528389325,58.25446383157082,24.359797534380593,46.248431517159915,29.981497937959805,41.46968120918434,61.06689822886325,42.03987837086222,53.88251402505245
49.84205736350716,79.24076456612515,63.94507762589162,67.48128168507796,419.40248510825757,68.13550192630078,34.59906561265508,42.2611997832814,73.82692329059992,39.512353354125445,65.45366658418783,60.759685197045016,65.97322087161712
59.19257543075833,69.07047947429726,60.631001724751876,65.11931785688168,417.1085702858552,57.98890542535036,21.147395045714603,41.76087275960971,69.60123800622972,40.63315512975325,55.2492801379097,64.24458105190222,53.33343720909043
64.30077365717048,22.049001854541586,42.1668826920608,38.949710575593144,284.06635821046916,51.429468141020855,27.662035781772552,38.25946337398791,47.9582784341965,35.70305164571771,52.9694076712104,37.85641628933432,45.66790923338849
60.704316300639974,60.39100677836921,58.642940674507706,60.51633058727751,388.32605049363696,52.696075670712624,27.790477946095738,46.90554411025592,94.30216744243853,39.296983193598315,46.11236188092957,59.79700921782041,43.317300221841435
26.270970779641544,37.210635187301506,33.932489382057206,32.83476942423752,267.0486571558473,50.53149376855695,32.99858178168152,39.437334090365866,58.12603220102274,35.16142943333567,50.62199737734394,34.774878450730675,42.41779883885467
45.68148961405413,65.85699819855367,57.92810795173504,57.78679476475385,381.6823779250552,63.71273222738085,27.171561037650104,37.64702975856903,50.80863071820761,40.83151300368899,63.05427071532506,53.978937129289214,65.34621406951338
73.12232534850301,45.18067303519527,57.012247983655215,56.35733396051837,355.88899355703995,51.91001933302448,19.206398765854104,44.953325270139416,54.55566629458787,41.856083746870326,50.699843590340485,55.39112174822355,45.06744197929987
69.18100049817173,13.945570321403046,39.331812330165114,36.03974239211052,260.0132021987466,42.27267831048204,23.627073711714086,56.37863238044966,58.33704470309876,33.90321617243201,40.795458779521944,29.129774636236746,21.63219615537827
78.63258856127607,95.72103532279309,87.16487167422738,88.88565661818627,518.8819023929937,79.56723540203839,23.692896989152075,55.34537880236199,54.75376143997398,46.92515299970075,79.91723743470497,88.99270976020772,92.60379593237055
97.48729366799262,19.89407061509187,59.412404026571096,50.93135983625217,322.9017837048296,55.768223307814125,33.88361013968806,58.40610490570285,68.28854021086602,36.20906521435469,55.57415246984199,50.130205918924574,52.498445740263065
67.39857356407188,55.12687478736716,58.462492651427496,60.03555429804905,376.8233930369714,63.313071545163766,20.32756847210714,56.747394285570294,32.017158201650375,43.4549034901255,63.82685362172944,54.509688892953776,62.10189887034893
71.63389171660982,20.123128727821467,48.51105939194437,40.72743392333681,287.93741090998793,39.139683022887965,21.167217608962655,56.57493145336669,70.13848861008663,36.341439574770874,35.0,34.896292783360025,15.012761928818742
42.19670987710986,80.6361833121863,63.31983809447888,65.26039393815573,427.9553966726803,56.4984867859499,18.996702504676463,35.346688430425566,72.43541222755994,39.679603671366124,52.30105529171584,60.57771000302418,45.83205568898449
65.67893093848727,84.22661526353134,72.32166376770876,76.80754153351371,472.5059035897649,80.7531175260266,27.021698398061545,62.68783295521905,35.57975616513336,46.469529302579296,84.37194625491198,82.44659143329996,100.0
53.51736021233202,91.25570117235978,71.40346720571934,76.16036478834867,461.5814782739067,76.24794695159228,28.33772017648556,53.72085311518441,52.93209661789066,44.46715269876298,76.32073216838495,73.48212442571005,88.68192482486461
36.73980883100754,76.02615054770672,58.09500135754522,60.31161386102705,393.8365300466503,64.73668244927177,27.36387753266199,53.82245333810886,56.08488581205988,42.09047901109321,65.00253591976046,61.44422156223539,68.69561851521152
52.951345993348724,43.94800853526164,51.100687534020146,47.54934351849647,326.14007266592193,57.499898453468276,22.18831377667569,50.22030596966649,30.638736643943158,40.77627460494897,60.695582834296474,50.9714571187151,60.930610205984024
76.80629834237754,63.29085966789187,73.73757421994846,68.69703513768614,411.7739132236721,71.27142254209838,34.037455222910765,47.04314485996595,59.6299237551115,40.83391110805927,72.90376855277374,70.65257135889064,81.72448505844956
29.036157273669534,55.01915298943761,45.75575190057442,44.625954703130375,333.609387261288,64.65178414421666,29.623492922964253,58.93442967659179,33.232002245180105,40.045784053010905,67.34949430775164,46.21781695342352,67.37282118302514
41.41439891724268,58.99486852854938,51.85644562065126,51.9626806840267,357.9559960297623,60.07395494862393,26.7638385705444,48.930046208311566,49.83616963416941,40.892535972969846,60.18004782016115,46.247860414433916,55.10002341588495
41.65918462931193,85.38287537839689,62.14413975295157,67.89339907876291,436.76143347775576,66.80985769739561,18.766853106850714,46.5668864033096,45.74226312256636,44.54388170462622,67.57502384065836,74.35888668496837,75.55357633000156
11.446373098044791,32.36685332656449,25.280655172519786,23.99866123515661,240.80989056355048,38.48517495535466,31.580457823410786,64.45338809833969,80.49089184681537,28.881250873130202,37.60442078745618,33.030447032019396,16.629735218044907
84.58281630465756,86.71504129798262,86.57854366977847,85.86215130065258,507.03929650206015,80.6277596982475,26.50105955203354,61.67108132399605,54.054894224900906,45.674181777839024,78.6276899636564,86.23339921190691,96.88743206498847
97.56274780053113,12.270705848964498,58.11551087280462,46.38752262959115,286.8901672854851,40.29449614456693,24.19187397948559,40.05820418868543,76.80063355044135,34.26364765750344,35.394371832375015,40.1143502046718,17.30330559946784
77.92000266503238,29.350098248717845,51.424452153314625,48.77806001524366,314.5826303566099,63.786232888970694,27.975034985076466,54.789977950722445,21.32018927760087,39.9930366056007,68.2469575012029,52.62178228830177,71.61938053180805
39.7477326077395,72.35983869130823,58.80288975229021,59.314996257880736,393.3184650285969,65.8275281155082,31.335844937187446,57.47314884199243,62.880298337024165,39.26760817705787,67.01340907399836,65.56268445464417,70.58224899474142
80.80010890854291,83.17089428176321,81.76882936298072,82.22258013247509,476.3876192577293,59.282711685892735,19.69530120112317,57.30083751463773,86.46960383973598,43.774752757313266,54.92934803279409,92.1161335536652,61.88326763360643
95.16527289014353,20.224595106012213,58.340732927220316,50.200866219664746,320.74142286906465,48.222247809678315,33.13167321119039,61.22328883154452,93.34998451709674,35.62450562270922,43.70760283683712,54.48206281765945,30.781678222014015
32.29465607361159,82.82311854471145,61.44540815566965,62.61173355627151,406.7875702052918,55.11066353176723,18.95423699635823,59.46627312257022,66.51725394010671,42.29199626937522,51.73345356076696,62.542816496337856,47.81413895885604
21.08605175208681,29.947763989747003,22.36606509348804,26.403079094682926,248.08741592120185,35.0,22.7355661286455,48.316927579776966,87.39588557256667,31.526292906870804,35.0,24.568271122042084,15.0
87.23489557095496,67.19493068918736,80.33497132762362,75.2109166418944,445.22319501067926,65.03529718568052,22.7139445565632,61.40230126651533,60.610462055981536,45.32211504700718,63.97596607867687,78.04830981258078,74.39233102498594
86.52629586358849,79.05484033263741,83.83131889375623,82.04342254501785,488.24538158558823,88.67405783034567,29.656502817672802,64.26445977343283,24.304135595531804,46.66106359523023,94.4105516740987,86.28570482736816,100.0
24.134034329289932,96.87247094092248,59.02377963719352,67.77709629626946,440.0739975741113,76.55287502646323,22.67066555148039,52.38090851979642,24.397152531693795,43.557899004925574,78.36503801592009,64.90741923285555,87.99415545014712
40.51905113997554,72.20934483235715,53.08502422390417,59.533227355404506,399.85378688091714,57.79851485762998,33.461483729992175,38.149711253754056,94.30493272818325,36.74303361351629,52.68334907581329,59.27749919629633,51.1103107424063
83.6311281617668,73.77795852528945,77.50583559927237,77.71922637988038,463.497775119973,83.38837746796504,33.98829152847725,37.79287995629051,42.95779701182127,45.51490979909476,84.37721802242899,68.45077022103197,100.0
60.84829255190202,20.12479323226802,40.30228602085258,36.41419296012162,264.3154669920398,44.96538952315051,26.347653987248083,62.65599306545078,56.039850736880624,33.58385755963435,46.242010915549834,43.23197568150026,36.37905998759892
55.17832647047993,32.229442144479066,43.42459361079586,41.40899587487941,296.129983253513,51.79435811370931,34.99781445066027,54.32534270508132,72.06986975469601,35.310206086369995,51.870620124096995,41.29818245172514,43.10171243605757
15.984024960986808,70.74945420101736,39.73987118840857,48.843282505005135,347.4454123165264,54.667266835363854,24.013550297258355,57.18450756863983,57.067694480570964,36.294690317896475,54.573771040301324,49.67287336048534,48.962235675382566
53.96148338034072,73.09878798860117,61.28108362310732,65.443866145297,419.2964198045832,80.516626875928,30.25624027822243,62.122451256239245,22.53662312893994,44.38472349211995,83.90648579529548,64.51062645658905,96.7949288501241
96.71562094629556,15.058676436103946,57.629786900326884,47.7214542401806,305.4645011384987,59.26317530517186,26.509174511246133,64.12542204455028,29.723780036834647,41.70481333661662,63.0208219300711,51.04203850890286,61.766108875738254
47.777952771769165,82.4662321985033,64.23278462151544,68.59092042780965,439.9189158475822,67.79436305791641,28.822695013565827,39.23139900751181,68.72473726021457,40.35740256410845,65.26687294770025,69.51414971277593,70.86659927344465
31.796445303300914,70.97934685466257,53.02200237354451,55.3061862341179,373.0451044377478,59.717061976728466,32.979891504060966,54.320696499066436,73.47794564439738,37.39848499170991,55.158948466166734,37.208500384275844,47.521709310772245
20.84088614776906,43.29535701111128,33.35883604654883,34.31356866577439,281.20734995005137,53.70663750270292,32.62595569174546,39.20804484906286,52.24548108388391,33.75824429146535,55.87264819925746,40.24783761829877,47.516991121338286
80.65224077098405,44.40365076210284,60.165174003714064,58.903086765655324,358.8738381728168,53.54750005309384,19.351359721995685,57.80141617882932,53.360224327747474,41.59458563022444,51.809113723440525,51.71507408509755,47.5349264496658
43.26670748493931,16.890581436622767,26.175428634368657,27.441031855949383,228.0633188199509,35.0,18.156778650982858,41.902178633111106,51.46255551585039,32.40568562828865,35.0,28.405380238440042,15.0
69.58875448496636,28.217559041339346,49.84987930139238,44.76603721879015,296.3234958209157,40.49789423448747,18.035370865996857,62.94595404228737,61.6170782131407,38.626924582210734,37.92477909880734,47.451673262476675,20.422707007437417
72.13160658831882,60.3569684425695,69.6471267722371,65.06682370086924,393.03495809983366,73.01319584012448,30.03933094553312,44.90983068099663,33.51752388638459,43.67488179336086,75.30230892364114,63.48026203643925,80.54693706616672
37.945116286532254,23.220518484388304,26.617806818268118,29.110357605245884,252.77840341495624,37.57159097384307,34.03948690496676,49.509511375284056,94.62888149562544,31.528585476633033,35.0,20.860780645107116,15.0
89.0477291677783,49.86683900413236,65.84549169856888,65.53919506959073,389.60018043177894,57.402465549322706,19.131723104141397,40.66219537095522,50.78996948419076,40.82821259863464,54.26550271676577,55.66913529436082,45.35358876413566
66.71406628622975,93.40986984995105,76.92488277564435,82.73154842446253,484.5466731942098,75.37319466849807,32.49770388854533,50.19190113957377,77.48037676763317,42.864198126400225,72.49695961217056,77.06716408522547,84.31320971953907
19.317353889694598,89.68123845991416,56.83919799376495,61.53568463182633,418.2910109727959,67.9418358000824,18.624379211400566,58.968875757709135,30.346325785126776,41.999689260979196,69.26884694939805,65.77816497632664,73.59310966056019
67.72928300405255,92.23198697441877,77.26951423072232,82.43090538627229,492.47808938897305,78.28720675619776,23.8117113229238,48.78835015320812,41.52501343092274,46.22932065589687,79.52237617420414,83.64075122654931,95.47004718067869
54.06209196346191,44.150666105529076,49.42137550508771,48.115236448702206,326.13750407406724,56.56351366141179,24.118434767392447,48.9183962516604,40.69872752533931,38.049653416554484,57.67286241962716,47.000015882209865,54.65724923668274
49.18456228167753,97.51197362919048,71.71868431638828,78.1810090901853,474.26732661833825,73.55983405235185,28.846819419499187,46.344619038510814,66.97741564821933,43.061610821193966,72.87105133524572,78.96153585259633,87.77079072231801
21.082932639021998,26.841942674485033,22.278195166133806,24.53833866029982,237.61470056813528,35.02327768975762,20.940481918252278,62.68619523463672,59.20892997885629,33.52399864884975,35.0,19.99958890751929,15.0
30.52667244795182,67.16709338362105,48.489824783814946,52.51092500935336,363.8481214673269,46.63180820706885,20.080202089022414,59.063493414887006,78.8071025434886,35.334194943149356,42.71019780250796,51.18855608886881,32.39547902593555
30.803548387874088,50.610333598374105,38.182844010439275,42.6876195141741,311.5883958192085,47.542124194010846,26.87813527663703,36.59992369515767,73.6152808008039,35.675227270538294,45.35464737729436,45.08676137177155,35.56775836312654
60.489493343923606,26.923693799222335,45.1229190527547,40.350013617102846,291.05406410214675,61.63933305244093,34.7515473845544,51.23903948768965,40.35267612687923,38.38347899257031,64.49304325268864,43.1614582066049,60.569301938782985
57.68552393199594,25.14910250449843,37.59507833440669,38.16367107549743,274.2481603242145,53.95481189302144,32.711303625517985,36.304051979711446,52.16967942626881,37.271236374212265,55.16850953147347,37.95843181698807,48.75100018903034
31.957923467581402,55.151346560488754,40.591064916119045,45.87397732332582,336.6993386313951,61.52098104467284,24.084267454276016,53.781334113971496,31.90822147154467,38.36427667193293,64.20234735065584,52.371481158358755,63.37418089091588
54.27002478613712,54.02547711823356,51.54732306224924,54.123296185394985,362.72863935363705,60.7930103692858,24.15021808545848,40.59095692791552,44.898754590746634,40.569859592067225,62.33509891214167,67.70806135708919,65.8451954654686
11.551563986194175,57.79960521539602,35.70933637750401,39.30038872371529,317.614168036854,69.44827620144082,34.93313823831154,60.72833705976672,24.787324401958514,40.4762051301756,74.23012706307934,41.728451624462885,79.3765660713416
38.1309134686439,51.22872894805891,41.854817312102014,45.9896027562929,323.6868758561677,65.92013052336196,32.57949749606074,36.13851458782644,31.315853511845336,38.11290896403475,71.12047885096928,49.79631454026047,74.06491158773186
97.24137122345002,13.902384665275724,53.446850635593314,47.237979288545446,299.10955291045644,47.39025639820131,25.64622500661695,62.641022080985564,62.000327305794414,35.612773241098026,47.990769490761366,55.138073100164775,40.60400810993455
62.72934400985752,66.57294533314555,66.35716892151171,65.03550480383035,412.78695987394815,59.58437024429644,28.795868193442317,42.115830534018066,85.55344357558731,40.392014772438216,55.07045797962167,64.99642521837745,50.28465435573394
83.86749426271649,77.85534632646939,82.62848489065793,80.26020550096823,481.16400565982445,69.82559469419017,22.40948334794264,57.06371755026264,61.35533561794254,44.00077509075311,69.15243892204396,84.47219400650549,81.60832059166076
82.59417771238992,58.53570357613749,68.32475728949586,68.15909323063846,408.95227475321497,75.4007292458314,24.486160322050292,64.18804437511108,20.422495878603687,47.30386493255019,79.14605157506251,68.12075422039813,90.55202170902498
12.31391077881803,29.966899587087045,24.702775142451614,22.90570406377944,216.7093481659836,44.3040582277053,27.281900302190575,37.268047666840374,41.479743382068385,32.07324682631356,46.89842907800852,25.096386924486726,32.00978235714606
70.5750815595401,96.42159268081387,83.57735835826024,86.08298823230436,509.81024341620423,73.06963533335863,27.797249938113964,49.52781288339838,83.44695240672596,44.840601761250326,69.5293479125325,83.04693601732546,77.79836320591637
61.33220208545184,70.29168691572075,69.78982507328699,66.70789298361319,406.9926038365789,61.82240085663694,19.551120699933257,37.31080089113694,49.877096470005505,43.971922184737714,62.062605313866136,69.52939973932273,66.05085105112806
38.41167508691182,17.845763338454624,24.593943436602025,26.0721280378375,235.1789259993664,48.553363533843225,30.41741700401275,55.95845918033363,45.47572539092516,33.61743089152314,49.94321698691841,25.602066817332876,34.65748892667209
73.5489816493661,72.98124009751268,73.54340587690432,73.20833671825406,447.48246684793577,65.35140943241589,27.87765151091114,43.599105585447816,75.05864757983143,42.45770153514028,64.07957017145014,79.15413678247785,72.74054735967182
86.43919936219879,88.56357866941977,87.06112226968999,87.71382694653138,506.7738398720734,67.86822875977002,25.06782459048523,48.48310325924136,87.13603692287958,45.47873503027818,65.14741493887819,94.46106035922148,74.98234092796119
42.72273863794838,74.44280153934588,58.58263834148581,61.75477637878688,403.28285037771724,72.03555401810566,30.11939843620224,58.32725081117151,40.36374332998035,40.94412637468254,73.48992495392548,67.83968657481313,82.39957347128681
60.015922778588255,14.758449447180931,37.46518940579473,32.861438779743864,247.46763730357682,47.14585216820092,27.089334833179002,47.676000646549305,41.31693879781568,37.54059304954894,49.295457682595384,35.45565839444442,39.90766510929971
20.986930102129023,53.94720055282032,37.12326757132219,40.763092372543795,300.0672691241538,44.31559706161916,25.535374803108688,46.07089269147794,70.23490458309615,37.10240706961802,41.71789706579843,41.30259086388098,24.070755262050998
50.05631326702573,78.95806515496058,64.05435453766067,67.39736439978664,416.3401899922734,68.11164761135515,30.07176960807813,61.54489085437015,58.54285344122546,42.46842597944905,66.77012880227002,63.87893057232665,72.61410505270102
55.917059470909976,27.096690422920386,39.63557683386678,38.624838042116224,278.4070698844984,50.43674297851885,28.59540258677759,48.20099459012016,49.43336331326937,36.8017097058,50.79708387275845,38.0226030653104,40.26190248541759
39.59797618982748,78.79108509201825,60.92488528481757,63.11384153114194,412.46125004148615,61.75128072322555,32.49250414595114,43.4620287363283,86.37903147724742,38.57167929734815,57.73269075955602,58.8553774090357,53.74658240075958
16.571790087870447,23.551151579957022,16.42033752339682,20.759406983122393,209.4228762744165,51.85253083322979,32.73316770849141,45.183266172121535,29.276887405053444,34.807694017418314,54.017079362172396,15.110051900459059,37.93512101424793
95.52254077670939,25.911089591993353,60.80652772402469,53.75567006587977,329.0423265710837,52.814684057485366,33.84998226432114,64.44563043728883,81.10233845900115,36.5971956010247,50.71960943798845,55.899861554906174,44.73893465556942
67.77491015146416,24.734232999947753,45.734058778613225,41.95050386055431,293.43918243142366,59.20675850102139,24.551853014806333,45.7279857705938,20.0749244200207,40.84029075082875,62.24883594678504,45.980189482988564,60.58578406714131
97.93835388478786,62.48800405335739,81.6624115477162,76.66814398592959,449.6438448311387,82.79876203899397,32.369280527872085,35.29017616540757,36.51852053235289,46.607646034996336,86.3228943465238,72.6693233469901,100.0
75.22891734807303,64.02816133300644,67.96027553331842,68.50846373903306,426.3560948947351,75.39174158301073,27.381959016016864,58.714770687449914,36.07311966213737,43.56217560407519,76.88517226206987,64.62351456778015,85.18659377604052
52.390082226272796,76.85948681281931,62.87993468434071,67.0717249782007,417.32713580896996,82.2505553661753,33.74425825914497,52.151289558753945,27.851717621274087,43.29978673435951,85.78344119932784,69.32036735573126,100.0
76.45483612198885,63.128674267301605,65.87766704902909,68.4591390091765,424.5517439967458,65.65164662287762,25.55934700425818,62.947329590557295,57.16542596406509,43.26467446162452,64.20414713674968,67.46794931091368,70.60626449795201
40.91959326119672,20.560370179135706,27.91483890928783,28.70405941196011,233.49809115048916,40.111951544528466,23.57950486571418,61.75909738326816,47.619517867256036,35.40278246750361,41.91524784715011,26.174527734806553,27.43297356758916
26.98740923385242,60.04793313786825,40.11462363041,46.82372357626192,333.5655320298712,50.76643333156209,21.839657087576896,56.567294459756326,56.756801841077106,38.764956954883495,49.584977873996046,45.58568783667269,39.99972028121237
83.3241752309269,90.41427910623854,87.44516273103638,87.57823755611389,512.6847856669907,90.38777246377292,30.78475372700466,39.67249279396833,32.316551559467804,46.965430160824134,93.61810852089923,88.1066111825181,100.0
71.01893831198305,28.198893572301582,46.07697315373781,45.326911468174174,306.6561311739401,56.54639040870782,29.905195069346092,64.94755370558768,46.895828921087805,39.80571245763568,58.03019266224549,42.802834642680686,56.022560020311246
14.662133810628529,16.976570000353007,11.985464623286456,16.05079552446322,188.7808015802298,35.96843083522151,30.67861782902218,40.18266181972168,65.43897262879219,29.451368325202843,36.21076665099366,19.14465922238725,15.0
81.23107586131984,26.562950012592495,52.21508975318542,48.43020035208343,309.27803540078673,49.36012895041258,29.461572726590013,55.58708084347454,68.93824945900647,36.80198998819651,48.10846587575292,49.476834609542784,41.299873786954414
45.81355315217605,62.4054154990981,51.651807812189915,55.76867056032928,363.3425219985614,63.092779257151335,24.89392876478504,41.816620822997315,38.32177209028734,42.77341170716357,66.25446962382914,65.56272090104055,71.37001311082014
22.862551135441677,36.446289363320254,29.513311581098883,31.012794072168823,264.62663304201243,37.674340326242586,22.12431928820869,51.0463644640277,71.35037205618963,32.90974793477199,35.82930080514884,36.94387274418099,20.161877449007438
95.61746251598316,16.727073224084812,52.199166896617484,48.283228940844154,304.81464804238516,51.78086923973133,28.21865004333266,53.87600472348983,55.73343022203714,36.66316920218533,53.78581086731059,54.17895752202253,46.62036291510082
47.68606162287148,71.9346239802407,60.1083609775828,62.235199037293015,391.9660223995494,75.43835494302961,34.21046571424167,60.3444815771643,39.54087605823034,42.99430944421122,78.615729456034,64.37503240407538,87.17049387362708
50.14938627447392,46.50824547023438,51.01352474349755,47.964701791930196,327.4924457610854,58.04393648047754,19.08227666509713,36.97513226492907,23.205845489345673,40.332348442573135,60.111973797817484,50.816113314031874,55.66057807439499
62.84907373333537,70.95328226238942,66.63408698027939,67.7115988507678,417.2587136182775,69.48756192085811,28.525576376763567,64.3354126198417,52.01310570267336,42.30244367609553,70.76442368964445,71.93681418732027,77.55532256605585
38.9253700751192,20.806568887482364,29.596023410239766,28.0540893625371,227.707656546599,49.77078048919594,24.8303491677669,38.17205803779351,21.82195275498352,37.72404362433748,52.298908783041945,29.02202433786559,40.599697735737074
48.4235562386861,33.94554390216322,42.78769870750705,39.73674883677238,282.73855012051615,37.10245255772831,18.902237296913242,58.03026299111838,69.94475234155098,35.14060905335144,35.0,30.733161394914802,15.0
44.574522033143765,54.47246365686471,49.75161421428233,50.513287007376334,349.26385043371897,61.74229231885021,30.090521732478386,46.32887240420434,51.015539205761655,38.52646868410675,63.320254838830955,55.40158269220186,65.0628864023711
72.40405525722946,96.41830121861946,85.49707246396662,86.81260283406345,518.9310139407851,73.54079069564408,20.688888136960244,36.57433042488211,63.43438889028944,47.9579943354699,71.793534570257,88.32981408551849,81.81721116125848
67.0942789629422,38.05090390091412,54.29074629992223,49.66825392572535,338.74872739425706,64.62376162994823,33.248373069080486,43.747561205365855,44.50427623584487,38.852838662590344,66.59574247796186,50.83432672696709,69.35318516520802
91.57077483456956,12.174386528384241,55.78060524090255,43.93294185085837,292.0985545158012,48.79218294148504,26.84666784188036,46.6858282511766,58.88885994572847,36.252637307444346,48.0575900215892,42.380959426083045,36.13225677357687
34.230346812183086,11.569499785658827,23.321569428223977,20.633838596268532,205.1063738921477,35.0,25.25167308009611,37.1685869765095,87.00072146031437,30.025110003265482,35.0,15.889443873387654,15.0
81.13272310509767,76.66171682811455,76.52097527991958,78.4501193389078,470.9956536736439,81.26904536736431,23.823216816208966,63.39525134875824,25.38109731692853,47.173373223284806,84.28486132626163,75.37668037622068,98.78067541937216
65.1668198233431,11.611739918628045,39.25622859655546,33.03377188051407,248.04053539312198,35.0,21.33249642895963,64.87244681178589,87.28716461207112,31.454487424863654,35.0,38.37888332649936,16.702520267390575
80.89141392463922,54.358271301475234,66.79747110354984,64.97152835074083,406.15255614582253,60.556517309829076,26.676879708223534,49.02231500772395,70.43258014717573,39.70406662946206,59.20259612732963,67.96038160242321,61.75269810923725
82.7440690038485,34.12894681225323,58.78682942748984,53.574995688891335,349.6010672696014,53.17364003922043,23.4179662834797,39.81429428951125,58.3164506168498,38.672467357107614,53.69774923838917,60.892082928774954,51.632181472987604
13.885732321832347,24.029446622796783,15.525503001525658,19.97196090241101,201.3202086797582,39.043034525823245,23.20193894887302,46.770678814446796,38.07722992519443,31.60607159686015,41.73556250854459,23.82409476194261,22.242103291392475
10.708630703024745,84.98490756459732,51.484798565378696,55.27439681996829,391.2984558666351,73.02579905187223,30.47194910946363,63.00686934808199,35.680346397526186,43.28420186142523,76.05140321340863,51.119157578412796,85.94297870165678
64.59017179591501,72.74363282450469,65.32595622283714,69.48224841306882,425.4439692032854,73.48210913172024,25.37800028212311,42.81887893624899,32.94704527019178,43.20604094891125,75.69529219157523,72.52040720980952,86.65102744655842
93.28831232396836,78.1066557346075,87.54429821477166,84.17931837035184,478.98808122072717,65.62922720590979,28.26461305620721,50.89174840426002,93.68516343400204,44.015324047077875,61.01129785468494,83.28697339827959,65.6099671267458
65.31954697006258,91.64921642225461,77.01617794926146,81.11734864137779,479.6847114035621,78.95969179815125,19.81156902359788,38.913870842591784,24.666702153413205,46.22305004414901,83.14005232607053,85.72573023876562,99.10543570495157
86.58126592573616,79.8448150796722,83.45813855602941,82.53939541809778,473.0665178935429,86.03474892931973,30.06604382700641,45.884861741806205,26.423779543655762,49.41463025733955,89.89736593662161,84.64663133174874,100.0
41.22252489676086,61.58693895489982,53.272263876315606,53.44117333164424,352.9207591959764,64.78594612878734,28.08684217220402,63.58460185350745,39.65704228849653,42.21980360626975,67.99913438477594,56.9573819757563,69.58960219236808
31.01220073212128,75.6473933941598,55.70915683345115,57.79331632934439,383.5179675751806,66.95273487753254,30.169782240914994,59.3631361659227,46.893415408018384,39.6338674637732,68.61653598046215,59.57448194368259,72.314638954949
57.222639451236354,34.877981801651885,43.35483756532462,43.81584486148567,305.28105010731537,40.01038514419606,25.87952662484215,50.65789858411281,91.46034391729556,34.7382395567223,36.80461888638387,50.1553388373401,23.372239536912254
46.45843624112748,54.689400524920615,50.75058885632226,51.39701481140336,342.6626645267807,66.5289482456401,29.72131565755827,62.0893017085237,32.277936360381425,39.07038144362288,69.07389145924951,55.2910686540428,70.28658225859171
81.73272457346903,58.9490194081653,73.29286725443158,68.06250147428679,417.45009188514365,77.19920591462164,32.765785744636716,35.60484146353682,38.262969555394605,42.27274452169528,80.91882548025293,73.96259803776665,96.84241096478671
84.77474792307468,39.11886318371929,60.663366135839006,57.38121707946145,365.7787066395742,63.98675336235284,25.238891490698926,58.69296463383999,37.7482660911426,43.399209788900656,65.52848465984155,55.932781215693694,69.1534086437989
87.1793993558108,14.166442193846251,49.1025085278601,43.37162505863207,286.3374040957341,50.55150451358854,20.928501844048398,56.89994932969911,33.83839966990337,38.221244316786326,53.38456371777155,43.28576786569102,45.641185474309815
94.58629530761165,20.372655206652578,59.1560169883166,50.05811124703621,311.11420776729466,57.97123330745087,25.046104365928677,35.985881773854196,30.19305367195242,39.876449336787374,61.10565091596782,51.40977166284287,59.6661162293446
31.27080842403598,39.16129766302622,33.77474042986683,36.00510196743012,277.47729176643446,50.74338746770136,29.440390942900866,50.924237842712486,48.90681335649832,34.604936439229625,51.78039438444953,37.85430542119535,41.69885768969691
79.11916271499706,20.0123182454358,51.359566378671126,43.6550560332603,290.8812301116074,41.33136446576414,19.24743262564419,59.38190148294757,63.472292767746,35.469374957351874,40.549599476038686,47.809025648776846,27.169961788612532
85.51087035579505,37.91908978822133,59.28068739143431,56.95580201525081,355.69739553269955,57.37072465661795,33.4738623878016,36.30639733530126,77.43530660231659,38.62534482692468,54.9442009174401,56.226037026105644,50.66729605287372
90.33359357959733,69.53682389370003,79.43909690914441,77.85553176805895,457.37456488525794,65.49576276534494,30.67543638799615,58.190956961171516,88.99206356142234,41.71622305964167,62.28371281309134,72.3877383397815,63.471343954214625
23.463629227679355,51.7789808976473,39.14864763819159,40.45284022966012,313.0390856982473,53.24928177158665,26.386546705541296,39.95713670631203,51.101578223707364,37.95667430799543,55.15505012487584,49.47108321109775,53.96166250820072
31.22763500962691,80.85739521405361,52.716222744405755,61.00549113228293,404.8034899025644,60.58875225015457,21.551147582137883,37.01196885624127,57.720045281243664,40.801853050342444,60.81592203125921,65.3273178642309,66.07773497361458
60.771181352668506,47.518996294405845,54.92279037702512,52.81987031771091,357.1116877134092,62.956492308674285,21.279193642583415,62.173162873565786,24.009163548739878,40.93319523760385,63.82364241360348,46.772776979135465,63.07556259370987
87.64658984189833,83.74107535338867,86.91035915512573,85.30328114879254,493.252949054208,83.23589674907352,33.86025271641533,59.92239664161668,57.44863610609337,46.97832438206413,82.97804383927526,76.58979763984772,96.99197770191283
41.44668486648414,71.92873786723152,60.31343961090732,59.73591666693257,401.8535725500029,71.0522865274321,27.44728877512316,53.19866755428746,33.92908891257257,43.20880698609348,74.19819717933588,59.371361827811775,78.6913366795147
37.30729157582706,14.436371796186435,28.526794960814456,23.584739708042683,212.66076052859407,37.36840423602442,19.072788822597534,37.24364493508595,38.88190990915652,32.79015373192298,38.40322273652535,28.67633268083751,19.71686435877791
70.54726775267534,68.02718599406109,70.09626215281037,69.03521869750679,431.44496814489673,54.72642808452496,21.884927511014656,49.81157613386316,86.29944125543065,38.59536787539766,49.39098622191369,62.50225066522525,42.13728481290616
32.869407127583,26.93134965898311,29.57079691614939,29.306572646423064,249.32070262969773,36.8409563311667,22.225481019284587,44.02073560171226,66.01694786086354,34.9490438413018,35.11923697556379,26.388270359895973,15.0
81.02768892662729,50.61066811935947,68.59298179331228,62.77747644226659,396.2628893015499,64.21390592476057,19.22445331741572,36.36230468251111,31.219227718502136,42.850985302755866,63.431654989143084,54.193188827989744,62.56467416590721
91.97546105386284,69.58380943521249,84.07587729614866,78.54047008267264,467.8593140519994,80.54166251423865,26.45067014251528,42.02957324144079,34.5296589647442,45.408206147751805,85.20261464008702,86.61499971253176,100.0
80.92315020684548,57.49258830766897,66.05159429733257,66.86481306733958,412.6493838299046,73.83027964718833,34.20215236659779,36.80108939007076,49.351350402543495,42.712215021950215,76.4434135745635,74.24386129452125,89.6027797595516
78.90475151455809,69.71850890052013,75.0959967872753,73.39300594613532,433.8324855004343,70.97597477964526,21.7519598493654,36.42045214239708,38.05343223366998,44.483961167298226,72.70492093374502,79.97923564687376,86.92861186489873
95.9119008384595,31.34589866712463,66.52763264850307,57.17229953565858,353.3334789881861,62.67779567529607,31.894002447007132,54.54757706803416,51.79621304556126,39.346508611967145,63.57877029688128,55.64361487750476,64.3166515486691
74.94767884125015,39.13375318451248,59.6583544135752,53.45932344720755,349.1402469610852,62.763738492105254,22.787808487008768,35.42922469382704,28.862197890046218,42.96130008843019,63.380162233145775,48.232050907808,63.14480893905086
31.3550788291988,56.7915643544782,41.94141646058462,46.616970144366434,339.4145724052372,55.99005596148368,24.578338351801534,60.01091650982079,48.6206913487044,39.66267574466383,59.10003627407216,53.33607729210706,54.84797945740253
16.185310034632842,94.39042850157634,55.87671555709501,63.10838111479894,422.8589151083533,70.50810742810229,32.26969750903851,60.97288189690482,59.1695303396762,42.85933072125623,70.11760609256939,64.26345818768014,75.19801084587972
38.870971174950654,46.02055271859927,45.026932723945365,43.16072010113982,314.0645585360689,63.69497275513912,34.95485733781947,58.606375934628886,40.524969057636994,37.31074136854659,64.7779067553237,32.51122285910353,59.92881925093625
66.31088637532618,30.18939149959402,46.00329868332074,44.63798944988689,312.1006372544566,59.489417030725036,33.193877640709786,42.68393272886346,51.53827685573992,39.03567848502919,61.843366746644534,45.036433357110546,58.501787821648456
23.787147822581588,73.07717759827297,48.746998038482445,53.36116568799642,377.6536539315951,58.32539058123346,19.379707235120154,60.31077210314201,41.99709899066167,40.99911120077901,60.360843101264166,56.44911521150317,61.18212861761291
42.45001887649458,29.171552768330482,36.11183123524089,34.48293921159612,274.1396394651233,48.29731823968502,23.500305091043064,42.57407892563839,40.92014814782658,38.10916338639168,48.969078232923806,30.84157758150191,36.2337360969841
54.06859520277293,44.017514818437306,52.23243705511422,48.037946972171554,323.0298905829387,44.29149797765215,22.85807130373833,38.672324200597004,76.9339321688195,36.7958308819956,41.535382331575725,48.820126308968106,27.150112728691823
77.36034335772403,41.85207923458634,62.01698844784889,56.05538488384142,352.2568607401386,60.63234694063621,30.88835384565789,36.01190322373157,61.33734511052395,41.30330330816275,58.51205976553012,53.74440896752664,52.26056155471295
19.92380914704547,94.26228840922313,57.334801160702256,64.52689670435207,423.365217444704,63.304405980029934,23.95365721223566,43.12091542766443,65.13573566427354,42.70491272493761,63.568255097919085,70.41081361522367,67.64323385571873
47.233282352317026,32.455335527518784,43.711629862049335,38.366514257438084,280.16147110820856,53.55867801364825,23.503311926777442,64.69078603359567,30.044561987424117,39.07920412968123,55.75709675820445,37.67567352603859,46.337787290403234
46.62451416216523,80.31238178616334,62.97814036523469,66.8372347365641,423.5024529074799,60.512626929283705,27.465421107620394,52.45071754243041,84.22222315992285,39.19983554616608,55.26266760549266,65.45670749688531,55.427155859755246
35.971091872534785,42.14123902240948,40.03771138843194,39.6731801624596,291.1526744299811,44.84506214487441,33.64567054842855,52.247377525337015,89.00118327470051,31.793622408081696,40.58356703951215,34.69914969441067,26.880336809001268
64.83025093942169,75.57131473449667,68.99361576055583,71.27488921646668,445.93460686708016,75.03703359826706,30.0574555942515,47.65396457853593,51.98486001702912,45.196423538033535,74.91302455018518,69.84522349279929,88.17103049964378
29.684963299294843,74.39677698750326,52.90346032053015,56.51205151221989,382.98766464248973,57.35396102423496,28.608355979905888,41.248567581927006,79.54540298989673,39.86167031357787,52.35244831546142,52.07505796776583,47.3274337400813
58.21647104354513,92.47113511047662,75.63200276482728,78.76926948370402,477.845051821462,78.95529229152434,18.714316051528115,37.082508757704126,20.556523091048764,49.337694342265515,83.7974551300377,85.09181088983976,100.0
63.613675313068455,64.24564207876172,62.30193413075359,63.992855372484414,408.4489604824436,66.63264419285423,20.819109592671396,36.59448776518844,34.37025181388992,42.399756911933636,67.5709196588969,58.46970041039197,69.72516063774674
22.953816576615992,55.28510891569855,42.49462916677041,42.352591980065526,323.888770037017,56.18271839983521,34.46880852152765,54.51437195834512,70.6861149812069,36.16277303284383,55.62838459125281,43.701336667525126,47.05032492091129
43.973978143751864,49.38581220417912,46.86869975843939,47.22107858000821,322.07245608741783,39.55925814898757,24.111291475486038,36.903486826298106,93.47510978167993,33.38474062034792,35.109531442066256,47.00294622587949,18.787550049772786
20.196383488841953,27.81922374052066,20.424042390280068,24.770087639849173,230.19224438685555,41.727824486190755,31.71281406932942,52.57907536099687,65.47589791134588,31.013683568192107,40.096895977029654,19.83286796949999,22.410216484713256
83.66897395661032,38.30257132610163,59.69651625402014,56.44913237830511,358.89103098924255,50.63534016172293,31.344934947667742,41.889340339704404,92.96534936164291,35.319541591275,48.525674375598875,64.27058369594018,43.6572126818243
12.225643991087715,63.65777421073022,36.25927726569914,43.084922122873216,324.69088143483583,53.80560579726945,26.3039811982489,36.93537832214101,56.44863384230771,36.66807082686475,52.93332980689717,45.49646424415211,46.78997611130781
28.140224802514936,32.33954991091922,27.671490879094495,30.659819867557502,259.39125544531174,48.45911758020303,34.9053130464046,54.56325021547809,65.50111596434684,33.144782827119194,46.53474746712796,21.34245578801597,29.16100097398431
77.37176491264398,82.88640531370915,77.1283166701939,80.68054915328308,486.29633057871763,83.12537422725687,34.753708936604134,63.10158437982054,57.20261070546982,44.157808526392,83.11088717542412,82.4751516976463,99.54568531802919
47.28352404637059,69.08619537530555,54.752166197125995,60.36512684373157,389.2517729665984,53.06630597383726,18.302513130218028,57.48486516385027,68.05184507125256,38.086868838728606,49.835014632786816,60.67967549670549,46.29257956522147
13.017091932201932,90.67094680499909,55.19163274401749,59.60940485588023,408.3584223882555,63.837925966620304,26.195414381081484,36.34602389187799,62.14656068824015,39.77986054031536,64.63185386343562,62.89758317950229,65.93089100809567
18.92391686890271,21.832752098171056,17.496016008730148,20.66921800646372,202.78589649780108,35.0,27.202590607586664,58.81903178130908,65.78084027702496,31.584580281471442,35.0,14.619053169058388,15.0
24.22434953902814,11.15924994785027,18.461371317219143,16.38528978432142,196.76207047652144,35.0,28.35993458893718,58.48764958822685,70.45930320995225,29.957766109846595,35.0,11.398832228831871,15.0
39.57948228251681,29.911590192792264,34.362919882378065,33.778747028682076,273.2340524758226,35.75364517286212,23.86852071420065,46.2340066739166,84.52754260039488,32.73061826125717,35.0,33.628899908334525,15.0
25.719590755165907,45.98948186374586,35.81324885201488,37.88152542031388,302.4797510288512,61.450789177006726,34.501077761812425,60.53591262436285,43.66991264641809,38.69645574408536,65.26525454059751,39.1511040169879,61.025188547808675
11.45400022121434,23.00776672240501,19.868369164260617,18.386260121928743,207.5082225543309,35.0,24.19130992196203,50.01999920668156,87.88566122343252,29.540436766866065,35.0,16.56230721386122,15.0
51.52187281834776,54.37522488333437,56.02138103442675,53.23388405733972,357.22072820079666,72.07831906842272,29.792509619682676,46.68240627647312,22.181571394173076,43.66082043805226,77.07597132164848,55.10956441821754,86.3251149205386
84.31687280752114,63.44861527109222,70.95770095044287,71.79591828566379,427.0485613460918,65.76424969225693,34.51201350353993,45.534134407869686,85.08709352985271,39.360980423557294,62.60449506257156,69.53973455782923,65.91945720380272
83.72777199128994,15.642777104642768,48.07488175872145,42.87677505930164,277.0741119489855,45.54663134027112,29.82567167185142,53.60909270130139,68.37366965398564,35.460528079585984,44.68771190485097,41.72159038099465,33.665837926731605
22.196931832641756,53.3278190864305,35.75210091536703,40.875464184915,303.17606355896106,60.924787042392744,30.483530329414982,51.14290806418511,36.21389992840008,37.33549017125547,64.9684883779945,51.91671632989921,64.05782151755594
45.294099337796865,62.86428703543588,52.37634735276142,55.83621195638027,378.260804165866,63.20889462344817,20.568702705968178,46.01387268310759,29.36779289931522,41.55387173439934,64.45397863150409,54.833743129597885,62.32104180828115
52.07855196834886,58.388975904287626,53.433692974637594,55.86480632991212,368.28531020341126,51.70009220777168,26.653078566555017,44.48534152628625,82.26502479923587,37.891619915016065,46.27323615419558,48.60217909835072,38.33245377990382
38.96110193220364,46.21888664020875,45.84019620292102,43.31577275700671,318.04922527654753,61.21769824054895,34.683975446254394,58.24292629196726,53.638678041367385,37.36264784252154,61.34507047919563,44.78679785665475,58.9023053955672
48.33454352375555,55.952123007571494,48.91709193407256,52.905091214045115,360.0952802616774,46.3735296783921,19.85901686703454,47.14753140106417,80.34668311553034,37.081666864300686,42.32213343603197,54.599738138043506,32.86279226644316
30.414577661928806,97.64200303516398,64.04653138269461,70.7510328858699,461.83862962014604,73.71685980196523,26.585489113578987,49.156237603138734,53.68539028583488,42.60989711655639,73.72283888329247,73.44473751424965,83.83676102142782
32.91830054126822,28.967929209394697,33.88259969389999,30.54807774214411,255.1248227837714,43.68534046268659,30.982612707645366,63.704781132478416,68.30294543948075,35.18678143373222,41.200776028782045,28.637770305370516,25.882389969546615
59.27475863522752,36.00410894820351,49.58050805465569,45.31236882301312,312.04445366419145,37.49627298931979,20.756243069677893,52.30459362773757,88.35459026054629,36.27084439012246,35.0,44.95752147378288,18.299440195099663
51.329105253182895,76.93506994013255,63.01427735452181,66.6926840653527,416.350655098409,68.47614490110165,33.83345522760621,59.64667101373978,67.87067145651085,39.78987015353881,67.35807796496572,67.91875758887456,76.58996059262469
92.46946455666739,89.57434584651827,87.48263983159161,90.73239333057792,511.6775287184304,91.90299443600817,30.828152375482468,55.66679324097342,29.991394553009243,49.57007329649267,95.31597326942595,88.77714470068246,100.0
14.661516184192381,79.61536257105858,48.06499057594444,53.6338240163121,373.0780434486574,53.80770802397328,30.255853321812495,58.47097385453479,90.0424228477977,36.0671461443819,52.413482622797815,56.60779754919513,48.39714331789011
25.689807024016606,90.80012150221549,59.42572520402017,64.75599571093593,425.3193416537815,70.2788565420075,31.849929904133127,48.52658574395311,61.89897589475071,39.30540496704154,68.76303886130303,55.862087061360015,70.51303927292649
52.15437238986457,36.856422595270544,44.248056207541495,42.97560251310816,298.38990488243275,47.70809822108024,33.726472752264385,36.61917897652739,84.90627764720902,34.70756549604047,44.28202702562291,46.24892232676572,33.5008002269429
71.72054783247009,28.57433703662103,49.39221211803201,45.83282135496066,304.54749318738624,47.01662823441686,23.848233040610218,57.81369318079599,63.81971954545952,35.1300139808127,44.900722664809955,45.928304916521114,35.09143082286078
56.87168147453282,29.962933787422738,41.494711275689376,40.726432862266776,292.80454072282413,35.0,18.69417027100208,64.08375700462123,88.90048794334733,33.37084648286178,35.0,45.85172982539292,16.722136232546617
49.322030392946125,48.177971836121976,52.4246824608054,48.63559525885164,327.1367386110563,38.7400405468214,19.522797734005295,61.4185649648507,87.25144921294032,37.206671371560795,35.06502576255716,53.39719727050573,24.7893127956414
16.11140869278728,63.0293058241643,35.6792704365246,44.26214697161349,326.2669219482818,49.43202181555421,33.84897378984384,44.12135808907423,90.48699819831859,33.499248306486464,47.756022693743816,50.857527928454864,41.422540602258294
13.541157101734495,92.07534063845898,50.37871126926,60.661667223769186,419.7270494180294,62.07788013128208,24.81467405126847,59.98271167613113,70.37491623527714,38.4193400203201,59.110672620616576,60.68049924131046,57.22533040112131
81.64774290408948,19.42271974595437,48.31151857598561,44.31272900920841,295.1375516983351,53.51830547519274,32.11810948767261,39.42451924211802,61.075117588425975,37.70775334216353,54.193688022982755,40.136537183583165,46.99905517538705
97.36088279384285,75.57169293115689,82.59997661240168,84.28736887623127,483.81708186019483,71.66892466425777,28.448992752209364,55.690226033085295,73.97943767005314,44.85729990403272,69.01488968290191,81.16931692320306,79.4745813308345
30.84192324450803,38.68664307205429,38.13970452332412,35.548755141035784,286.6745366995189,56.955854810771434,24.88748945208752,36.14921665974353,23.637302667045365,37.0654150813378,62.80148738149734,44.630857997843,59.796868351392
23.627679781899193,16.70348378646532,21.293296952160915,19.47316218463887,209.7729004436942,36.60544656915694,30.794653176382802,59.51119335827538,69.93924080434078,31.6303377035301,35.0,15.516914535801032,15.0
95.82925384937894,97.95768445249765,99.0,97.10631221125016,550.5300234936913,80.37069603517912,26.841063778138427,64.11862537060537,72.17171021436857,49.36857238262967,78.1417459064021,99.0,98.55758708986747
39.637765407871555,73.72034246840633,56.54205491392046,60.087311644192425,397.82666849872726,60.0308985086796,26.574332383365586,64.01346852114085,71.9079048360438,38.471852049344086,57.08112216610916,60.15720476229085,52.775207291621065
18.986885425778777,90.09702026186098,52.830849029642785,61.652966327428096,409.20664734685755,80.0385156315088,33.644464165914215,59.165805872151,30.58091911395308,44.19447707853266,86.02943033776565,71.49966801152607,100.0
13.000611826674284,77.88089836687224,41.707504679644934,51.92878375079306,368.3543371512997,58.35118237805881,20.566404883215014,59.707228320539215,43.524568188175145,39.75874114853779,58.464762115018154,51.58125400089795,58.69521211477071
79.42833348091045,16.542236635438098,45.51803680139824,41.696675373627045,284.37250564633507,64.61048847735422,34.10050152079582,37.24273540165341,23.231316211764824,37.94096598496818,70.10844862465947,47.60842603357173,73.91613271660367
70.29519674653616,21.05409316277587,49.22508262658993,40.75053459627999,280.36608178063284,56.98095857621665,30.12386897100481,50.72623156843096,36.706858516032995,39.41348222236061,59.36265970418843,33.44718268369004,48.93825104718866
32.6886612423627,71.39679495842083,50.514942601355216,55.913541471997576,385.2877599535726,62.85664308547846,21.695546772713662,35.444102684553926,40.13810314759388,39.854140817869904,63.69399768375279,59.11514124947007,66.92348280249814
60.90544122520772,97.7762372259977,83.34004704167656,83.02791882568171,504.5120192195989,75.51147116744737,30.91971727807877,46.59369242001721,76.49575453484778,45.973183927180116,71.27753180836069,78.01791973480204,81.82096576449834
59.09311579645884,51.51379098854131,55.90960204491835,54.54552091170832,358.5941525013574,56.712707460948344,34.321819665865554,51.56558326804208,83.46740660936504,36.601903219030014,52.45238300820017,45.64500472609373,47.83051131284521
61.05652317079885,66.64274566703976,62.66417774228044,64.4082566685434,401.5005504434492,70.29996744359956,28.397504006820775,38.985852452825746,38.9773657649105,41.22013815369869,71.37577133976372,56.04751149092415,73.61797618056659
15.377422905266108,48.86956432372305,35.42836390985097,35.47270775634027,292.62309596031145,50.75187107931671,23.192437539012573,62.744164375749406,44.723487256079366,34.51617871125876,52.04204387247768,34.97321986000785,44.27285673868998
27.11443630428051,27.804328350673273,27.216027954291498,27.528371532116168,249.57706299891078,45.8665918991211,18.169894172595704,58.475169078480775,24.314508778599063,36.02396949431011,48.85050980375063,33.51987372845588,36.97540384155611
46.837118329789206,61.961516184706895,50.927681555696104,55.91175704273982,363.55342943353514,69.47144788738058,29.282032821568656,50.64914589771955,32.13714959512179,41.87057192945195,71.27886350381402,54.66491785099938,74.31654881853702
65.05924269021077,46.592940778022296,53.7007460698446,53.97946154289768,351.88535646250665,54.12753445282902,31.556896336334596,59.974771101684325,83.48896489079274,36.55059559839399,52.58359288473156,58.37152644043595,46.806505609496064
93.45782951199027,11.22320128749519,51.86342684917311,44.11705257729322,290.75537007653185,40.100969203847804,29.9301880982884,40.28263274807607,92.91374564289447,34.733713387456845,38.64006270023374,53.584314191415814,24.53743325293212
78.10308286908041,96.7179153658141,85.5792586620863,89.27198236712061,522.8140411450444,83.15563446855977,33.78396709071767,55.58860287851128,71.08321239831946,44.8482694052418,84.95335531557276,97.25188104230693,100.0
97.72028759086407,12.994300206394826,51.879155188769346,46.88469516018253,290.7393441303914,49.14902940800887,30.630645286312266,39.09061385332272,66.6838905867759,36.27859719987192,48.26266221477353,49.05749289474952,40.89446947152402
60.564469973981,21.02781472312825,38.16310581926243,36.842476823469354,279.23664787034926,45.15689196364635,30.334608354624752,36.47836250087269,72.78357537759986,33.93135105819371,43.676667027804115,37.4413267311731,29.377090217522007
15.618041351040862,35.795356151787985,24.157761902020056,27.724430231489137,241.6623394340613,45.82510912621366,26.639143015876794,35.351078804326775,42.57316365578069,36.42803933459741,44.968576602163616,25.606210183423954,31.522340233680076
26.74826763772955,87.5854275701376,59.22724246108469,63.25056359717438,422.2233776991689,58.96919612590951,19.475677753148798,35.64922069923754,64.5509525681063,42.20358363602251,56.766598303846386,64.58348027431647,56.26467321706154
71.56448784796068,74.23755468128505,70.28127487011974,73.1683279479553,433.35983066759786,62.70609369889056,24.94081972479435,52.48156106399067,72.95018071753934,43.50079772775864,59.82725131056074,74.82022203676371,62.66674373396474
76.06935952795206,85.74820669089796,82.33539274647511,81.87666782571961,478.36580465666856,89.92852645014256,34.215177521874296,48.52458234376027,29.735416899940954,46.07314514989261,93.84797893326771,85.53638139300726,100.0
75.15208234973633,81.13993988601715,79.94933616416834,78.74479687150482,462.4384381999113,80.31410744213757,29.72618275193318,35.32168408683155,42.883410475880694,45.488468599290776,80.24553789277535,78.66432468572451,94.1062867580675
24.377568168880444,80.21405198485519,48.343986399815066,57.879458458465294,385.08083600219675,70.95522861730187,27.145313737949685,42.42686200660297,26.926734367944658,42.018854160762125,74.10091004991149,55.52771991891763,80.05231873447863
20.93880803971282,43.17267673023439,35.511622527953406,34.27912925402576,285.4804675685567,56.433414565620005,24.70260759133277,55.96859793559209,26.589276018600916,38.26443057657206,61.804285145820444,33.63154463871076,57.091113003133245
61.95848070854451,68.0220422933418,61.198927794420925,65.59661765942289,411.5399271755773,73.74835218308029,28.11389233945534,41.22590406238407,35.6249643116402,42.68613141418562,75.93331059838597,59.8893336633847,84.54089924092716
36.01795432219264,91.17405733006032,65.54565512199335,69.11161612691325,439.64129732120983,52.85883550622122,19.61945511563275,42.70950987462447,91.75761629111378,39.10539974816813,47.23785639504016,71.70299226709501,41.95236667362929
46.462633541983145,48.60181689994026,46.82295154428188,47.74614355675742,330.84244423177347,52.52496539977964,31.846718953478856,59.57855122226066,79.87348503225101,34.5187721363725,49.86421822605078,41.69859935267368,40.51296900586987
97.06408854456393,64.3471439302282,81.60880373324821,77.43392177596249,455.3283741208461,61.079954075870255,21.946362190210657,40.01374584556398,76.96855625113044,42.25759747059772,55.46946155996153,72.12950466815106,57.231332680364105
89.4762971617279,55.56807623866022,75.7676237832099,69.13136460788729,411.41346674057553,58.143266352146846,21.917151311062618,41.980345304662556,69.67366433315951,41.63928834991155,55.53853727328602,69.29502699617245,54.298272273056185
26.811122042886765,66.29550542359513,46.97079964660613,50.501752071311785,356.5579189630164,48.101893344811806,23.141741457127182,54.1953051883369,82.21194773637673,38.5257146511474,43.09504170398114,43.750163022154155,31.437748420763587
28.64425549644261,32.78361022686536,27.906001208947195,31.127868334696263,263.0216470589269,35.0,24.911545558202207,36.88086916659152,85.62124936177102,32.22911870350176,35.0,32.01679111671877,15.0
50.08225517055248,39.996710275444904,45.423053155563565,44.030928233487934,315.9790549063384,53.02277294249899,29.46584181855435,43.833706782623516,59.65557586548344,38.27486278177767,52.1420998992695,44.561550269553834,41.949530737881325
75.57937114885358,67.51744055662473,74.93471999862946,70.74221279351627,422.06500253912907,68.80414936504211,30.773362511086184,37.50929271749801,62.39693071384231,42.77911291546278,67.65210065436136,73.6393782583441,75.1023684756929
75.4278784822461,13.833000941242648,47.282877217197,38.47095195764403,276.3236723346517,49.03200652103675,32.15872221085955,39.577055801980094,67.28048889207837,33.138639756048974,49.82007744229079,39.70696895577719,38.74295328809335
56.52171323156335,35.92360777166364,50.00361620739728,44.16284995562353,314.86750507005365,58.32378662609874,30.465686829177606,63.01242905749196,46.013247842410536,39.63828675879706,60.73589573260162,45.461538688910835,59.266484004591106
11.614789127960226,42.13431314675937,23.030012516627778,29.92650353923971,271.3847036108754,35.0,20.077344951097047,51.28432686944328,79.29171790719779,31.045547755100486,35.0,24.378008687504547,15.0
28.57003071781795,59.687698432930105,43.41137359651753,47.240631346885245,346.2221504878593,64.43969937210072,32.96106586936862,49.50051990166649,46.94478310441981,37.939428174486224,68.14725087975789,52.21589508017047,70.67698406974225
37.34658152191308,26.918373982239252,31.936348201542465,31.089656998108783,244.83815271493634,45.85173671433961,29.921743104205014,50.55074798905801,57.22811059796406,33.4632572099469,46.44831047780578,35.581184567393265,32.53149032004692
83.17519321282312,70.71373819925596,73.20288100936233,75.69832020468283,441.75899693845633,66.35046764870371,28.80567694920682,54.87801508640855,75.99885746281963,43.45470345110458,64.55509777971723,77.19555022495663,74.09351903404999
32.94964192615203,91.20151862203392,58.2212925215488,67.90076794368116,434.73521389230916,82.93360625015356,30.390794982651776,47.81468123449023,21.862580561001074,43.453086115194616,87.7308535648929,68.1870785153829,99.62250144098844
32.58877930021356,11.86766337630934,20.411860279385216,20.156109745871028,201.03833460348824,35.0,21.365146311832152,37.620439654442876,73.8295900440952,32.10645801683628,35.0,20.529993978978798,15.0
75.19591143663607,19.79848216830789,48.85518174397457,41.95745387563916,292.4729364019048,46.15015111155914,30.339700084050037,63.556514172833914,75.36097133505423,35.97460125776351,44.29286050924705,40.53975448526456,31.87813314107398
10.219599916872966,84.05586027359394,45.236224831601255,54.521356130905545,391.2159957452475,69.00256961292764,29.755146098106845,54.985499985517706,47.39896723736325,38.44039286537324,69.6815595196414,53.66123589583185,70.73761496927074
62.831212324799196,52.92058273189533,55.465182609717814,56.88483456905688,359.93419777176666,62.658663848954845,20.09518662825494,60.890236444976026,22.36696617960002,44.63336334922408,64.80320865828327,57.81448604434271,67.01991492916726
84.85514474359796,14.262923910600811,51.95798316332774,42.49981224379967,282.2992120258018,35.0,20.71134077513057,40.28289440802377,88.90734077706696,32.67979443923323,35.0,38.79502890851885,17.304636163599312
50.87390082312577,82.75300678839076,68.62307610687108,70.00136440228476,437.98296563263204,65.48821590016502,32.62084795483569,38.61094285340689,88.24557900442767,41.72641868208183,63.411103303325504,70.91067896855988,69.14709301814008
41.27771068469954,60.6286109651448,49.012883485177575,52.8882508529667,357.70617525961165,58.456338943767875,22.773181923424133,38.68663368384167,44.13963922924296,41.51219292205232,60.098976369721036,62.302579601168546,61.81439121389477
47.348886006752466,20.222190170830714,30.894506595731507,31.072868505199416,250.3888063531838,44.30642629743894,28.32719089663319,41.401157220645864,55.581739571659895,35.84271657332287,45.595001665345,27.898556621991492,34.0178245847766
17.974950431378915,92.77169623493512,56.37845988157204,62.85299791351264,414.1677194288118,77.81480748561127,27.56387791399927,38.99769517499035,21.31645381687341,44.6444111764789,79.21091776713392,54.108891716118904,88.00901016847898
63.1018275475395,15.029473742282264,39.93955748948626,34.25841526438516,256.4342143277648,38.98864700949564,29.13933212426469,61.86426817257181,83.77685789296524,34.75731949297767,36.588276110699574,36.27101248060632,18.87344067238904
81.68538822499303,37.849726088314526,58.948756023237884,55.38399094298593,353.6658826856396,54.787515211839356,33.56055452784558,37.63284423436658,84.61086084759548,38.58766003916672,52.857723180196906,61.644266400776324,49.42836318683985
11.385173778271183,52.45354524583789,28.683676676033016,36.0261966588112,285.5371804566949,50.411585067518864,32.39504239195328,52.130851737513574,67.5224327949585,33.27388596466947,50.51224165842693,36.37535470028263,41.702228773795554
19.27462570767597,34.10440735491426,23.22429428983652,28.17249469601894,238.87813097412575,42.32792673568637,20.69126203352647,61.4146154794082,37.99055442770386,37.039320329274744,44.077014133200684,32.71848644116564,26.086900785151787
29.280344397610154,97.57364667823127,66.20511540916043,70.25632576598282,441.5064658757697,85.74654410276533,34.11219253494701,56.63195321908662,26.178593901595875,46.04465514169433,90.14268614279443,73.76825438775586,100.0
10.873242230351737,96.21763651163243,55.55794842520736,62.07987879912015,413.6387144093316,58.07853026282032,23.80845867917181,39.81687133424529,77.4963098096986,37.693453852741406,54.09501538877536,57.711058335382646,51.391208110812855
28.74095960012621,42.04801852740602,35.212408062237564,36.72519495649409,287.9416121093486,53.03222824063186,29.367272526798686,51.62644145956648,46.34854406163918,37.935328487757175,55.496753154006264,44.33867982407328,49.62786193971575
82.1346228022926,68.81398556890764,71.57779932380296,74.14224046226163,435.5659946619121,55.657042002242406,23.815922341163162,42.010701069141376,92.19891051705706,41.54175571678816,50.37501509662164,72.54865991830141,49.12965669717331
35.04543464077969,43.72045967677403,36.978378025208514,40.25044966237629,309.29946649129033,53.88838852336746,26.794040430131247,61.88170062493954,45.98748282626357,38.6194667120116,55.416445374919526,46.504393139190725,50.53390975494714
37.03843833933538,51.43128047295931,47.15485630699577,45.674143619509735,331.1435304913068,62.20275419071836,24.688934218584745,60.37175698736367,23.521552942430112,41.29477257274969,65.65832350932489,46.90499577132259,61.53060297384886
49.576636094157706,56.3307395114194,53.311892568164744,53.62909814451473,354.75989875001846,55.28835347034022,20.97886772128951,58.05443687861918,49.99821118153565,39.821908147106626,55.48901479661127,54.94744486792823,51.9386731441238
95.32394960800487,58.7122580685403,76.69503180524818,73.35693468432612,427.68286661295537,78.40100959046192,29.17843288916676,41.894612615751335,27.870066388580323,44.01786872980218,82.95023202883945,74.76685589779824,93.7985241470692
35.761984616456566,97.5813019423016,65.00560462530842,72.85357501196358,459.1574193658384,76.9890355241659,19.755694814042307,42.81879540011227,23.624910484174332,46.37582819764736,78.11815834684162,70.30294976514469,90.62291790689574
44.49838093494998,56.83257222843743,49.50741946977654,51.89889571104245,354.22471010506797,58.08360366406778,34.62866688582598,64.9250751044359,78.10362335083934,36.78671158044395,55.83739384673428,51.25338216867383,55.148313734424626
11.066143769645006,56.323023880758804,37.566009438814845,38.22027183631329,303.1126158947959,49.88410548914617,21.101253653314934,35.66281241314324,46.602781859315684,38.35314947803009,52.80430538403579,48.65029776392398,50.0233460321933
46.860843949191015,69.55915644106312,55.18289711478467,60.479831444314286,388.6886244836116,67.02291313496711,32.2120516597467,62.11246792230173,60.42561781702248,38.598055961239076,66.74511501573478,62.200303602635934,74.00651534335645
62.65734700155568,48.24996026528159,55.17636744727504,54.012914959791225,360.7826593806617,63.8706704626709,20.738432197590896,38.110074064467106,20.20465583847618,41.52247032652448,65.41713783151086,50.520802766338136,65.93405497827894
60.0544307017707,18.63618428738333,40.10538571472422,35.203482853138276,271.614564073382,44.70490607413641,34.055972197796194,35.0801298010299,79.65337334977697,32.78691746465421,41.48278172780959,33.27005124321832,23.183802598304204
56.045493059197,68.83645528692807,64.4334190707298,63.72007039583564,399.37947850581617,64.75701880384017,23.470099694224448,44.25145120579206,47.205265109065735,44.24061951418394,62.33191321222119,55.236390682080426,57.01274327274152
82.89270965616163,51.38517915937567,65.50385928945542,63.98819135809005,396.96283759055774,64.7544090143077,32.525146959483706,47.61286868421354,70.0856428929149,38.70576880289984,62.06190047311287,62.170140676879996,65.40644062350123
75.34327029608096,89.7513478963007,79.66243848603364,83.9881168562128,498.6487557709851,74.41608987218973,26.746839970901835,38.363577504880965,68.86944548605436,45.40569728190836,73.23398351500657,84.18425300802195,85.90740349322266
20.194979370520347,51.871941345677705,33.4920904585396,39.20115655561476,304.5643863811038,61.41936568150003,29.783246978291217,49.05305836121281,27.32772257623612,38.312602230470574,66.08831826084202,40.57841204743133,65.58309627974067
94.68946879597944,23.24338753443262,59.22579084947246,51.821820039051346,326.5040095188394,67.87590527576546,33.68210107427666,53.81829921789543,30.91322342339908,40.67314783057213,72.63484706993567,55.609962902039065,78.66135881651685
74.6796040232691,16.46958852677288,41.906435178176615,39.75359472537137,268.32392776378254,45.671706744947244,19.485116849290343,51.42143700408305,36.15829903338418,39.293949465737875,48.29054570025933,44.254889841474196,41.13675666711363
38.147067425814484,31.641914043789885,33.63414101717527,34.24397539659972,274.52501013978764,40.70202366035467,27.966706423133516,42.60615987557526,81.33848322953227,31.245633473330585,38.68133607577431,42.548249954620374,23.857062717566155
48.89295126740165,23.436835654735386,38.61570126751199,33.61928189980189,258.99299390150253,43.38611501699077,19.280309498771206,56.571661933305975,41.88889744374423,34.240683140477614,42.35714354090616,34.46552320851521,26.873068056821896
73.04201709387222,88.84531161374818,76.94612095408024,82.5239938057978,491.91967069271374,81.22903643384788,31.039198798313166,41.29782281838479,56.721787355763084,43.97467924448621,82.49497856349242,85.29840533127623,100.0
10.004234902699434,92.92999124747388,51.87017895755364,59.7596887095641,411.8856496336499,60.606651987193985,29.299210030164677,51.841070516551,84.25729156545974,38.8453555194735,55.36813000212404,54.453750223359954,52.271120144036125
90.39350491385865,70.66484735402014,82.12308808942383,78.55631037795555,469.04423025528814,73.78675946936607,19.278341421562846,47.85777821285514,37.932154473996135,46.769521784085164,74.8882860883748,78.30916517691814,84.70233088648317
63.491165297485644,96.3257322557296,83.80887940750016,83.19190547243201,499.39864197967455,88.26648511796944,33.07879188382382,41.01048091545808,38.45589537141626,49.037298025761174,91.4541846573923,87.124298067236,100.0
61.88341732229483,63.73973248817618,61.14738297456002,62.99720642182364,406.1940070681131,72.44478163508558,33.556698429333665,46.762041591571176,52.57188270727229,42.46362326351507,70.95616569654726,56.45702753501962,73.11095296219743
50.31617593732429,71.09263773932611,62.64014048083954,62.78205301852538,408.4669740232715,74.8414456548538,24.370444228703064,57.93907982854921,20.488723676890647,44.081153520791865,77.44791243528731,59.28250595968838,90.51169919833801
66.72849658135873,90.71819428023109,79.25439983567657,81.12231520068214,490.6106139758426,81.50634444512731,34.67262632882836,56.167046062267005,62.99943229167977,42.956898549317046,83.02841332837764,88.00379558974613,100.0
33.91785023088339,76.26648037371817,54.4444166389738,59.327028316584254,394.31025612999593,76.47890819777182,31.642534575712485,43.886457849551164,27.260904244635736,42.95209622853138,80.38887817433394,58.96361455056283,89.10791379590079
69.9525106677024,97.73632021661844,87.38513715637572,86.62279639705201,514.2801384969216,83.14550468314368,26.87041999115592,39.84571766897784,48.813241640331306,47.492445176353556,85.6779923464082,93.59180815276835,100.0
22.64923052973529,24.470181746917106,20.862363304961903,23.74180126004438,232.86392907440893,41.076210270106785,19.292579076246785,59.04525118200428,37.517817353505286,34.09549065091034,40.319615426647125,21.18419541816535,21.581812327780803
34.999925308055026,91.91974952672493,62.8769888182698,69.15181983925696,444.2220607028408,76.04981243619979,25.81884734263161,46.35314264145349,36.745934519930145,45.018491604980525,78.15676771142122,73.5517574157566,89.63177009323343
85.71109458032521,27.670078051682562,52.71833398995185,50.886484663139626,332.74395343368144,52.73461662449525,23.54964050977328,47.4349257541685,53.475051929047844,40.31012087423581,51.68372661299971,46.60438679833278,45.89126962732879
56.40123171496421,38.97969113434415,45.64015499490367,45.948307366592175,319.0788282827541,51.70023202210899,25.597200720961794,62.31548029796019,56.87290370855373,37.60597499077075,51.90122238048068,44.144256620700666,45.20541944154441
62.520883480141144,62.64440955944116,63.46922417710257,62.59499912772115,399.83431947146244,54.50593052625972,23.322155818313636,36.015331124990084,80.79448706577571,37.82296105836315,50.16164677346963,60.496442445154145,43.94689545260353
15.546294145175366,56.47701748686749,37.236741998274034,40.10472815019064,302.987298153744,50.48885518316172,24.317669513452834,62.90718473129161,53.17918378305926,37.778879766303426,50.23486821864228,40.78825476397695,41.40049811072283
11.335222607121459,94.92725883532813,55.35596251201473,61.490444344045464,422.6667566369842,50.29620686196764,19.385920425785965,41.977056232199935,92.16962488534243,38.15703606408452,43.436843780982464,63.4618920738512,33.578837547938754
40.78692205867456,37.38460968512351,36.76636552621966,38.74553463454393,282.8498284922674,48.52200275572885,28.88690398763446,62.58184523626035,58.16387339374111,35.06280595748695,46.32530558828708,32.14524180500497,35.26414227341839
50.075446712370464,66.07651033762448,59.808371069183806,59.676084887522876,396.9069596223055,61.07306778615634,20.805634618841417,64.92147481476108,49.41174914309216,42.06859931471388,62.65327425151549,62.20104471207101,64.27201257919728
44.826338819676366,21.22378833897577,32.93621064429598,30.664808531256007,247.8106587973486,43.602635672405825,21.432336607798966,63.068580689859715,37.06067349847184,35.418314373334965,43.33966308551596,21.142185933412776,22.21015094459568
14.732211259486986,79.35117194632072,48.17038187458112,53.503587671587226,372.90864028899085,60.83030433325741,18.807401819599477,60.96725188091363,32.73462537017595,42.87498813126082,63.055613857895175,53.20315983468832,61.25606830053049
87.16186773461635,42.993507164468255,64.3364374669038,60.66085139252749,371.4370351316175,71.01745085011561,33.67949204513737,55.77691974542998,38.57345877842417,40.999509394090026,72.45298298827042,56.32745828576107,76.17034024464562
44.08754709430055,65.62976799436262,53.18553733587503,57.01287963433779,369.0556687731393,44.97272607602554,19.39100668838146,38.77900328914059,82.68822686511163,38.55922939276527,39.44780560968775,58.654415512444466,27.351433385129788
60.867529823334415,56.52972952083589,58.54762185904288,58.264849641835305,371.2674897347281,45.08911591116504,20.342596124747843,57.27129148617914,85.98925766319908,39.71572994507911,41.76861268320388,62.69104117053625,30.44077040165189
77.66403068017782,86.83408149275002,81.16762442420405,83.16606116772114,489.3768072519821,74.68019011763376,19.9958690601812,47.5072089567043,47.06002949443769,45.26422493648171,75.88042456811966,89.51246455704677,89.21735797236872
88.33255262623011,91.16520360782708,92.09479571575315,90.03214321518828,510.57070113842303,74.90836152730597,31.896333956635786,43.29694437246874,89.17985205743817,45.50903006844177,70.89403063385629,90.83123132882403,84.59483359197135
12.519590016560453,93.58517169740561,49.39909072340287,61.158939025067546,417.33069144166467,78.93482084926237,29.787587969460304,38.220358735037294,23.60088992068945,44.70654400966262,83.40015250397326,62.371202542024385,94.90366997414498
84.7263501726386,62.277370977533856,70.7917550425634,71.25696265557576,416.6514117719296,65.48331336816739,29.913642182133046,51.5041902447595,68.80978562900597,43.42448761470457,66.78313986579056,82.2529028450212,72.27482153000702
97.74599979312106,70.5927210058647,83.43685381462934,81.45403252076724,470.9054299365256,73.55967887865334,25.069178854556505,61.64915456889942,56.18745311493096,46.7190044092993,73.97609668473105,84.53809791446022,88.71677808388718
85.2292390790672,44.46343258644426,61.76364148189141,60.769755183493444,381.1909488171821,70.27268121132667,26.468863066684868,38.82128097583553,28.648439163650593,41.714440583316076,72.90126996013532,56.1712785896869,77.44507701920377
79.78273133171538,53.50372578840983,68.49561802037114,64.01532800573204,390.8859147128345,71.04226807778053,23.901390150611192,60.24078796877997,22.647669088555226,46.17050642320667,76.56335643235755,67.78129897601592,84.71336071731186
20.80120328839049,55.75066852112574,42.156700091476495,41.77088242803164,309.6811003147487,50.85289419939632,30.27872768361794,48.04914127495102,68.93436113659652,34.494394158006344,51.97457051386026,47.00144795726951,48.72850163238264
54.196941684564074,11.506836772931562,36.052663720452756,28.58287873758457,238.6434094233303,35.0,20.960850575659062,47.398195321366074,77.7911735520176,33.985188699656334,35.0,34.25648391501389,15.0
50.471985132054144,68.39963115601111,57.522493071896754,61.22857274642833,385.6015354007497,60.693303915544114,20.400901918153117,48.20347722730321,41.150192706965136,43.236336831801545,61.746735148058534,62.401596951741226,62.92314378228024
21.56367271888081,97.90522815573635,58.39875782449797,67.36860598099413,442.5577748939692,67.9524578516304,31.249681922151773,62.61848252676936,76.666079438102,41.38582207583549,64.3401783910243,62.64595869249763,67.59360958358872
87.7851836925911,58.3961804867498,69.41176249315,70.15178176908631,427.6614012713085,58.58583676889613,26.318133555226765,61.057674246830054,84.26659656540177,41.95507061379531,55.01027718067066,72.76410235603679,55.51027053522265
48.7236491535698,25.587516415867327,40.90286909424777,34.84196951094832,260.16387287928865,44.53979591009449,21.245925333963015,54.821869104475226,38.21332272503358,38.363253918463506,46.3827694261856,39.508573434207825,34.02190840305668
52.94949647238553,24.539397949181033,38.70060371454556,35.90343735846283,267.1171149532108,39.39927401269587,33.13560193082027,35.277617606508905,93.22023537747141,32.938708445847475,35.13903286950249,36.161203269518744,15.209624595578855
31.5716305054372,67.86533590795347,50.1467149036244,53.34785374694695,357.90403068580804,67.84460770583259,26.950951063977982,58.735692966898995,26.089594311524323,43.20831618432806,70.72977148091233,48.21715585899016,78.63517193104353
12.081584832651522,93.62788804791245,54.00669222311557,61.00936676180808,406.3685604708249,55.28228723300885,18.356186895006925,36.52350917710254,65.70468225741806,40.62174776658267,51.30503244274359,62.57878562242795,46.81245711093485
34.857292268819826,14.733495390576305,27.996631841279306,22.783014141873714,218.3101104789091,36.897598915611596,34.93395789327951,44.065137899158636,85.88643858176827,30.553565096400686,35.0,22.84998979047707,15.0
89.5643859035784,30.942447428707997,57.656539345932096,54.39122281865615,344.4867983902259,67.51098261836003,34.608543766333824,57.49865303312234,41.343555428573666,40.3384062824096,70.95235576938138,56.48443440580768,72.38079999916978
92.54299043954094,68.14505500445405,84.10783589353176,77.9042291784888,456.57360970696357,79.04052617376844,31.96027689218144,59.3931613818358,45.2996582625194,47.3710406500949,82.34679197658856,81.0364279307585,96.10263369393154
59.47564598629053,77.7741505612106,71.55432164691099,70.45474873124257,437.9173072674327,80.11050866895582,31.870377968484767,44.36856727667765,37.144029402861264,44.251193126775824,82.55594953560819,73.30548535447738,99.72888312815222
13.241551905090692,69.45045476681611,42.54458202915314,46.96689362212594,353.45989037561253,50.81955521481023,30.127248410589196,58.889056892698434,87.84432618898762,36.00537817491665,47.087037126061134,44.66604377941132,37.93167788452905
47.35050915207863,73.23709636584663,63.235313776411765,62.88246148033943,414.47958104972463,73.5956005945468,34.18997556730394,44.759834802924246,51.62702852886363,40.14212566327507,75.3318457461044,61.3308341936963,86.38529558510939
78.80097621261146,26.269202691861157,50.97359452915179,47.28191210016128,310.19697254323313,42.4718986708101,24.20229804105065,64.48715698579069,82.62056024102844,35.711122861235154,40.51668041611694,52.829243009934515,27.742589235409937
29.68345263336792,78.73666202514657,53.86168455482307,59.11537826843511,387.95467780632845,53.52230083894961,22.6454617274449,47.06823872070694,76.19696837483278,37.201556607992906,52.044674672273274,63.73586183564654,47.65192131149112
61.665095245547285,93.7619003011453,78.5997719317826,80.9231782789061,488.5596889840372,74.10099245261797,30.519473915925573,44.99612696377577,72.53569259911555,45.66517914668296,72.60520129719465,83.65487255668499,85.68022151228577
50.12124808563302,85.85895428478477,70.58139820486193,71.56387180512407,454.1556514887955,73.90406155393306,33.987085474752945,48.414708703152755,69.22728581007553,41.76778269442568,74.16871926303756,79.51998780396528,88.86072619274842
75.57922599326172,11.82258304007154,44.742809773515916,37.32524022134761,262.56035369508044,43.26116990842342,25.76269281556941,59.551191616096844,61.07059895635076,36.8683922260242,43.46970687938204,37.3565229262013,30.201224753505496
13.374716481435843,12.410445279710489,10.0,12.796153760400632,174.74581626415352,35.0,22.00265247565803,64.52783883247353,60.67176042585252,30.611075977544576,35.0,10.0,15.0
55.55616142264655,62.688265412181735,61.27270666731988,59.835423816367665,377.36553303891856,60.62112882140019,31.20685650771997,51.8970520662554,70.18215836414429,38.859427629832396,61.12808824183197,69.31293591333016,64.01822407400566
53.10116606939144,29.557862530181993,41.38913347368157,38.97518394586577,274.7488636652439,47.16747129540067,33.38108662417317,59.556507535833234,74.43653905207135,35.0589242056946,47.14120946061277,41.02935298477068,36.00535236575962
72.57777979645056,78.91807437016134,71.75200699543349,76.38195654067702,458.21004481261224,75.44029784386125,21.998987859500993,61.247354997643654,31.46790830376714,46.9524227729469,76.47851260260556,69.12986533451651,86.65841513058798
31.159435035910995,18.455245802240828,21.36161963062972,23.536921495708896,219.58941622833393,36.999074290476145,28.909095198832894,44.818809307126614,71.76948063448106,29.680699152590424,35.400781887757034,22.628489104581547,16.700819358192568
21.79928393203852,37.9473092117903,26.821624067719597,31.488099099889585,262.81273311049137,55.01104185309661,27.3840727580504,41.334814098882575,21.997376518557875,38.04501500749317,57.732695905827086,28.4756297553244,52.51115943471959
15.251299709665433,52.02434099046761,33.77190542444092,37.315124478146735,303.0475850755597,59.33576096269416,30.449934184014264,37.37907424260159,35.68720125741988,36.601902021458486,62.29677054153936,38.98007487703732,61.5882960363623
70.09852619754247,85.64211772320027,75.59610988409625,79.42468111293715,479.5190714189945,84.42677896780683,32.983039085197746,40.14529468940728,46.01016648410028,47.6730235834444,86.7469969564241,79.93790662780602,100.0
45.58069881075413,53.60690069311456,48.43512928306001,50.39641994017039,339.8992527097119,50.1178971129409,29.47097170365412,58.35625445258353,85.54678420605086,34.86478951962617,44.9980592913105,48.06992412274871,34.30660337027873
27.341590995899825,24.22831031610348,25.568820789218726,25.473622588022018,236.3411380492931,40.3554747826277,34.95248744756312,58.62225885292706,85.77589692071402,31.733454659447272,39.1148744417424,30.061176723432673,20.82894978772571
16.66448969643385,73.65662318378108,47.0460664294691,50.859769788842186,371.95868757281215,61.83811980085395,31.070539601726836,46.4772111744682,61.793641371390905,37.71186179650037,60.19102286174075,46.8799958878299,58.78566061468291
90.319943095779,14.87397619979847,49.23615485540388,45.052362958190685,288.9900687527721,47.360117938368525,22.336010691981073,37.84667525717753,49.13475058800804,38.331641374526455,45.69297744489922,45.58693402204038,36.0248450823904
72.1681003078591,83.55707074731535,76.6327796594065,79.00148257153285,462.96170104135973,70.30672842677208,23.037614268561562,39.121059637247086,55.051904542038564,43.599914407638465,69.5309035457654,82.61385212607863,80.0528237901144
24.914968192964988,10.088275937796809,20.455222769899358,16.01895283986408,189.16940673002952,35.0,19.682027974858897,54.92217103051567,65.87354995531989,30.14771237651732,35.0,13.796746143186095,15.0
45.05128501717773,39.29127174763963,44.340886614701745,41.59527705545487,309.5053209224,45.70942428303254,32.446288878583914,58.93111790899306,94.00924591775622,34.418799480421114,43.519851284489704,48.35928780385743,31.949914657680807
10.972787085336838,58.47287594998937,34.205009428574634,39.47284040412836,307.9054272821626,53.4170049584508,24.80688053257063,62.53177427273707,46.93777633773424,38.35391054894183,51.523607223010096,39.552378503247816,42.11725681244343
76.96981317095933,73.00946417994953,73.61791960822407,74.59360377635345,438.99550745732495,70.73043486946021,22.502490803102166,38.93085517436897,42.10492068325185,44.089485438460805,71.74483109464282,75.1038595629177,80.19612089902158
38.58191625197644,85.31868615008982,65.19344706446518,66.62397819084447,427.1389202801306,65.92633881534098,18.154072669172955,58.77593176719411,41.38016303542187,41.38641361921972,69.09620805240773,74.55964044811638,77.65654610180415
90.49270426071402,58.164470882291376,74.35414015213442,71.09576423366043,418.2895703739759,63.856490262331356,23.188295185479195,58.89626198088938,53.67719341894528,42.00099749232215,59.55286167736376,58.77633076023888,58.22391924127552
22.625861963810898,55.194456747067704,42.164474586527504,42.16701883376498,309.1456614316123,49.087378985350625,29.725828896621735,52.815777948965795,76.14392950338521,33.78763087686785,49.55528677162605,52.767817373133354,43.255205765672756
31.701395203860734,75.80774715641859,56.00281681481101,58.16520637539544,387.9896461243,68.65077853164141,24.527208699018175,54.73388795077248,27.0055761320162,43.578395912895736,71.14920083988561,60.96120439259982,77.61257696051105
82.07705609890279,88.99462432447154,83.61164540826172,86.22759703424404,508.60328054184214,72.31867038177282,21.31149432183923,47.40026792446446,61.86947234364495,46.87607741233822,71.98001588902855,90.9562425974952,82.63097463977569
41.44844376512245,78.97722995102491,61.42605414727941,63.96571547666393,408.1463887512848,60.5664017175688,20.480792653069663,53.87140980761151,53.78504957785683,40.44548160304279,58.74192953029951,60.73095020607383,61.407539295101344
60.641086219062856,83.53993147942435,69.11105722696706,74.38039337527975,453.31359849099107,68.71761976646322,28.360056762187686,55.28004682825722,72.18397298175702,43.50483041241251,67.18316672906464,75.76458911593096,73.55003838138116
73.78087379614611,98.41971415569282,87.64719346952847,88.56417801187413,521.3034200823321,70.01774946624555,26.751825933093524,61.037687257553415,94.76260714708687,45.01929007163508,64.94181220134813,89.56490317707654,76.74231007101586
20.96087417915506,68.18219251122676,42.9373245848043,49.29366517839808,357.20837351927116,58.91195044525929,22.086357218534925,55.51936030461232,42.12447102379848,37.51062582861343,60.48760227342603,52.96125749075416,57.40900239159368
91.4536314554105,96.26288814478704,91.74564449871968,94.33918546903642,542.8164427573739,74.99890553043276,24.010405706831484,62.01371218243947,79.06171764720304,44.725370257994825,71.83783462667836,99.0,90.90157639289471
63.01430249195876,96.8318459996894,83.425353900237,83.30482859659715,495.91685004227566,71.06329230078192,30.300829597899536,59.88380281943665,87.41643153966089,41.60628482318444,66.23875254396222,79.17991788823898,70.47011886933015
24.895298062956876,54.16232331555072,40.83452530764145,42.45551321451318,316.11698462902234,46.203187958489245,29.318482618359468,36.99324895453701,85.69904987805577,36.24056568535271,42.6369880866341,41.00041662829793,25.799885165113764
61.53208061939998,36.83479363631848,50.28194616519629,46.713708429551076,314.98493103847784,64.1869414367979,32.6334364775179,54.016515206588345,36.147372299108454,38.729743758684904,66.92056102701541,42.26815484921606,61.377711263488436
67.10689036380528,40.95505881314659,52.38280363454048,51.415791433410064,337.3659942629541,60.38091153956071,21.652976525577415,43.526317607571904,24.655886302402706,40.554884315042024,63.54238423922006,51.886368500906215,60.915488363106604
45.621995715832966,57.94185249836443,54.53080274019824,53.01390978535184,348.4117970598481,46.75017649388233,28.14427891924516,56.511077647600516,93.34188934328445,37.42434931848339,43.38485977297009,55.38248491804647,35.49055770046007
74.21672399281877,82.99282204771643,81.8346128299767,79.48238282575737,464.4994331906865,72.46783603041641,19.78098558057902,58.89199966311938,38.92793573911032,44.60605505033811,73.12144722192421,78.50014537052881,83.70200112866068
17.357000730148435,85.28524840190305,54.2336885911895,58.1139493332012,402.5498303830372,67.54857568736362,22.122153733725497,50.697412257199396,33.81413941425286,41.205051500456484,68.14377543892402,54.1550186533723,71.26581689782539
36.10930939127158,92.46930002290108,63.72229124934144,69.92530377024929,454.48392706940456,82.5911188660359,34.8538092063863,50.79979478334248,41.60330073386379,45.218410005036056,85.38956935638717,73.92081109035873,98.82615280700145
67.29906555580456,75.21580566296977,68.25800552499172,72.04910962010368,435.0890443622477,59.05745299614941,21.761704841327965,46.39563886287357,77.25836716820484,42.52496715206372,54.5899741431222,70.52710491951117,52.736812331446814
22.885535665103202,46.51808408117618,31.303254553251897,37.06506471474699,295.64914404578576,63.48635746681068,31.391253384033785,52.22800068802694,26.72786577814759,39.57641765317956,67.21740691479063,40.295820161527615,66.18289935770984
38.4524327583539,52.59172564215138,45.62022920652826,46.93600848863239,329.0557519565583,66.25212065805087,33.807322391773006,57.31649332827506,38.0976231691223,39.62034076324881,69.94683194428977,53.004237759614774,71.28436770752204
89.68824878114461,60.478405916482934,72.8193093172963,72.1623430623476,420.6228557200207,69.7886226284749,26.809857189072922,51.430571690874324,45.08108385159592,44.790892879265265,70.01743197264942,72.91014105053347,79.08941127400638
44.42590287086942,45.58110953126011,47.122622429953914,45.11902686710384,318.88262703004017,53.80353653808361,30.336142881945726,50.155736862583076,64.46790060539476,37.81161237380992,53.2661076998,40.820088657246366,46.125647846283385
93.51963979210484,43.52773770024497,69.14062600398252,63.524498536988915,375.23584804802704,51.187027918999696,24.09966596967074,47.36147677668158,82.64279876180382,39.41753538569596,46.95676691229009,63.384737885746,40.91210523686015
12.773952307025937,48.5733773004994,32.309119368943435,34.253607303110016,281.260958268425,51.40569966326016,25.819631329691518,55.09415123714959,39.079160621228674,37.417019923553816,54.548042042522425,35.59733090027006,43.521201863695545
82.8964726362574,80.44626533368992,83.44485377943525,81.42634825471691,474.67379365466064,61.465989359203924,20.079173376993307,41.50502653078972,84.86253609323637,44.554119209109444,56.1170658509165,81.77347392516536,62.27842884050692
66.65996468091785,78.5310137013031,71.4712618014252,73.782594093149,442.0308051390885,68.40127771023661,21.477917326557456,35.35936068410493,46.27414040796668,42.897215671375356,69.97247126805904,78.47524776908833,80.11194015465075
83.88527968716545,32.488004864224344,55.25930741327927,53.04691479340079,330.8207426235569,67.82974355841726,34.50677308236132,51.48423439056472,33.687666725043115,42.338292535291984,71.48278218010365,51.671297791708206,75.37196845483709
88.55014939983478,87.31941141284997,88.5296209687734,87.8117066076439,500.41318311341587,73.91118573097181,24.857068519543876,64.26899196096517,65.58299179080515,47.196327130914035,67.94749245564282,75.40414391771681,78.012387938693
71.85704782945318,85.78092023593209,78.87789237848915,80.21137127334052,477.003021945496,62.9658716843999,23.78486994067275,40.312900828822514,90.44357921563316,41.675334217602284,59.44384471214102,84.78007497752469,65.69911956224978
89.01963021761992,24.925061739194135,57.98604658606133,50.56288913056444,327.4119625196796,43.67292626208501,22.61789922265096,57.22261403875895,78.38576218371776,38.177726458092536,39.669333770200915,53.55738717916827,30.048067069817986
75.03555409986407,51.20465619796839,63.90046014513399,60.737015358726666,377.9337798784021,66.00335885962035,20.753709757807012,40.34088588816091,25.81766804466009,43.76902065423371,69.68944956372634,69.13452457147262,75.8378715835126
30.416545712799028,45.51555846173272,35.76604150340644,39.475953362159245,295.57785244405454,61.835905864638065,30.38522417725305,53.33027745362567,26.088627904376967,39.14860217230775,64.87202182923544,35.8036759081351,61.92938841332167
73.90264493352608,75.04661325096671,72.2466353403199,74.58902592399046,456.6222564265578,79.71517730692145,26.350114407303252,55.36650100667907,30.93916691626284,44.96566801794475,80.7389619436259,74.57192016831554,97.69112973465289
52.86879192471118,10.410284301611966,32.836984816724645,27.393687350851657,225.38793304535918,44.204272607497415,23.80887178833379,37.82440256849671,36.52772679248686,33.99948224011183,44.16679919336234,20.805680158414518,26.2896430108428
22.21586803741224,17.033908140229173,20.335843210478394,19.1066920991024,196.1436479002885,35.0,26.47547988479019,46.101861886099265,80.29072828581495,29.062172547998784,35.0,16.573206614905523,15.0
46.12656202731101,54.85439138608628,54.228104353436194,51.36325964257617,352.023477752311,62.93287850799055,33.384918841529526,40.362755104131935,56.242711718386396,40.435146863276046,64.49137119467548,56.908245238194525,67.76876962382262
16.489486532422138,88.27742174016178,50.39897583556487,59.562247657065924,395.49103146747126,47.05429467156095,20.30872079467627,54.77344225699285,93.3358616853646,36.0826741080594,41.219423224156195,62.3967467497599,31.796328233907648
27.28372515311828,59.17426045266103,46.214465538894714,46.41804633284393,334.66617918349533,40.696082922271074,18.99013869711501,51.90166791790494,79.8140749488507,34.3554689865349,36.42374914422667,44.09845613123463,19.155768676093775
62.06787691881614,58.11292420259565,58.086239717760044,59.69490528908385,378.0367303077155,57.64175158961448,34.42004522003682,42.21875680188157,87.62340674413163,38.44513264189886,55.23642749951889,62.94117778794015,55.708620782984866
32.56572512935028,60.812071510233196,49.439714785407524,49.51353295788003,355.31214467994863,68.05421917542056,26.25899724157211,54.190643064362874,20.22350980867482,40.28798969609318,71.53933234258312,48.326547324051816,73.40687643525871
38.258738909116246,96.2201775215692,68.58827725982943,73.03560207658802,458.4244110812991,78.65681391396426,34.79692583182366,39.59696960703833,55.70383954478634,44.19977412146266,79.34075992277201,70.34189628731461,91.32619492972636
91.74230474568556,70.80796351729694,82.51855414031608,79.1817000086524,462.81036077428604,71.97532307270538,22.97770197781675,53.62669113798054,50.76122899164798,43.940740282942144,71.4089455709982,78.4670988473655,81.15223855180636
81.95753944258932,68.7504215551387,76.40190973257316,74.03326871011895,439.8841602873936,63.39844979878755,24.73676881006931,55.70787827556204,75.50041539567843,42.288138694029136,60.785389688168735,73.51768464684292,64.91045897892282
55.03451810503135,14.891801462700013,35.55495746761217,30.94888811963255,251.3409970121005,54.12868016789599,31.262275436316564,58.58951434097786,31.994677893225443,35.68297894339538,59.16220639335883,37.48750165451349,49.60544330058212
42.10097557658182,59.90210575431968,50.509550651647366,52.78165368322453,353.66794903205863,63.08978723317525,19.621858381487698,61.75515372034348,20.85300245034865,39.95033356684939,64.87495503034155,45.20718618784305,63.0924445534995
97.4394524894328,26.321161180942692,63.56596573014196,54.768477704338736,331.32464310862184,47.9096188048739,27.181588158661146,37.418338653986524,77.50838183999323,38.188078926654384,45.26767880216178,55.07396588078423,39.020917698116996
91.10012328117199,91.57948025735203,94.70386408515466,91.38773746688001,513.815143090659,75.05027018557156,20.056281949826896,64.63117429148593,56.570061604902946,46.532553525637965,73.73359810303931,95.90378413753616,90.48896930486039
34.11620712141831,45.7440530930521,39.23613813310142,41.09291470439859,304.355193772366,45.97544840625684,20.845338476182313,48.574101512430275,58.308724288660976,36.50257927819902,43.73826880249073,43.80005035727461,31.759309733633906
68.35532896548847,80.96095882370963,73.21311722610514,75.91870688042117,460.98223040883596,58.153877041276274,20.497945931082214,45.25778913734192,88.19179471622256,43.29200458904514,54.109776095907876,79.83915504248354,56.09854420791689
59.41866482309102,46.99209943165689,49.78123762382538,51.96272558823054,343.11556111193187,51.236567710567954,31.44066476951231,59.14656493974586,86.92828359449747,34.683403762554796,48.34006073490472,54.8995044469967,40.87476201140354
89.21905220949337,54.214422000242934,73.78509647204105,68.21627408394312,400.23780642096324,69.98388566193694,25.086050566722484,55.227208419930136,30.005486095865997,43.91041292722094,72.7754381123913,69.2071164998544,81.73485840738141
60.79159319267815,56.12445571577568,57.70805858564954,57.991310706536666,380.03018101707016,47.26114997315379,21.095149408726417,36.6867474747258,91.09203670135062,35.48583816014393,41.29538757994457,58.647894872336934,33.99757706461483
71.4081461915953,82.79088898947634,75.0624140384273,78.23779187032393,473.3066755903389,88.1440255082907,31.674283625140085,42.480638903760365,23.144476578348765,46.177245223435754,92.43403537843878,78.89354908407614,100.0
32.191057298536364,50.337662693893535,42.37649942762905,43.079020535750665,322.90390307725283,44.23832948286032,26.918558727529373,46.20573883437149,85.02613088540066,33.916279745783534,41.38166318048215,41.69235043474735,26.937370666690168
12.708713194310032,62.1435198040737,38.18182888740975,42.36959716016823,330.81620088841225,52.815494302359184,22.86990189146537,43.36509839632089,53.03627385047586,36.506069073085,53.98559592503083,48.7373008129031,48.73703810976438
28.97815157952144,73.57849941331224,51.55040003487436,55.73836027979593,385.85890843161286,52.33297369605255,26.10509885030924,58.51815906087293,89.76265359857585,38.01060403822938,46.2312020820812,55.53377722802268,40.08862655322289
13.906232106208776,42.853095808808014,28.370966943825003,31.274350327768317,261.0993280147501,37.84766620326459,20.943325451655152,50.2524965407255,63.94281767206579,32.72460333376186,36.408450724945304,30.96071093286983,22.386146932223145
47.47774487292257,39.05411856715777,44.39388464904942,42.42356908946369,294.00977382279393,45.791479314643716,34.45724577468362,41.96237264564066,88.78240764372553,32.66665156632199,42.39532439971009,39.002079192444356,29.979857448619175
41.920576003091085,95.2895332805612,71.75322067853847,73.94195036957315,461.1017463599027,63.225933121558306,27.74658437438978,64.02557563415722,93.69202714448525,40.57116001261908,56.53290952663701,69.23188371898031,56.20176531642663
67.80485059882358,55.4595640026302,59.481262185731715,60.39767864110755,379.85748663732437,51.99515094479164,24.34411881768259,64.62080613606003,84.01743779085345,38.11795961131069,48.52339588020136,57.78840135162177,39.822565476332585
95.0651997080259,44.73481889498115,71.339089022343,64.86697122019905,385.2274277299542,48.421873327470074,22.527309365165568,52.224699992946555,93.44484485249137,38.60768147512516,43.07487110443554,63.88895740806024,38.97746244915723
55.58803782820247,18.540309157822513,41.01375773402975,33.359400625974494,259.97916960399175,53.41303904005073,25.4407986498201,53.54505648998874,26.567961294967258,37.19483784887545,55.15675247964195,27.547942384970455,46.074369358406294
56.76037201627781,72.06713364380056,63.13382696530243,65.94442899279147,406.3512356509685,75.2759502151622,26.59250816420268,53.04907207470009,20.43812000911327,43.255026271839185,78.05635148530662,68.74846931859642,87.19830992530396
86.5027422555512,22.90950703132694,54.66980570881795,48.34680112101665,321.4325839994442,56.42143164009481,28.62522523497278,56.516164396833155,52.342774354295535,36.528602966758896,55.30501063348223,43.57242996576384,49.417576649702276
50.67005479896757,91.46427607524289,68.70784409288103,75.14658756473276,462.92111118591447,64.44984782813958,25.838754148408846,59.32284404442915,81.84319027470835,43.02187172091811,60.247511846074715,74.1118742671072,66.2415600321325
94.92001843395127,50.37406959849005,73.70652867974299,68.19244913267454,406.57588997087106,58.37134991787378,20.560515521925034,48.836074163964085,60.862636601674566,43.93632630522347,57.51353532309219,73.38525192324221,60.38045930545486
31.337293410669062,27.058130444406892,26.331271265619833,28.76979563091176,244.2764260382769,35.0,18.372749306411695,48.351358499445965,94.13035191169597,31.479354068753974,35.0,28.404295452590915,15.762130160983407
25.953737537224303,50.82726611517003,39.09488357296227,40.87785468399174,308.10291158607697,58.496269440163715,32.114139975496926,41.94359513958921,48.30433328177684,38.297118554231844,59.322086511791234,39.30332682440069,53.647038624313474
76.29791731337363,96.52420493904167,87.37335720211573,88.43368988877445,522.7114719645973,92.10973091541602,26.786887634313743,41.95042896270094,21.08315781763591,50.38235222047946,97.43521769058339,91.92393618034856,100.0
47.59138149122482,35.519832360097254,41.37049725999123,40.34845201254828,301.1277226957101,35.0,18.7214753384596,64.33700141858566,94.49803957308485,33.70810179126544,35.0,41.90267954012466,16.160677123559182
14.409277532437523,52.284875305018936,29.805670585643476,37.13463619598637,299.8820748450846,47.288928157487575,24.32280074405852,40.980941952414895,60.86401683770288,37.195535845072826,47.379566387508184,44.815339705455244,38.28517064076206
28.01086738826738,86.44010428702714,55.633694533980844,63.06840952752324,425.0183362852073,54.62766717329312,22.7781075320945,62.80545629488029,92.284303584806,37.07427123909869,49.774823093093204,64.60211607440371,45.77642989542982
52.99354850255338,58.98644044288524,57.5453940689085,56.58928366675249,380.27644472007614,69.8297387809875,31.316973802112155,41.72462013271096,42.7243197998266,39.42220978113352,70.69023643543932,53.746899516050085,73.81490597157445
59.8649112151667,45.38337478223676,49.21639329794904,51.17598935540873,337.79753810319494,58.25389469861853,24.937159451610825,61.87103305734554,44.333799023475464,39.22897821536016,60.32349550277934,54.85660101729186,60.47247758464331
93.93182512668835,80.8046173571358,86.62908686765519,86.05550046495682,500.873665897515,81.74701354204345,26.647468745528954,43.33142097555696,42.71878010982593,46.41007724775801,84.28853288701094,91.81093476651688,100.0
22.435521515486098,37.49890501002673,26.31567390559443,31.47355161221048,259.489777372328,42.488087431451305,19.01881736302116,42.08082815578476,39.925231689233115,37.70763872501483,43.5805375618839,31.52934617032834,26.086739519038733
85.62345810944777,44.447931721585704,68.04063907504226,60.91814227673053,371.6664979884536,53.31545837341928,21.349269953455327,44.889164729831705,65.70172804459943,39.614425694561056,50.91898352606715,64.81652485644497,46.39227040339789
59.08157235897484,71.07402528355344,62.98750835605401,66.277044113722,422.17548978445814,59.30312241815529,30.271326745839076,42.02293757071998,93.12309219521828,39.790290293523206,53.31176061070287,55.98965895120024,46.53113050016732
24.5002780407864,48.2247594041081,35.6322189043634,38.734966858779416,302.4244811018416,50.12606891619219,21.270514080812248,59.65614064612538,44.45992452621243,36.74085325470957,49.82339637194562,31.34272975742526,34.487644653565006
62.339774720389826,39.60358345540874,52.77726064616441,48.69805996140117,328.59162579704577,54.95768888077814,20.477012399707654,44.308058560396475,36.60855814326168,39.346141390253266,56.53721182569061,44.18174143587374,50.938533362435834
26.647123996950423,94.23608180747277,59.18436375726895,67.20049868326383,433.31563764405075,74.6168769288362,29.648035829063737,59.16549886049188,48.38538236102401,43.900667021012026,76.6028650839177,69.74891788699492,89.65705393509953
96.18943483321063,48.36904701583312,68.81702680415866,67.49720214278412,400.9029647192437,55.76337655748677,18.789372141647814,43.82751224265384,64.01598438475693,40.96659729233658,53.73236427130162,71.26607033443021,55.90294784049223
89.21213971378431,17.10566489018562,55.87980761558856,45.9482548196251,305.6697121715848,53.04524140520999,23.473896237555003,43.96145561373845,42.882123586513444,39.92362102277409,53.289182343731106,50.59861711613625,47.38794331304372
97.89377087528737,24.13668414585597,64.59572863025214,53.63951883762853,338.8967095714476,68.93927863703179,34.52764906608659,40.38736281831599,36.01388678325232,38.98705192855752,70.31673820313974,47.987685233301406,73.43735866511756
79.62075696770233,36.628400045723566,55.20454306135803,53.825342814515075,341.5252074692201,53.15814027343004,19.546487423256554,42.897309688197396,47.85000188205096,41.42103196668584,53.93103615476653,62.32244277652352,47.69675561298282
73.87694222758506,70.83142474750764,73.30693902509516,72.04963173953861,438.40292448121016,64.25906430394924,29.610693869558602,46.53636537927615,85.18068613007767,39.68569547427812,60.94285166168824,76.12613885283963,64.74137756794735
62.80241143576343,43.462813547266066,55.656610308342906,51.198652702665015,337.70110993798227,64.23982111682474,29.365562934555868,44.247739685144765,35.7089281269005,39.95918546822956,69.04723241176448,55.7639850498453,72.17308143319089
22.019826577125308,56.80229901231582,39.562912822906796,42.889310038239614,321.34429867639426,47.47295151286471,30.668873974128235,64.1398910063696,85.86940185793598,33.03956501808016,43.229350712274055,40.92387811927621,28.968460280856615
57.93578914570904,59.24053178091302,56.406119086415515,58.718634726831425,383.0174554474572,67.14914426837892,30.459543085881588,35.629399845018,49.681827779173744,42.504115982375495,66.40323107098739,52.43479465453388,66.95801332332977
81.91592488019211,17.71250908008124,48.152575107031204,43.39387540012559,281.3014734758442,55.35559010267786,31.28357168530291,36.178510466803715,43.12258279011563,38.39003544516503,56.268699131189315,42.18267867173025,48.04392159445559
80.20554692854994,96.68405046276482,87.22912725924772,90.09264904907886,512.463687219076,72.03996473582903,18.621618224454842,57.77640245632154,61.42773662068452,48.04053449081191,70.92656542233041,89.45866717847532,83.89773025264888
54.18230144414448,64.31452385115105,56.737193189911004,60.26163488834842,391.5059022878749,67.23800358829179,25.762215711498868,53.60614495822578,37.970361718965925,41.9575103134288,67.15865369789476,50.48503390920346,70.49862238762222
29.798364570495465,13.667573920997619,23.138878562974877,20.11989018079676,197.65855806746154,46.82011823974642,34.82289726941923,51.01101120245515,41.67327471860241,33.72322359745762,49.68498508810454,17.342835245715058,33.891352163189126
84.30818110695438,16.480576792479578,49.18077428880649,43.6116185182695,294.9360298230768,54.76882137885739,29.136003294789905,40.82729364301273,46.71521978822824,36.9111121209112,54.94784088681357,43.93859262044427,46.28100893427563
28.24926227839807,46.4034137614037,34.890358741473314,39.14175316820145,307.28443416220085,46.874366852101865,20.62653079542016,62.39914144876329,52.13548236174365,35.95181107431171,48.22540105275828,46.25544550596805,37.546352404134886
90.8288932605924,97.24929282599791,93.48744036498984,94.68113299983571,540.9247292083934,92.93337351181546,25.655076646143694,44.65638952658362,25.798909464335573,50.59020742440621,96.07955107736566,94.43376732321752,100.0
87.50794556794862,29.361899271277863,55.900969337125744,52.62031778994617,338.3681959748674,55.10099035438057,22.336469329027985,40.75952802681945,48.34919379269263,39.27854245945362,55.195905006692755,45.82081852432519,50.47015601438181
19.962891541670793,28.486681433497537,27.925016140276608,25.077165476766837,242.21363783370276,39.10534117594569,21.011812161501133,39.353264513758944,51.58138507539648,31.58933876880886,38.98250047197791,25.308410787094346,19.762547223937766
47.558042373558045,41.72682312078905,48.62608647119183,44.059310821896645,312.6343566710429,56.48216965909212,24.379103917134223,46.57582440024805,34.62196220251329,38.97218363440635,57.318339099297276,40.358130769421834,51.24836160752972
15.133327961062548,23.68321854397208,22.989531388270077,20.263262310808265,212.75142617471423,41.61140296900931,19.078638162220642,55.792632763087184,24.635215255927605,35.442597396089106,43.17382050500008,10.409258230342227,24.03933910888
17.74098872914908,74.68346915961882,43.30573550217502,51.90647698743093,363.40021062788327,54.486716878246355,34.02666930951076,50.0862643297742,92.55698240622604,34.37055618028367,50.57631350572049,52.7662911017231,45.795406562852335
24.42866645599058,85.35025274308303,51.944691110183214,60.98161822824605,398.51891679755533,71.3206875521132,24.715772122484353,64.38324925913885,28.275667084158293,41.56077641963998,74.17730739747562,56.76561690680273,78.5096330155276
27.600931871015977,50.9464074836365,37.395988699317584,41.60821723858829,309.5772723434088,54.17696284817264,31.074650573950166,57.86029821432985,58.68292157552927,38.172661441331286,53.63663072294993,44.63141166133607,45.641775297160045
63.484438690046986,43.32481800406228,55.384168549619105,51.388666278456164,345.8211662965975,53.37332177769191,27.386614932299622,35.05115094506795,67.72743576249815,38.88283683892424,52.287353963250816,52.0380196147819,46.36150276410858
36.2341686986811,29.86063934271493,30.734242344522098,32.4100510851014,261.7407120676169,55.593037693215294,34.14638072223611,53.26070387601064,42.74923401782449,36.26455162956617,57.225407992255846,26.760412678001046,45.51547463185602
11.636101158826936,58.03903935612707,38.751704219224344,39.477864077207016,305.54633397972657,51.59583300196248,34.41450671141719,37.88617224987784,74.93375869004797,33.14774938043305,53.445031824113954,49.17378758077031,50.38879620371215
78.21859591660707,64.7627152432421,72.23957321496907,70.1450675125881,432.5794769796936,75.68011199393514,25.686732787555673,41.75797336085165,32.13414387677227,44.461161729865594,77.52764117280266,71.1274112677344,87.76210396244535
62.16382333738596,77.75658247526175,68.61744223794517,71.51947882011143,441.23948184614244,68.36843657130933,19.668115024390822,63.0557309137271,45.26721389860796,46.102931001229884,67.14709332816821,68.99387489321346,73.14927567063589
88.77214628461343,80.27762648561885,88.3036093978816,83.67543440521669,487.6213241102711,79.18811914128457,26.876937676233744,50.56921567833163,48.98362808407587,46.36466559133817,80.41773551377541,84.42462967429013,92.42097921078289
66.28250085322313,49.68308343042101,54.63431908039753,56.322850399541856,360.06491019133614,61.19587611077971,34.899226346838525,36.45535610078861,72.2500183925695,39.975780436778635,61.77849152229746,57.65377205522921,63.239006344799286
47.782160882369695,18.13119462049003,36.65565178585692,29.991581125241893,241.12066314694678,54.52669765038407,29.3116170318563,50.93931310667886,24.10048039831659,38.481095819658044,59.61891713235257,28.99319461595957,49.94882494486789
59.316212881373765,16.555835409518288,38.29486620240044,33.65998639826048,255.47453313660804,54.73363158955368,32.865459347732646,56.75172500816882,38.716429416134005,37.86158722307801,56.71954180611727,34.88328054658252,49.53778167031886
85.48407644528203,92.85589523647242,91.36991103683648,89.90716771999627,526.7655690340646,79.25291876296953,23.13909837007988,60.833575050883134,56.66698571478069,45.90188685299106,78.08443125753786,84.1740928113448,90.8574962900895
27.074635445085168,44.83376913002199,39.64849520202206,37.73011565604726,296.9803019739407,43.40715424616436,23.435722820851588,63.54812206755645,68.42350941940495,34.64854326933856,39.647905842849305,35.98706526183244,22.507538228518516
44.0236329148061,56.98277817986194,50.727424353175785,51.7991200738396,357.2977928539625,53.769823515251055,24.09956357167499,56.50394087911857,63.35688790765135,40.17463700173994,54.44389886867237,58.81185018494252,51.67208040806054
39.046230439525594,48.25682606779681,44.53299234035573,44.57258781648832,327.24380455124185,50.26772469204738,25.778641100729125,64.63188665919324,64.46090490136248,35.291312698087125,47.88153905733305,39.85971065653334,36.87057909441162
52.27005870755596,23.191500772512978,37.19652882145723,34.822923946530175,268.91407526695343,49.54861888441058,25.79981978010438,39.90353326942781,38.89440277674818,36.01964940070551,53.88891192569108,43.784530601492406,46.49266049177274
46.432060093855796,39.709941601181505,43.53291877016754,42.39878899825122,301.3227434758519,56.366026481275725,25.0789577511227,58.92570642324817,32.15820165726511,39.23153622824775,58.959880951476286,39.184691843655514,51.3736786878151
58.504575639621024,52.48517589950188,56.836230287731055,54.89293579554953,365.64851574320704,57.43142793397734,34.535369430570796,53.88051105129121,85.58299890502872,35.234172126710426,54.529779473001284,54.16818854343663,53.64994377477559
46.279981977745415,69.63956299165471,57.87752651542767,60.29573058609099,391.5179978224399,62.16836347912343,22.93436288740963,46.477805435030135,46.234672309582095,42.15103568023297,62.866938690290326,61.36862235465209,63.283982984843306
58.0742301493415,48.287808610096526,50.40056245498225,52.20237722579452,344.7793471383237,56.013579308346785,31.425439976440195,61.68863707367771,72.6932427473165,35.908712273412995,52.82558965330548,48.29797517127123,47.505905902319896
67.07698679208056,64.4533198593271,67.10893420305804,65.50278663242848,402.10813299228226,59.77109271788546,25.55895504353115,53.99761164646968,67.74455207137254,42.158456344444986,57.017750225087205,62.21335737899163,59.08251844940217
68.97519690118627,50.559024825810525,63.35599222182594,57.92549365596082,362.5650423169403,69.02476981100577,29.47508650590007,52.29605002304477,32.95482807108085,40.37124770187159,71.23989377794312,56.0892309246226,76.97178508294974
57.00184177942117,85.15812080873243,72.91454727673779,73.89560919700793,460.78511226607816,78.88782066451945,21.59561199561516,54.20657613101015,23.018064381378522,44.691351321948346,80.47014125345906,66.42222274216992,91.56017722630423
83.95564866311864,43.814820949204545,60.24395830088089,59.871152034770176,374.8649530771109,63.73075094942906,33.80466969189057,56.51514176174804,63.38354322520814,39.02108530914903,63.26267301674209,54.68796977787929,63.351403960975375
56.69593124877615,77.10035243970664,69.13358670666814,68.93858396333445,432.71220088138074,65.04637579816706,33.95334086201663,64.46895308961258,91.01640832809626,41.18189254706165,62.064988114654064,74.65130759456585,67.35870031498273
33.8906225200819,10.506251894114556,19.29771616897016,19.86000014450149,198.68559157888077,35.0,20.491121363414248,62.04990244030274,80.42743890014614,28.22145256813671,35.0,22.3211424197413,15.0
32.028903054578834,77.49850694800855,53.15788814324594,59.310665390636665,401.64520816732545,69.6667252912472,27.077230416764714,58.817818257048614,40.69099097877579,41.82517636985329,72.24680383877815,61.044519905141165,80.01837106290333
63.27740403744501,31.72312093116124,45.01622223502194,44.34483417367475,312.34672848716593,51.48451596346518,30.327369844129166,41.39612848282847,66.13200244058012,36.25548924861892,49.09615406236668,35.398474430930555,37.34417816993606
61.92955258423344,14.174670523922394,37.26885354936589,33.27662334804681,246.28881886884017,44.20182224681948,18.521060042022953,38.769876488345176,30.427561911378316,35.618149176131915,43.994412698521664,28.7043133906907,27.777108235862773
18.826133089654256,36.516700826884474,30.055541107904983,29.440473731992387,252.48826305547306,37.219647247935185,20.718255124996947,47.1234854463848,61.64836679652931,31.663371611868033,37.193031871395625,35.43231878402669,16.71135124986759
56.60522715780458,44.457035845875744,52.13610534311772,49.31631237064728,334.7759569357046,45.139338405124164,19.390584935066645,54.29280674656992,71.54288107533512,36.608966957974395,42.67768167691579,55.29957504534467,33.53330361266998
89.57543514675643,49.2376410630619,71.19653532598352,65.3727586965397,401.0139842973372,54.15711664768282,26.586911158184726,46.97305818112447,88.65885264613237,38.212712913289835,50.47050814151609,70.13953301115151,47.42740757493295
95.41642971399015,63.169302386360826,75.34955778975456,76.06815331741257,435.06339193319747,58.50687931727697,20.507237023680045,40.6271947345627,77.57143421199476,41.420342498538986,56.357834577336945,79.1276716482637,61.320799463212865
29.16785369709826,89.45086195446254,60.65187440833985,65.33765865151682,434.06437319586786,84.9492035395498,34.26017865293086,38.769229313287894,27.244042270170926,45.40839282807857,88.49101340536065,56.236912576288624,99.15483271194495
30.9779409095052,53.44492364792663,39.94066289956696,44.45813055255806,322.4792810738538,49.2928695374302,34.26231059288072,60.19352106852172,90.62231896250168,35.75631910395207,47.003350737331424,49.64350701869092,38.6018687954025
28.60026465572996,13.535894649457486,18.24568147787497,19.561642651966476,210.56156762452423,36.54070667620203,25.85564601127708,60.64958044496173,54.87831151687183,32.55656679592224,35.0,17.55407698745195,15.0
77.28052885580313,42.432018846125125,62.39575600483521,56.37142284999632,348.84211914478817,52.89495721904885,29.55586199060032,43.799849996195306,79.65373805919634,37.638095690433126,49.48505488331078,58.54736322465166,45.76752728728726
53.506909844135095,13.732274238299318,31.15915688410713,29.64212848063363,236.18740941146385,43.34266060734852,32.178755075765196,49.39001548580254,63.977187839448405,34.89810840655865,43.91573486894787,33.45004274127052,28.116261313712954
96.22329530226325,97.50645226686278,94.65071322691452,96.99318948102297,538.5095607230254,81.98253528396573,22.6056673922709,46.93195871911062,53.07542006983728,49.567693309559765,81.08175920497004,91.19222013644567,98.54622195724973
18.22614504154317,13.72684820861611,16.00885809006733,15.526566941786934,178.07036402393797,36.572691061297924,24.672326620981913,61.903343506077036,38.1112277155605,33.1908496104479,37.698820413186716,15.890000578197244,15.0
64.32185672831166,90.1021001915376,79.52953456182054,79.79000280624723,473.20321824357654,71.11751191770475,30.467527309205096,50.05679075480456,75.94751059145636,43.456061972146756,69.77411590089565,85.62725489563053,86.63445785974577
55.57711256044688,88.22231837448246,75.05841184111468,75.16423604886822,460.2398466108259,71.42694869424712,25.747444701761502,50.45560876617848,58.96919587506927,45.62014483746192,69.42206630516561,76.41884353772122,81.15546543553573
61.50237190896008,25.818517761316826,39.92919034777451,40.09205942037413,281.74308916973746,39.91222800406938,25.26787662752431,36.8541271872826,81.12255035148846,33.70675879440433,36.463438628879565,46.731359057915206,21.221657835526564
92.49113625085178,10.917002462382767,51.00502675708955,43.54665597777037,294.03651891678294,51.07512289589122,24.535109514406063,37.79327841801382,42.717120714634035,38.154936233276494,53.05110519828384,49.773422538048685,46.01641537907037
62.348194878108956,42.12853353252957,54.99069151288787,50.21639807076133,338.81529724642326,57.49868834525089,19.70775239292964,53.736725075362735,28.475946901023384,39.78967450203146,59.080508647531424,46.43021882632013,52.951156210408406
59.59723318476621,25.66650559810769,46.553251834784405,39.2387966327711,280.229607003828,39.44109041676477,19.650178578633923,38.617070508653455,63.7920285294946,37.44545059038397,37.564986553352206,38.84874019163959,21.06032232527447
71.37344031768886,42.71782101416861,59.95671892736039,54.18006873557671,339.80813195477396,51.92446567288136,25.47599131548352,50.329755499397535,65.5274178697322,37.78170934171175,49.28231403922077,39.850919064443765,38.559644054485496
78.07188825675163,75.66663213359706,75.60192461349104,76.6287345828589,466.385760665009,84.87202932678667,32.42731030038205,42.80070119434907,34.632935425462065,45.34377177652556,88.76769467727215,78.6922734189761,100.0
62.22458757576158,35.209166542686326,45.5890623449799,46.01533495591643,317.50649394494184,43.017136115821366,20.430958370322458,55.030932851194144,68.59732286790569,37.876581638565234,41.242243967048495,49.54660182389069,30.49252859495247
68.27055121313427,47.538552137003215,59.74855301820156,55.83135176745564,363.50726877525193,61.83711577898127,28.7354708056839,58.888351348934854,53.6572916320126,38.475324906808794,60.31486110835515,52.281525397286984,58.4648628110134
81.17449733992001,58.30229065750468,65.8167982141841,67.45117333047082,408.86293292049567,63.22905528269434,22.95467800997193,49.326519661915135,50.351954108590775,44.53901868224585,63.57000852426199,66.65025549929578,67.91210977771907
94.41299544924183,25.809624162442333,60.36174822157163,53.25097267716213,323.2229925140818,45.43832242039942,26.486119915736502,38.763742686229456,82.84225060240351,35.54331395120485,42.3180026790622,55.64379537916404,29.796994332536606
31.190339274556187,21.414090302410777,28.35433258087596,25.324589891268943,232.1149289741436,36.87294278833158,28.367911164237803,36.22521328849965,77.2121649795721,31.96198688630731,35.0,30.05626770559251,16.50928741694223
43.57380859266018,25.649822778662692,36.39512914327251,32.81941710426169,262.82419299870674,49.228308413811696,21.411050263120497,39.754679695468354,25.775369990164595,38.806145138451434,49.86314637500498,26.403204268531816,39.65675858987315
86.61241576791303,26.251288708040075,57.92315098790588,50.39573953198926,319.47693612644304,69.83500929797293,34.66896186105397,43.967574778522305,20.5394717005895,41.50646485706986,74.42969375910054,47.105710276878575,78.12642855284459
74.43881686074417,51.002212167368725,64.13559864810907,60.3768540447189,378.9232332598257,58.50627971178009,28.706618831272838,52.901119195638834,69.93670730416943,38.48649390019729,53.58769470954072,51.35624044616086,46.996070645228514
24.300453733208048,32.38047137370575,26.05833057253073,29.148464317506672,255.47204902710905,45.96459209353958,25.995773448641696,56.2589209391295,51.21647605682202,35.87428647532133,47.93735491956067,35.48348931061699,36.56944783416743
54.698127511141514,93.1812547914978,76.59238303670229,77.78800387935529,484.417389234198,76.11711616102386,28.59259350057227,58.376202208046855,60.71511049836601,43.29263243067457,74.94977085466174,69.04137246520696,86.4881762967388
85.13636896006794,63.296971425949714,72.4000209722435,72.032730439597,429.4645336465495,75.11586132898093,24.940987694416673,45.608540876074855,27.708918391797233,45.80294277222884,76.67433602441879,70.70454079303563,89.95245031630564
47.94238739586255,14.66007330330227,35.24153490882623,27.972998940326384,232.5830624933203,35.0,18.41203910079094,51.23691976283432,85.27654994792373,32.422144308102716,35.0,29.93437271470334,15.79280124876184
88.56191239779093,34.6520905788548,59.54415908623687,56.21601930642926,357.49073686508206,61.99489010412279,28.63177013085469,35.04341661562998,46.48485563832894,42.08015973960682,66.67922639183523,63.65504104803182,72.896243738638
39.216704995912615,31.692562920475076,37.97640879189079,34.70221975065009,262.40793864871324,53.40161811249287,26.285024304936808,54.03191778491254,27.77602177782719,37.49083498480623,56.26840228608416,30.460647815138067,48.179542446294455
96.51512407838204,29.356893270990184,66.82323929167383,56.22018559394692,350.1650334160907,65.74363035722365,32.043395183710395,37.68923804709018,42.531514057297414,39.196864824688454,66.18802239671906,47.58585712204887,66.21137973282957
72.71608781187751,27.550149621111654,47.16979501349269,45.616524897417996,302.9999655708099,61.127037605052266,31.107753064962687,38.19839258933632,37.237924684902154,37.090459189109026,65.68542021801431,53.553403232151325,65.0490857527961
62.35471463147148,21.69598796757233,41.23524293122692,37.959478633131994,275.3901761718389,58.10749231977886,27.50097893973665,38.572202779482225,22.58269772348916,39.73740673690516,62.48117198030747,39.94671192089581,59.440547781606746
97.66210606706733,32.60488297924693,65.03591843410764,58.62777221437509,351.87307787639503,67.58589368150253,28.587602354114267,38.46242717273954,29.543237955727484,40.822202416324814,72.79309927797566,70.63312385556125,82.54992906439325
50.63161679866881,97.60768296708615,73.76969869201326,78.8172564997192,474.0772832373287,80.1494049645873,34.87513070329617,35.68462190044542,61.24126696158141,43.67687702781055,79.69212944681276,81.58710112812891,95.6342305355906
59.00357050487904,77.28943896849283,66.27858343463792,69.97509158304732,431.4104035400427,59.10156236541401,22.560125783788983,59.61679192964607,74.37366944071975,42.929412341886454,55.08237810437702,70.5769404144314,55.121134255728585
94.34872770369806,13.399870754036995,57.2892768513848,45.77941353390142,289.1488374713741,43.73659134114506,33.51207475722893,36.686822903463835,91.11645856212745,33.58534734976356,38.53912490407188,46.98888250709346,24.193688858072168
68.7424612951572,96.75789128525689,83.60158821664656,85.551719289217,509.8222106581177,74.01158757479577,19.496089255196924,53.83437287210016,54.03873327848099,48.04140901302778,72.44500965417188,80.08857681707697,82.25524595792415
36.757591300572244,32.59521670571666,31.07375365035093,34.2601665436589,276.1476995567946,48.692873333260344,19.093126025151832,61.620965468089025,29.40990418010452,35.44549125344723,46.088721996386,27.29443612342501,33.10523862027549
60.556380820123,35.54803794460486,49.35580356980081,45.551375094812116,312.47142509115116,44.70455351340129,23.69063893827453,59.79502000942185,74.57908222450325,35.6294173106769,42.4304877953339,45.91158227474276,32.51056411878096
91.24811959911236,66.71842256648515,82.59797945853204,76.53030137953603,440.7312398050357,51.74567816104353,19.03281340299634,53.12575852230992,92.45872418695662,41.45085360436029,44.517623736508845,71.99463313072425,38.21434067798263
39.7314273640516,13.880701139172924,30.045205855595594,24.220991629124395,218.61140967061607,51.65754130749943,29.405823480219855,37.01518510685027,24.058660085273704,35.74979643974766,56.59000405511282,29.4725786593093,48.42737764480785
49.028121664403656,35.87228341457593,41.799273387873626,41.13461871450703,295.6864470292988,60.45621465856374,33.47938826396714,38.10374851114859,40.979806010571124,37.921490902676716,62.40176983285602,35.58696692922744,57.82462772875542
80.01358538411364,59.5798389357243,67.51417369330703,67.75333751508003,410.5933708309123,57.76221903004306,29.787498151306117,60.13886524508255,91.98021683167906,39.96912797133495,51.26785645118011,59.367593127582865,47.87186515742868
62.44542682613165,52.00597106145121,55.447596132225485,56.18175336732339,372.9155952704547,57.471624287596214,19.468955715922363,63.166729983959215,43.3428535148551,40.94320324109192,59.44912446410679,67.04394647511754,59.45943658979269
75.26936912141167,33.97346520182086,55.120200273098824,50.49182676965718,324.5223553426789,43.06840815918795,24.606422035181694,62.19338955421475,84.18797191211897,36.43723431002558,39.12950803853528,53.325714113734904,24.15138300661422
66.09679934123083,95.57499578978691,84.64557441188033,83.78371721036449,502.2255015184814,75.98286867194528,30.828308215818012,51.90206527919083,76.68318043492489,45.73688197136818,73.21576117899282,77.40318884183334,88.66423580724503
59.4974139905236,89.21426397878074,73.20077362629672,77.32752398347787,463.9141780355574,72.36208998200152,25.756761874651694,41.242555714437955,57.38003192465143,46.035685143821254,71.72955054777044,76.24299150950557,82.08385699560583
12.794861409162223,66.34758702036828,43.1823998648526,44.92649677588586,326.3967980189909,65.64370610408254,27.901754217982727,62.46435808609144,20.727137625078093,40.749309986551935,71.48440054267185,49.14824471234386,71.5659801984743
14.637784323692689,77.02261111957861,41.866033536993314,52.06868040122424,365.20405321591716,64.16222637119023,26.567296840639536,46.31066751699655,43.06069514041869,41.333594658908225,66.2971205177024,52.390955817364215,64.33613226914945
18.64733811157219,52.639180973381386,39.213634905984314,39.04244382865771,303.88229312328025,61.6631305628361,29.348555730364914,38.38651455475543,30.763974810669218,37.986112705289855,64.86863723036443,35.68186907247001,60.57820756806085
20.585396221462613,64.91453141710019,43.554867634565554,47.18287733884516,348.9874785549281,55.07058911671721,18.056383974883325,40.69795001592716,36.47657190721113,41.261971614332,55.40405160826156,47.38482797273788,52.37834941001082
93.49964921564658,57.930544350471656,79.15505024241637,72.15818629654163,430.6170891739238,61.25228458882721,22.497505175924946,62.85262132831779,70.0582382136406,41.92652565911845,57.97110010976792,72.66163999084117,59.64920828562081
73.27012975156718,83.3437974831962,80.13741320953679,79.3143303905446,466.78892074765105,82.58465811370046,34.26279522911942,35.75763685073468,44.95139730317304,44.89341063980555,85.22377537570803,87.90533854763798,100.0
73.6859894850987,85.08251718447802,79.1067109061378,80.5239061047263,483.6531644051071,75.10249072383864,26.205091111318907,46.594879726301684,59.45681283378209,45.6621332668458,76.29899176180506,87.40995514047066,87.47901967073473
90.06863691907934,96.89184810984693,91.29822724393476,94.16256363353989,530.355330882888,95.89634059918473,29.503655768287025,47.44051657470332,21.816675381360277,50.357877451459096,99.0,94.03381511479199,100.0
29.30691052959469,56.817882615295034,39.15076745289805,45.8134937810149,329.89407479955236,47.492698409781454,23.712867786260073,55.24608817710979,67.87651881144706,36.17219064763875,45.09596220166263,41.46030014592185,30.33808775207817
16.3688541855404,19.58017554317828,19.15079506089604,18.29564700012313,206.64381765397172,35.0,23.466345036216104,49.69019196549686,90.9283523737744,30.53294839882901,35.0,20.206643059723742,15.0
78.17420438536942,78.36420453572352,78.24866740161107,78.28820447558188,470.44150202661973,71.86914806167331,22.43768566621894,38.667591088706864,51.88728084914872,46.846945143230464,72.88997775506967,80.5031082165827,87.41013165744154
21.666412319718678,44.73642253157171,34.856929209020194,35.5084184468305,293.0592464054617,52.87005900624756,20.856301551049444,47.31325671017349,27.1320349852047,36.61079509808336,53.94186416930494,27.80431425563228,44.29396103189462
94.71246633932554,38.801554129879605,68.26094638368802,61.165919013657984,366.40016098023085,58.64171532862163,33.775188334415745,55.18707080496195,80.20076409781774,37.237857227976,54.370980084610714,57.66009790283994,51.465665914000866
33.09383868504399,61.62220740621031,49.00990812568495,50.21085991774378,340.72031676954964,64.16337598478218,27.645826892702974,40.11378586839886,30.527204853957542,41.096690745965766,64.55814480655893,40.157573291339396,61.01306187680727
94.78436225933937,41.362065560475415,69.99548863201008,62.730984240021,374.0670470641168,63.6744672293097,26.6488025746445,51.577092557058705,44.68319607970491,42.11328296207874,67.44797639338746,73.44840617928406,76.02743584709158
34.65785230822496,46.3158268948084,36.785764882625564,41.652637060175024,301.74341295443037,61.30756376035574,31.246727817329088,53.179588107951716,35.43278914657785,37.35872500200201,62.69814406751596,38.51698208753418,60.103443533236515
50.55657806057566,90.07695709719724,68.07445128060685,74.2688054825486,464.2576632321928,59.954104187067855,20.704085290509116,53.47201500446435,85.2967672558485,41.34700296760536,56.74080720761211,83.8632959053153,61.53984749030181
72.11276678482568,91.86585113499218,82.60027383875328,83.96461739492558,489.48774842030093,78.97296517284047,20.15802303701203,42.79205991400244,27.76349517625119,48.30471249912372,79.59740458851522,82.36323908576922,100.0
72.09411672206394,14.20334893022661,39.79370044355154,37.35965604696155,257.07462394933845,37.996565894250416,25.193555362903474,36.25543834648803,75.95609501234946,33.03463745349749,35.0,32.17251527124776,15.0
78.68740495227603,73.4707045664762,76.93752708696125,75.55738472079614,459.4860827730545,73.19655588814193,25.178407436780308,59.255950273168594,48.50697093093639,46.095449661284654,73.5049049196062,80.53297420872931,84.05718114810846
36.863093753532496,70.42466049977345,56.75898186603883,57.00003380127707,385.0312031069559,76.2242957422145,32.07284215385013,51.306817690834094,25.169241600885897,40.92833295424409,78.89475060875655,53.4641311059773,85.34671547139374
51.03060960263063,69.31820994048283,59.2543453534436,62.003169805341955,404.7168243947641,57.25469948316416,30.55489519171369,57.047446464787,93.88922672580414,37.310479128597436,54.071117022559264,63.23181176444044,51.109423380903074
61.96323841762281,14.954308959585216,42.34491453520252,33.75788074280025,259.49218747071745,57.226384808251176,32.76975421773464,55.82882834428838,33.95375246065246,34.834547336235985,60.50153328665943,40.570112862176046,54.5864594940125
59.42722037782711,47.45996850033902,54.656922404583526,52.24686925133426,345.73256876616483,65.75117693326101,29.8529633874846,60.602698085274284,34.666775821684176,40.03870069182075,68.67077276413498,51.7003257684304,74.0067804960843
46.88957447031554,94.65891336192486,73.92999399992375,75.55117780528113,467.9795463440654,70.69860032927306,28.96117897711345,36.74091685650862,72.17978960242985,43.67567944076359,69.20783922284153,69.59437605069962,74.42351467525863
12.932933957910524,46.85197782533843,32.43052637973552,33.28436027836727,275.0567992704072,49.78470706234687,28.253739722326905,41.29567401453618,51.23942366296697,36.933956240416194,49.74939790918687,32.478277250405085,35.02442708183824
12.248777049145394,52.40695444154961,31.86491168351054,36.34368348458792,297.8998094077891,51.98608289834831,22.753419273232453,41.52593521383101,39.19542182574696,36.07493591106898,52.951851336329604,44.75035804037087,44.89218191444843
42.9396459289637,43.01220575414888,46.75517939923883,42.983181824074805,303.8091589310475,66.54182541146804,31.9070465246284,56.24632512764561,20.417750420266294,41.7955848401771,71.83506610514252,38.640614887552864,69.18937371049105
13.122539652821377,84.40592760169159,51.93610957670585,55.8925724221435,381.9874155333547,72.48327705774666,31.37995362937746,57.23458019856976,33.37812514520678,41.3134311315542,76.41629228933053,57.69556691845838,85.02390219863219
18.34021068244065,60.10426190647406,41.31622426988844,43.39864141686069,330.0423305071809,40.69959560368751,20.51588991531695,50.765154294523825,84.31690297720272,34.07642317987427,36.32323201282158,41.2773570523743,17.783519581853064
92.25732794197445,55.963564646626054,73.7912323579396,70.48106996476542,417.1883739548594,77.17754642971991,29.773989874417744,48.56788287570825,29.64502671688939,46.65492197746026,81.14299911630843,73.88688028774624,93.60097308565683
66.9665235441019,34.526839310040515,53.14940468846195,47.502713003665065,322.02675518197395,44.79349234162436,29.055799877495367,47.624748586033824,92.14364760584658,34.17586172413558,40.79509775887901,52.94588250862284,28.871920878447085
40.0238448048313,64.06989073360512,53.66206252017,54.45147236209559,361.30524002731636,52.397651537808855,21.152331103880435,63.744522432796444,64.2248229788427,38.40180399053069,50.15989377864932,61.039246714924964,45.813589600802736
28.192706896458496,45.32047468911413,39.635757674865346,38.46936757205187,285.97506133156327,51.68220423175911,21.714942012830974,61.79455456557774,29.130092672693788,38.651356325092586,53.56440632215209,30.507503677743845,43.341902287966384
70.10776174344358,70.54426308795645,71.42228768828168,70.3696625501513,429.7706912696207,64.11733158189163,26.831034486608537,54.06920329423879,71.76945213099808,42.359276545878984,60.79351123918404,65.9213801324206,61.67324184400845
32.899713851110654,91.8498874807877,64.44996140032491,68.26981802891687,440.30859127946843,56.08473400342903,22.284967785248796,38.32674569732514,87.4069419484981,41.59746867377353,52.23112825416277,67.01507905721012,52.425883332758616
64.0609996133443,79.42267957580702,68.33647047963915,73.27800759082194,443.71071138675376,67.11659816835677,23.428386457084507,44.892592768632966,57.68599044828541,42.63833764644179,66.43337868564761,68.99796516109099,70.36089701004336
63.10807001940441,68.17301947624108,63.3252159004839,66.14703969350641,409.17780178415376,63.63227754873543,18.359812609405264,38.251241218795094,39.87906739916655,41.62387822584617,63.98175236878258,65.72616294947375,69.72533164435166
89.43909026338554,20.1411596175656,53.31368066913075,47.86033187589358,300.2257176543631,42.20007364031854,24.925516538675375,62.34779520672335,78.6142363296392,37.13173450810673,40.038983299825425,54.747811398237715,30.754623533546532
23.172338704856166,84.54508485774934,52.09581840571657,59.99598639659207,394.69428973441984,55.673466213648396,20.142646521369453,53.27176748582445,65.53114729408793,38.997357908051356,54.83518319935222,67.01176064176441,52.35615890672144
37.299881658514025,52.58493322200556,41.09471918049378,46.47091259660894,325.3111873885511,61.811896342452926,26.056008846852045,38.24207885843431,29.47069158313441,39.718892387552586,65.49771301100323,50.78055036459262,68.43080508917912
51.77791090411234,44.20097059291822,45.53303268801613,47.231746717395865,318.32630471324694,49.41417269183999,31.46223967825074,48.95019896637008,79.2740184109816,36.86539494855108,44.83821246267615,32.734695714096425,33.02084232440559
96.42320729463853,82.34815319269633,92.61537969671056,87.97817483347322,493.19274361818145,77.23625348804016,20.385718235472602,37.5429098067369,39.742325379895746,47.94338240083904,76.59128275030331,76.44481376478937,89.00195343869429
92.70732438266,24.55336465657384,61.45364788173521,51.814948547008306,325.810950574755,62.210209196587414,25.706601012395534,58.54818045453705,26.985538178365744,42.77041813574915,64.44490515463792,47.28660686871322,62.49639449471054
19.112658907854442,82.56542252626151,49.213983525320124,57.18431707889868,401.4336032654418,67.42721440900577,29.944054342841547,40.20291110766673,55.70319852079552,39.99183076222735,66.39433538049155,52.4925988792361,67.78994292074066
70.39449906543886,53.36006800067145,64.20500672400475,60.173840426578415,385.62087140142813,53.18870871961481,21.919097073859195,36.45268839280333,72.74253920842419,41.329892911028814,49.14259344984493,56.732803127422116,40.942019569627966
47.300977422232876,68.3312339660982,56.00141014280735,59.91913134855207,381.39339529703955,59.38328534682142,24.345736396736232,60.66888848477227,57.37636331389128,42.45123486255179,56.785988221461174,53.881852941368045,52.41218566604034
71.11815571713072,57.737934434191835,65.2600365076248,63.09002294736739,398.4169659445586,59.79322948335733,30.34035889250318,36.30089900504681,80.19289289712711,39.5951868448575,59.77713830499991,74.47041803650572,62.75772101273209
39.53158649656017,41.186396088805424,37.08967079994127,40.524472251907326,292.03408673791535,35.0,20.75114514896576,46.19674229664943,87.08686586560937,32.77254411385463,35.0,34.947878598177574,15.0
14.411126044231821,27.492362202694245,18.636876462301387,22.259867739309275,231.98866962993338,45.65084126331993,27.70317530542716,39.16874793150555,40.414935445742415,32.33526444348035,48.491810450849385,22.156800109689772,30.36600382999382
58.72516757392499,32.92364389460904,44.28869593369289,43.24425336633543,305.0629861218294,38.30101656820858,20.555952140626914,53.51665577502386,83.91761123173455,33.282019746778104,35.0,48.90268251758904,18.46396055197242
63.72481974094352,59.78791365054978,58.527495275702115,61.362676086707275,394.7142281883031,61.85347775395408,34.5436059834693,40.436848675513104,87.1348227361597,38.75624068862982,58.98509319413384,63.83837932904552,57.25502149126843
26.761080467810814,82.67144577248122,55.54219369130451,60.307299650613054,400.45175241915194,67.47337550095504,25.545209021642776,59.796279682171296,45.41953950176508,39.99257347543338,68.30584705640115,67.63036306884516,72.01252156754984
27.987166461082666,89.87060883932276,56.66893031970538,65.11723188802672,429.0519792283821,66.2624672909866,32.97300519733775,36.047408438096525,82.15937789751467,39.3954384703238,64.30166494449237,72.4254103290971,68.7682431678942
44.515380116978456,83.20182150903896,61.50605801550747,67.72724495221476,437.6936911457051,65.05946084684633,26.461901964732323,45.9846038815183,69.68283100522521,40.69092629699306,62.69595030521713,69.66336029180582,68.66819457241664
27.66799305518941,81.88050539169491,57.217217493260016,60.195500457092706,402.1599200330271,65.24367928011723,26.95314547477024,55.88229877302916,58.195571882182506,40.255524185862726,64.09042900624135,61.6272063956593,67.22637706812341
87.52125031976497,39.93379011156586,61.90346402574733,58.96877419484551,371.2600669287386,66.24498727963548,24.69994779515283,56.29046969171934,31.08114338105857,43.509991353888026,69.22123220228049,62.49285075930467,70.94554415669438
71.3310390738939,11.057890387417148,42.29420120116856,35.16714986200785,256.27986737862744,43.97688110069975,21.744864851694455,57.589432219285904,42.75957384749009,35.42345078802878,45.13223566715171,37.70976978665412,31.52603929215785
15.895084141111433,77.51101652498508,46.28491345049914,52.86464357143562,376.4601127809199,56.28412273367163,23.477305207596885,60.32951724218971,60.112105868008605,40.59568440356977,55.32343866395129,47.670630339846326,50.07241084871471
62.813433030478095,12.064278497989005,41.2175651909846,32.36394031098464,242.12688177945387,36.887818514160394,22.237723728228495,49.569796268197386,60.66185806425117,35.33227077363583,35.0,39.433070266553585,18.889119394539822
84.9101730638142,50.49265886193117,63.70297486157122,64.25966454268439,399.7476093537944,66.7389549732897,20.11372174847091,42.335372455821386,31.427096327404865,42.34222077312227,68.64647692070375,63.284640718179894,73.98140368935402
30.36790908448705,53.221506823679825,45.614134906743196,44.08006772800271,327.794319565249,50.96915357605086,30.38646654504835,40.66925604112376,77.70540506822871,34.87144298508596,51.20786923095606,51.749674950456125,46.528024643736984
16.016637379331904,50.70388530947054,34.672434198161056,36.828986137415086,289.0673179855853,46.94489518640061,23.321963682678625,38.737026432638466,51.39612394811415,37.93800877160688,49.13621141945782,43.05865842896691,39.90169480561104
11.187759837815818,90.1391208042486,49.75584179883172,58.55857641767549,410.3044914812503,63.24409819878346,18.662110201291128,39.369906555910276,44.18970908581694,40.72955717727637,63.138334526369086,59.481020835685385,64.57688974163776
28.716475845089015,66.47008979593451,44.84334936177292,51.36864421559631,351.90366686474744,50.150387147573625,28.653728337831083,64.73685338265872,86.82956279394097,36.727166134650616,48.473416717791224,59.01669568641927,42.138630919189445
30.608218036497366,18.679813136415998,25.716735861351324,23.451175096448544,211.28507353172253,35.0,24.343525128200323,47.707321567451615,61.06535502869249,34.240668301915136,35.0,18.684557812765817,15.166130885018358
52.42276044475734,31.878982877807424,43.11797781473636,40.09649390458739,290.6337188261375,45.86899144136214,20.9101572978632,47.17045701506391,52.63978187263962,38.54051712428378,46.15167350893658,43.63557550777815,35.77827564899115
74.72262771292692,90.40276510619027,78.99912132859467,84.13071014888493,494.3140928062763,87.49096399378386,30.69727169911117,52.4988738983004,33.137462311309,47.2197275939641,88.7785765406302,80.02020920464486,100.0
75.29887429065056,84.3372236574448,82.88687893055237,80.7218839107271,476.39157012652555,63.04110916042125,23.882446828454704,36.72870145052485,89.78687164073257,40.83915680085393,58.70878155063214,80.96643940081445,63.02250853311909
46.924977842203354,82.67814327056976,63.062799213695975,68.3768770992232,428.28104651853624,69.29172223730399,28.123829967933382,64.93947901122421,58.81793134843972,44.08271299952709,69.69016398295565,66.87827012616813,73.82031926112408
94.82683149456152,95.38603150749998,97.08297337551221,95.1623515023246,534.818339611422,88.431114564576,22.168052185818798,64.65830727160889,24.99071113311331,52.31071760842758,91.71276852061139,92.92093807026373,100.0
17.973065408471506,41.52110138830289,33.36327761574378,32.10188699637033,272.76499255300064,59.51566952983888,30.83396580170014,57.725159028664294,24.54275623729584,35.91182501325954,61.098788834959606,26.11137540239821,52.899504115137894
84.00346974282428,22.90462313523698,53.89101771205953,47.344161778271896,312.3327854465033,37.65132239176415,21.90205903092673,50.36990765808749,88.35554623536443,35.3961859938528,35.0,44.050648249249925,21.998395002416
12.372018862235548,18.06290211153343,12.471711328012574,15.786548811814276,184.00767896299553,35.0,22.410918099535863,48.62315969706704,47.87872234242383,33.20534251682362,35.932293214601955,16.167343863045527,15.0
82.33886412212811,27.27523527787262,51.536763930021564,49.30068681557482,315.8913555251327,58.96601055892031,24.611263120882374,44.187730292177136,30.1430589218417,39.43806582456599,61.893579863224765,44.91205013896031,56.39407790789483
57.194732632848456,58.86571164733254,56.01861860367287,58.1973200415389,377.0337821227697,51.55477660323585,18.40111013567443,47.952312269747786,62.94671173924363,38.49565595541551,46.95975344363173,55.34710007945385,41.847145507386514
93.59075824163892,86.32320849552214,92.30858886542174,89.23022839396886,519.3199335302718,68.83226421243509,21.923011553213918,53.51162583865378,86.53975750416173,45.204022279452616,65.21779721354012,95.85570867449296,74.96702722561207
96.00793589595999,43.78155454272339,71.81119622013613,64.67210708401804,378.45288715821664,65.26872870057427,29.812230948715325,63.038801975827354,48.70297138925021,40.416825199051665,67.0302350301646,66.26131187164256,73.17775379175764
20.605921901700313,36.83531594608867,30.96082744048561,30.343558328333327,259.21330415795103,47.56689121573979,34.26194263233009,49.43187936038015,70.77184531741344,33.05296866980659,45.97529751532469,32.96789138097666,31.163540927192916
38.7437797047274,85.8969931707054,62.30389494581347,67.0357077843142,427.13118863014023,79.55235080885784,27.252420370761207,38.99689121830527,20.401947846919708,44.23803861956951,84.78350085726109,71.23566861616612,99.6845575482495
75.165478361056,16.645890787627565,42.36592456451842,40.05372581699894,270.0060854110214,49.34390858520235,25.62567466312296,41.3384431549625,41.51937064533618,38.08179072216208,49.58639441696217,43.68998884895928,43.04236664729219
24.86929448574412,16.58777913277458,18.618388771738452,19.900385273962396,196.06561968230517,41.17634441610752,28.516403318126716,58.87152804398301,45.48055761780506,32.288084372256755,41.811793421251366,17.929823398716724,26.63563669465319
62.769589404090176,73.5347010294021,64.60615467413032,69.22865637927733,426.6149560440875,54.52743818396847,22.05569890707678,57.773637786380725,85.45478630452622,39.51926446230458,49.6387160088507,69.31346712705232,46.229511367602356
38.37315061798393,57.89967347064249,51.92585967949886,50.08906432957906,344.6277754500258,59.858604769657575,21.74067870552856,40.00405221112505,32.977982460400696,39.15174628872118,65.10428081934265,63.60844029252519,71.32000412742346
51.4881579975102,39.28645436184493,43.50841340934191,44.16713581611104,318.9438765661409,52.1461284531112,22.946821755891143,48.091797782895256,46.27560515873512,36.359436776557764,51.97780629437917,38.99864175207454,40.820121986722306
45.77951607699121,79.59511311328862,64.35892198981317,66.06887429876966,415.36503329412244,64.32101015351036,27.56958764204171,57.28726538146408,67.47821926067923,41.53696083722691,62.758437630101575,66.07381259456471,66.69367888495042
31.322839533292658,84.65476392640855,57.83327656425666,63.32199416916219,418.5418143906104,66.10800709803557,31.499394739104375,61.85945765214093,74.90465728020058,38.53354043956126,63.92151259650098,55.11695318817257,67.78728683115096
91.0779692628331,32.146008454263594,59.52868980650061,55.71879277769139,346.5683318569991,57.127755859803585,30.76467213109271,48.41722124685528,67.54185424193017,38.66488496862857,55.99660191658576,53.526863904262036,54.3716960368768
49.345803858396856,38.76778835903903,40.165150700113166,42.99899455878216,311.7527115455289,53.02895371615895,23.574957203611795,45.71928408224151,45.20046223241092,37.83869914758856,53.72061386466253,46.38939425570765,49.90375101491863
68.35297908397487,74.14089827414705,69.62227733248001,71.82573059807818,429.817778163141,70.95567052144352,33.20931725095586,55.31347915344779,68.60828066572185,40.548608339167366,71.31813720250547,77.59654450018546,80.45621314987345
63.68601379093635,13.38807257233929,40.706496750583646,33.50724905977812,243.57067711773206,35.995051124844956,24.98169891848812,59.52338006975904,72.15117473812514,31.623671601533445,35.0,37.182244053610376,16.259306952146893
95.26746727429229,68.31825234476757,79.58783925847038,79.09793831657745,456.5118404568237,77.72648464535166,34.60305944619395,41.7215723609705,62.1146804790832,44.034187226047365,78.21793045031026,77.22415347174524,92.85540088001234
34.503115124878136,34.20273145035715,34.66197646787607,34.32288492016554,264.00462834352766,57.585108548972734,31.783768240202015,37.07014517601206,27.093086465623724,36.75249300089559,61.34725706640925,44.31719888692023,56.91743687456006
73.5192620379431,94.81736981366511,86.19678460371712,86.29812670337631,500.1161252406989,84.22637353437837,33.90386185289485,46.76400297659202,55.564202069518466,46.22675665866385,85.34480761182884,84.7706501320431,100.0
80.16903297977588,78.9036806980976,77.9068539465131,79.40982161076892,472.62938382011527,73.78935149491528,29.965850062614145,51.87534248314299,65.04487867037525,44.56438901390232,72.99763890963665,81.67067534722581,88.97230692115957
48.58424068764439,86.53993047158026,63.74789928730127,71.35765455800592,441.1457991452606,68.6524183517705,20.06385949732669,36.06023133829177,40.67577482569607,46.398527107884334,68.73998319727464,67.39888877215307,75.34931678490548
35.68170206452095,85.47872985742687,64.5607870039062,65.5599187402645,426.1697731253085,56.830561025367274,23.2598187072766,55.20593779697468,83.36361547014641,38.439493857094384,51.82368009717599,65.76468328864559,47.23813100844779
85.7522709451352,47.527206607143626,65.35234951057072,62.81723234234026,386.23401254666004,56.92658290552838,21.729826853835483,41.89680471704237,59.021654815362844,40.73514964467057,54.99412688141555,62.973689760394144,53.93506584833146
30.71871821589506,63.36806715132646,49.89044315931429,50.3083275771539,349.97895156434055,68.94430153447018,33.84632589422799,62.08935587388659,35.610042306410705,39.25488801406182,73.53436421426424,51.886189571455986,82.289005905985
44.368192911752466,66.22108576125652,58.873581940591286,57.47992862145489,373.30970930068577,57.47868689741285,20.046985465179745,36.00171712486927,47.28749808801076,40.213098357990674,58.692644904653335,65.6171234675947,56.22103270915862
82.76533618284716,85.63190368817541,82.06074764985811,84.4852766860441,488.94595547452525,84.21795599769386,32.0269783054715,37.38224732893295,44.43850852930534,46.82508061674872,84.92910152260266,79.3545091014426,99.71099132728735
76.3979117766673,84.78073517973884,84.42320421849246,81.42760581851022,472.4436500922622,68.32087725571841,21.683597419481877,57.69889527152593,60.54490295417464,44.381200139587946,64.88290078568023,78.73058524631497,71.48399944682428
75.1038374261625,69.76485668897836,70.14064240116187,71.90044898385202,431.4349034154289,67.28667497708473,26.723083567692782,54.135325396631806,60.717123601746614,42.85267873233361,65.17731341556019,77.7174067974766,72.04471298122778
57.637046824023,89.03069161515334,74.39650372402505,76.47323369870121,470.9806121072178,74.35724260173619,28.157213273423203,54.290530472420066,63.376237133613515,41.86147853180847,72.96109517757057,76.00829728357995,82.75041193942744
80.5002063302913,34.277995890594,55.44080344489253,52.76688006647292,332.40779258806697,58.01168164563419,28.47447564893463,59.449981695368,53.919575755643045,38.812143116736934,59.42005839391731,59.63511792497757,56.979737887666005
45.94692227996622,18.73326709623324,30.485697584805486,29.618729169726436,232.18286293958403,38.83869374410864,32.90822291271027,53.235485869712036,81.1263873402688,32.11222723973027,37.15462690939583,32.38134533405874,18.289250039912016
72.39430478160004,95.29320010712395,87.69021187228203,86.13364197691439,509.0777313853362,63.97203046772071,21.291174121832743,38.5762673424187,90.9532733210319,43.40885012708865,58.68358333235395,82.88539764701639,66.57347025965544
17.72065046551848,40.14864281191035,26.1340921550345,31.1774458733536,266.4476912442645,35.0,26.11092153851629,35.12825373981473,93.1782924712931,30.803113293992507,35.0,28.399562038962575,16.599508476998853
66.48610031177327,42.813802645329254,57.83657896594208,52.28272171190686,347.4633243234001,43.45128633333787,21.874308628208894,54.312169837997615,89.1798873719301,36.35365130066675,37.99638503940498,51.01078217639188,23.947638441056235
62.36848648615311,34.52446756809964,52.1068106702395,45.662075135321025,310.11008522207885,49.18004808904071,25.772916897450205,56.048062804103516,59.31872985064056,36.82874200927445,49.452429667434366,50.72869240991962,39.91343724474777
21.239893686835387,82.6540986344777,55.48098305850618,58.08841665542078,393.0070386830223,65.21570760958062,30.386917216129046,47.32290319672267,57.670020413914955,41.511755553545015,65.44154316967558,65.71995458992325,69.90733839665978
39.90292320362709,67.35416539316242,49.846371597089544,56.373668517348285,378.70504095644696,66.02014511549149,22.818518070713743,55.084530824242165,30.618601393479068,42.89596537760302,70.48135266425794,61.858935629723675,77.81774156841718
89.77202433317981,23.482169860474663,55.70368866806924,49.998111649556726,309.64299511382745,43.348350839570344,25.977621388169794,57.59250379019617,79.24795335242086,36.6557061610951,40.79700455357816,50.83673189774652,28.554073164475817
30.205904973734892,38.458146042232656,36.30664291168834,35.157249614833546,282.00423122490565,53.738948488320425,33.50743889642385,46.643560721611266,58.59490429057184,34.91657241689954,55.0889651099915,38.23866417646958,47.824975724763284
48.10213141305973,12.077142771927592,26.57034391443994,26.48713822838045,228.57357063440855,35.0,24.32421149948149,61.04346719670441,75.07048504068999,29.908251653656343,35.0,24.50123884120781,15.0
64.97669778682072,87.67188787531667,75.97307593820422,78.59381183991829,479.2450420077819,77.99840290061216,31.31041626761076,47.436155385537745,57.57351225746771,45.48669766438386,78.71699713472177,79.88307375450951,95.29794274416848
50.161140205819166,75.54559748305019,60.09963322794961,65.39181457215778,411.23713961393776,64.78999528024138,19.697583016024435,60.954319443134096,42.22197408271245,43.78634619692437,64.31573814130044,61.63697608314163,67.16321129473926
74.84737702000461,74.8675627234504,70.92549500565515,74.85948844207209,443.8006867364249,61.246238312275025,26.362444749302746,47.60104119989846,88.89301099134572,40.7966100559583,57.37152920260304,77.49822798902956,61.91312889887898
19.229166174712088,62.16658755857073,37.839479745276215,44.991619005027275,327.65551850597427,65.93128558728006,28.600611904843557,56.786771140816725,22.938783650843813,40.18682841332795,70.35021350370589,47.66054970962748,70.78364146848817
72.81812064438473,14.737228353922255,45.85981670974519,37.969585270107245,270.0088197536066,42.70036942312648,32.16486254062045,41.5418771856221,82.49552631598388,32.13191055521476,40.105022750030464,39.49250363550802,25.75043116705484
68.41413018166526,93.8336304258617,84.7401997001302,83.66583032818312,499.4418276303755,70.46485845991518,18.096476918496048,45.76993749708843,58.48561349354497,45.72435261875055,67.42431384128844,78.73978093507931,74.77669614399426
83.313628732928,83.36331488490943,81.54143760189208,83.34344042411686,491.3387980484706,86.12133778259444,29.424635438203573,49.205718949098845,35.109121450927205,49.081399900807874,88.51500111131978,85.97635531993194,100.0
29.609854461290276,97.99911538179319,61.0316323017571,70.64341101359202,454.72934979155747,74.56050948401703,29.172000589649134,47.568586857975816,55.62782815777899,44.65496455725647,74.07870252833729,72.24958839306413,84.16287184652641
10.645711019635847,21.122207015513176,19.533435557386554,16.931608617162244,203.13329229402123,39.47264570460432,34.44097756767421,36.07126129124516,71.01653028939793,28.22080557823753,37.61580956085386,12.964565361998154,15.0
68.04250688472003,68.57755359672734,69.9500900336897,68.3635349119244,430.82007013586485,58.67334287606651,24.57386106910589,48.959464234553025,80.34587757690056,40.92578756655887,55.519080996724945,70.96749990417459,54.71502390000404
32.25099975847002,21.26178262427487,28.026035533184654,25.65746947795293,223.89855443273564,36.32541065216674,18.32213564086176,47.55259351301983,43.282474398372884,33.45646305866578,38.48735597600923,31.01518932880609,20.543945017721427
51.58615205580635,28.99388473430383,42.33306870584035,38.03079166290484,272.9214732981862,43.18729793854944,26.34925912694823,47.639665951623336,69.37256588033024,36.48745477523928,41.45305014491235,41.678227442438306,26.14000992168292
81.42390815689419,56.12689885797816,68.39968005428203,66.24570257754456,407.59855741315704,64.50781865068306,28.23272419431852,64.12142163264004,63.798098921620024,41.334101958719216,64.86138065815713,68.46922238868453,69.83454000990237
64.41880262944025,43.845387101774044,55.662703081709516,52.07475331284053,345.7346095471913,44.246854876690804,18.23540980360849,49.01987890357499,75.71777021617996,37.39518994241504,40.625795270485355,52.40628870848771,28.971648369705036
35.774459849942204,18.198912125000547,26.426780396704153,25.22913121497721,226.21818257139674,35.0,23.934593438601844,42.26843480353877,70.40440185391168,31.42655711840706,35.0,28.77132221204863,16.839160188208083
49.56992375096133,87.50166749115976,71.56586345946053,72.3289699950804,447.260457632978,67.79810501444857,19.559536613938423,40.02747449972058,47.525130659816284,44.367362765184346,66.62767849726133,62.474982418614445,68.11292480642406
92.52111856329053,68.0292573180366,77.54370977621836,77.82600181613817,456.19039065207926,75.81254427725506,27.21222378503871,61.12100332695262,46.27272914097308,45.111684508499266,78.52138087526318,86.82164435875745,94.63721100046837
20.707126584341022,38.0536003342552,30.673378351557233,31.115010834289528,255.60520328269,37.55891201274937,23.25031120357869,56.09019448505936,68.81039318951255,31.704629605221644,35.0,28.406366903905777,15.0
50.41059251994852,19.731867273538832,39.02040564009221,32.003357372102705,244.30497157948082,35.665413219539296,31.282314683286273,59.89516535069675,94.58479774220011,31.18856767389566,35.0,28.446804828078477,17.095642736849822
27.96311305036135,81.01334554157722,50.78637907807761,59.79325254509088,406.1909320781401,67.7232675837959,18.452969949785746,54.70486436409051,25.907713543617596,42.08680055367988,71.51362475123567,69.00236518146657,75.90018265875942
90.54184771777007,14.417457509255472,54.96829096339816,44.867213592661315,284.3613749123549,35.0,20.155512353723502,38.57957311667633,94.55767124080447,33.026918568447265,35.0,51.16095187976974,18.057368606286857
48.171121453745386,78.69800040526206,65.68066303149095,66.4872488246554,416.9232719363873,70.80037615084703,20.97441587814269,62.61682106301049,23.299927291873292,45.70215446113467,72.8832555960428,64.71522390795327,80.08964144968046
52.30023919857371,36.56321027034744,43.768813876943604,42.85802184163795,306.8391559159482,39.83436299840902,21.567042611128187,45.708547085422595,78.69218677195053,35.70843766321559,37.655409249087654,48.6951622118419,20.75504085843159
10.021585565055389,81.45357052195705,48.31864648603553,52.88077653919638,379.4857419865599,46.95763470120975,19.301875833249433,52.556668625241386,81.57655034537055,36.66632009142623,43.894761242062124,55.45637418474209,35.3557220499809
14.30055636622177,63.12865832730548,39.859997709478364,43.597417542871995,329.5009706031492,64.62702322018642,29.050572632029827,53.941259228124636,29.78029137352618,38.148755657345404,67.35054500787683,37.73548571394521,67.1050655327808
32.940856237474016,51.20468705685316,45.349767882461045,43.899154729101504,317.5327622794456,64.16181405253685,28.707351006951527,36.06052463122083,25.83500849915741,37.91624565368301,68.9324312504218,55.74024987542145,71.00514739553941
75.7645620237516,25.126445567499527,48.41744399618781,45.381692150000355,302.09387705940134,52.00678217289226,23.634447173248425,52.56176633109933,45.33804643061357,37.92873510198656,53.552409679062286,46.405171445684225,48.497471461531326
79.13175139665697,59.039043232768535,65.974013031119,67.0761264983239,414.8968923893181,76.18286111905238,30.92994790151812,59.609017858478765,34.28220975423214,43.100639260152555,80.0200891130738,77.09961954504581,94.35429053298574
43.91359428818833,26.212076336033636,33.18093701637287,33.292683516895515,264.95107442081934,47.68298844223501,32.53178965739378,35.68717599791552,62.44227225162503,32.47324764183608,49.12143160689004,38.46617522928568,38.07640856726618
85.66305841742457,24.848607956104566,53.253564495844586,49.174388140632566,309.5967266232003,62.323116233315865,31.558133429891903,41.86025355159857,31.663343206872174,40.777740684741616,65.74644058802639,55.94812186889176,68.21272393421245
30.504435422028436,82.17620526383352,56.35488126981338,61.50749732711149,411.13852173030295,53.32961010533536,25.696842671673565,42.131540780623766,92.78021005121802,38.37182286136868,46.17045967699024,53.00119697944719,37.079186904550205
40.989014236885474,77.84606985870313,57.08559043291602,63.103247609976066,411.2798445349612,64.52661813209727,29.896497016121884,54.61916977132299,72.98064802066254,40.87106098865678,63.563093893906114,64.45421821637264,65.78260286883767
11.919021501329397,35.65006373577221,20.173788874543853,26.15764684199508,245.71165881891685,35.0,19.713436302437533,60.37120590956139,68.49437628426949,30.390393806711785,35.0,28.118236419766017,15.0
38.91946273176423,52.70399614526217,48.748543446016164,47.190182779862994,327.0890419611077,58.071361735776975,19.71638479110042,60.9390911888315,21.97173866605422,42.26808920726178,61.186891830430724,54.307372397084166,60.406736337910644
89.3984373051483,76.73542388121201,86.46017528604443,81.80062925078653,479.53518543016435,71.50257696899403,21.139794204619545,44.24801008958748,56.5136431327605,45.90407980599302,70.96215543406907,89.36842530574799,83.31925415149675
74.45311628178163,36.12491214760045,53.96088796081905,51.456193801272924,324.68489190002424,69.38957002033187,34.51387060383831,59.40357725692353,27.043846844466536,43.15489007137782,75.9552680591431,56.7861609811014,81.05322836106794
19.366167245573735,53.51235264020605,35.980682939243025,39.853878482353124,300.6046491381077,51.80137741430672,23.104587209480638,64.01355063484948,41.6486364507452,36.289666885931716,54.482678707714925,45.86824028848671,50.91017446667698
89.62698495841138,63.59581097661771,73.02985279559203,74.00828056933517,435.23937494800344,72.21113810611173,19.261860969763728,57.45613588053754,24.762910196124892,45.043713176504454,72.1734379580074,71.37215001631203,79.2250679412097
50.778904901328,73.47828452979778,61.08274529920722,64.39853267840986,411.5723544491262,60.4394114054396,23.15727737798845,45.60882485271448,66.03492192815605,40.84686204154577,59.82782349198936,71.18929613415155,61.617752995466525
68.95747870328267,29.69071105267235,48.411531173427605,45.39741811291648,309.68009892887136,42.8523854972796,18.490896577517518,48.10914300901825,64.91374522295877,38.663834494917715,37.66740688099118,30.860233717813315,15.587552508160865
14.964464794088034,31.427142918784835,25.394650800981154,24.842071668906115,227.03945258859676,35.0,22.38073892217726,63.32127505207424,81.78918503693436,32.04943181480025,35.0,22.251349065334217,15.0
37.38133888779345,84.22959646504489,60.51858129541304,65.49029343414432,414.35468556210645,53.93538628696306,22.674414923244562,41.858631740883354,86.56091636084626,40.07274364920005,51.85361214063453,69.66665547368756,50.391163333862664
76.42904811638698,59.340238819004384,71.39092678891657,66.17576253795743,415.2416196048579,64.0517475001651,34.92081938234999,55.081733302659345,89.94653500669088,38.98086373904719,61.53941960274268,64.51286700352946,62.51736465081311
77.52139409823218,30.726810508367798,53.95027882190777,49.444643944313555,323.8901569659165,51.15054193891673,28.26559556144388,63.071766451363956,69.61197653107382,38.45405880957229,48.171468227925835,44.72000045774954,39.90173769618261
28.469235106853453,92.4424843394593,62.00370673401541,66.85318464641696,438.055963739833,67.28662436815456,25.94401905668365,46.300917778805314,61.67683958589791,40.25581885302657,66.11718857090113,76.38459772705268,74.10941611702434
67.39088318407461,88.65153852385362,78.47164174571742,80.14727638794201,481.98998346822395,67.842777905771,19.187228202862684,38.99791168653247,63.47528263981547,44.13722967399412,66.4287575131354,80.76389837608495,75.06393631646729
95.56518770468163,23.139531475812163,58.51098160349191,52.109793967359956,329.4065039679062,44.56971211938806,23.193308841805944,43.010970131644854,81.03039204716275,38.90323718528114,39.20171126638477,38.75929407219315,19.417342231580637
54.25414899713879,28.107321497101264,44.410670841594644,38.566052497116274,286.414346217765,55.99153708107595,29.57661618578474,63.497749129234194,41.32957489346285,35.50280320146301,59.883911672597314,49.43560825554407,55.61588573529949
34.42285773052638,91.43738347272318,62.54077030770066,68.63157317584447,448.19283718078964,57.715539454982036,23.084378449327648,46.62087751464054,91.03393911853104,38.62148877292984,53.42509552386541,75.33940058574898,53.61586207043359
71.50607116238317,46.22444491554822,55.3335119531687,56.337095414282196,363.89534465056136,55.453858339911584,26.55437157064471,35.339260600403016,65.94919214212797,40.79774970988699,54.22821611013921,51.07292106100987,50.352305262274776
16.22808297234688,12.012775776612582,13.833996307639309,13.698898654906301,184.74998952364004,35.0,20.732229971688582,60.09911816644769,69.24329415676971,28.802987322691756,35.0,25.490353359236995,15.0
21.791198386639163,38.74010792104999,29.415238858305774,31.960544107285656,274.8457040516411,51.27128358107119,24.72922574886723,49.88832977172206,38.418752620539976,33.95832004898595,52.94298710423694,31.669740624770235,40.352755005089676
97.94813173138405,22.323349050201152,59.5272850703112,52.573262122674315,332.73089626121805,56.35922536434631,18.54723254744946,55.69348253420134,26.02800034180996,40.42995820873646,58.0996589523251,53.05614803242852,53.30289937712168
20.477521547904132,76.59286973755431,49.34762483987736,54.14673046169423,373.48686634710833,48.100701204133685,20.916774043973312,52.803552175116806,78.3947959630533,36.89028615999725,43.21842380015898,45.539202226996494,29.11017278543526
97.0404812162092,11.19048530738111,52.56471175885196,45.53048367091235,284.1025468701662,35.98047480733989,23.37793789197155,47.17743029382264,89.06465689596912,33.2137770535431,35.0,51.67883530286113,19.278970196077005
93.26611785490581,17.363331645672442,56.09619277055918,47.724446129365795,313.2520266409251,38.7100899095477,19.356086561753298,51.61680165248039,81.82174066433392,37.89893772989694,35.0,47.80740572618794,17.315195089305842
72.10747569907227,72.29697507731095,75.03630888493646,72.22117532601547,429.5814124858943,52.966865255320336,19.843137372062365,54.218513726766744,91.54108220736408,40.42872655081126,48.59579774708115,75.01753033975291,44.1325532884365
79.81568107682784,53.46488433898173,63.7772990032318,64.00520303412017,400.8806800185479,66.9110971375334,23.757253086020032,55.965776915896825,41.794562037470556,42.73786470720399,68.89460907743059,69.4867725953735,74.17851376252895
90.61024570297143,94.16675575454475,90.2453724317963,92.74415173391543,522.0920504700275,84.56314306624897,30.314851005404144,36.25920704828712,56.39292267727357,49.077700474452236,83.59510080658464,92.45946817717513,100.0
73.49117522607375,39.927485289963826,54.21720045935973,53.352961264407796,339.1254933818312,55.25656933854595,27.064019093925012,43.40660460832111,60.64735905695758,39.717030463117815,55.477206376598616,56.880139998112085,51.08408783572133
69.1965562841276,11.068456869814895,36.60348397768925,34.31969663553998,255.33066342100344,53.00691957496257,24.522966292583064,39.38311998726998,23.329741937722495,36.321547267490715,57.880452601523196,35.386927015485966,50.97858708388604
73.85677656869872,35.15601184702261,55.21824895657423,50.636317735693055,323.28509821206995,57.806120866201816,24.87621346836218,35.997209749598305,36.247106568701035,38.539695894047085,59.8049028688908,53.52013291972153,60.20971299801429
83.18428708752862,68.42834981952097,75.88255402657141,74.33072472672403,437.07112273704985,70.6966528710747,33.67665357835059,36.626024265260995,71.66847632741116,43.10424090492387,67.96425982159748,72.29910358687897,74.71035281050426
44.065165936460815,11.666627586727836,31.40949671935439,24.62604292662103,214.57485844156332,35.18464840051915,24.870784966060885,62.23413834342183,59.49488226251099,32.92283702987766,35.17328307946976,26.410409493210487,15.0
59.16719175349749,32.70535645293847,42.185721016296085,43.290090573162075,298.73464669481564,48.74332719478774,27.734045539095785,36.2783986511249,65.73444329683672,36.35871977082117,45.65417405059778,31.869044026730737,27.54875959789422
56.41880133398955,59.152515279656676,54.50124429422188,58.05902970138983,379.5572220870957,72.36667380034797,28.7861854306232,58.084018239033924,26.799387024437827,41.81806975996548,76.59757743308498,60.309608905965824,83.3179826413873
15.194350552197223,39.808908213406866,30.275318361462197,29.96308514892301,265.2000589144715,43.24567083995449,28.960932158860494,61.11375249875303,73.19521581291502,32.813761888573076,43.247180585887264,34.14877683751361,30.11794790265476
36.02240041323937,10.82054388477034,20.995396328463734,20.90128649615795,196.09141633283207,35.0,23.422894160942224,59.77636032375365,68.86472640237557,29.765027273899555,35.36448949958411,19.933189237687436,15.427178900530528
41.86587192631685,86.95085646916009,62.95498262858481,68.91686265202279,429.5441859360039,60.73859613907013,23.146392897523064,56.46060638803657,69.31864151024966,40.36828707683935,60.362914362797405,75.26976567829942,66.42466433905926
96.08205793439268,28.30242488699619,62.80879113634266,55.414278105954786,332.240267671113,64.89001348632664,30.121924732446885,47.42846340689953,34.49519201773737,42.440413508948566,68.2117641926438,53.40062371138618,67.68710260189066
79.82091839259971,58.59956220011073,69.85623050681107,67.08810467710633,414.39399103272916,65.31308858974074,26.990337361718908,53.33463470678902,58.71630049824194,43.583911922574856,63.87019920991011,64.08458400060287,66.14365606652174
40.614666797549454,97.3400358207569,72.39177824067146,74.64988821147392,476.0513798604069,72.89004436936855,20.419082944897777,61.737554394444984,44.65321995405886,42.901344891046996,73.31760335051139,80.83107174201777,85.23050512139574
57.31563028493456,82.9322589917291,69.14515224504538,72.68560750901128,445.06689035650993,77.43731690776463,23.759777143921518,62.69283337651076,23.656857409264934,45.87858962721311,77.75724070944013,64.2375734073199,87.23565606788459
66.75079610654177,21.96214529301323,47.98827641242185,39.877605618424646,282.989395646185,52.974539616271855,28.646364415451394,48.01320204981417,45.67120344997417,35.970082678035,54.36801412082727,41.446158518231705,47.76682438275242
87.71780620226077,23.241091843405222,58.9684571898874,49.03177758694744,312.1169984656965,44.782119088338554,24.455362597086875,48.88526771102985,73.86832024607376,37.75613918419867,41.5627347991162,46.571312768786456,26.921832320262133
59.16799964786683,59.6886792960461,61.10753785377945,59.48040743677439,386.2209561335863,68.03277074956418,21.99858231160541,58.105614533144745,21.470267603471154,44.23271576623955,70.1398160320651,52.91886007682654,76.92777533959887
48.478396060112104,71.46930868876719,56.26481904441751,62.27294363730515,395.82745055882384,67.5859541772058,28.479482421950117,60.416462198924535,48.583072770883774,40.84844766907065,68.82186610538473,56.20700445336195,72.41627078440918
13.152475706211481,29.851801968850943,21.10731508487373,23.172071463795156,231.25540922508196,39.2215491745446,21.73578814447401,64.28772319152263,43.891869364106256,33.71642700034879,40.75549644423462,28.464654415539105,23.87550836787415
27.200304378012156,93.05806552034602,58.65590305955833,66.71496106341247,438.46403801216405,65.36278350455464,31.922597406282197,57.22743383711543,88.81870880223809,41.02889377113453,60.64258123805075,63.87393319237168,64.64358390991697
57.04524480090241,16.579624474908726,39.54519645230862,32.7658726053062,260.4383280794548,54.08636238744495,24.89378634504871,41.74437445096538,21.448531622156565,36.441805587769174,59.8268385094999,36.727940281730916,54.92124442862038
34.321512257351635,60.72083648615688,49.24316177980044,50.161106794634776,355.9110385123182,60.75067886410798,25.692497463939674,57.43571656756882,42.633722880488726,38.47693265146919,61.50803949662475,48.49714886351563,61.21622291056983
67.01687615009203,16.54628877774272,40.08090740056234,36.73452372668245,266.8724697318094,37.27976920244533,23.415386337552746,47.5396407256662,73.4608067836823,32.241797995002074,35.0,30.212864982122603,15.921799168162114
56.383795472048305,75.3101479491973,62.226551509503196,67.7396069583377,418.9311561805276,74.59729543219022,32.14651238484311,60.85971839533643,47.97131904806015,42.56445440559656,75.18366658099764,64.43033148651925,82.54952314738365
14.594014444368646,52.60254262381556,35.51833863627433,37.39913135203679,296.99380985599413,37.58736174876385,19.22222078874662,48.20448894037875,73.16784560321246,32.60676786515185,35.0,30.22368071279787,15.0
92.260709635141,61.73958073283714,75.29874837923624,73.94803229375869,439.7001154261,72.54176799230973,24.37379387310859,38.9634693313703,37.79241723826853,45.81616286340293,72.74281025633876,69.61592444434692,82.7629080920126
82.67188867438408,73.71212811771903,79.35783092245566,77.29603234038505,465.5644543559187,68.33474246029878,18.992670467213046,40.02449257928722,51.080514175289906,44.40849255487699,66.1710231411673,72.20745053790895,71.53995211656472
54.80900577629767,92.59667464212264,72.8385959080095,77.48160709579265,463.87818954094223,81.88005802394122,30.004844829121918,43.73314716581525,38.382125547866906,45.27241552003689,85.4743815734508,79.19298280309553,100.0
20.939134791680747,93.06379329293232,58.10657923405709,64.21392989243168,416.1606746442172,57.09377631474785,29.260240618173572,48.41460272580524,92.94184722851895,39.96799209727908,51.63906664783367,58.68051976830639,50.73943883207895
26.45997440295368,72.18785175236548,49.703013707213536,53.896700812600756,362.3858819026865,68.80710116936181,28.99199515899004,54.04961269587322,30.806387078859697,40.788714120450166,71.1102366447908,54.27015723376217,72.51778038271591
35.40268083479863,82.0292464306746,55.262251502547976,63.37862019232422,409.39226705956276,61.26582175575813,18.664964839667505,35.41670404898804,46.503491519915094,41.00231177049785,62.09941860977086,71.84854336121194,66.85005347699916
78.66053630935848,70.07950546002635,72.98158508581909,73.5119177997592,441.63763135067995,60.40017330290923,25.555405366167157,38.85185946492996,88.03889913006317,41.40798185588501,55.37317430807035,71.28252111862507,56.28531737860029
56.4614928631362,19.271848453212616,34.95160360651854,34.14770621718205,264.62019739319084,61.08402841656741,33.79623232099861,40.9842705533197,20.83531823541298,37.16948152955012,66.19265296411152,35.07157405861333,65.65242058840295
66.48374853114575,46.622153976152255,55.317011629748855,54.56679179814965,348.1821819157822,62.565784379046136,31.099053299648475,55.86642753246588,47.054673837206465,39.524784825813136,63.6559156459464,55.41573065764812,58.8002928353868
82.82019719054594,54.84694019185335,67.9095173424582,66.03624299133038,394.83315387277173,76.70537551860409,31.951696139648526,52.28744750363563,26.934497444206798,44.96880725454445,82.4376908033433,69.13793587505089,97.25684543696319
14.979994588990582,59.862735495102996,39.46408486889058,41.90963913265803,318.7001322632134,60.91886416576455,28.09035152157373,61.96844556743133,34.857467902339955,36.82450920720522,63.877572519270274,43.52259380397358,63.78841301382873
71.65845010364954,17.776545515704377,46.81384587275686,39.329307350882445,269.39393666674687,45.194916189849636,22.022358824046538,46.83951880995994,43.59252997447527,36.451652172447766,47.317024468421195,41.55187781416564,36.048382245065646
85.87776849178589,83.01814174739002,83.77961687154887,84.16199244514837,494.00621582372327,70.51479137061932,22.89414315961861,36.66687418152854,70.697864404345,45.45499384453067,67.18830617627502,78.78395120711835,76.20441586566834
81.06965351508035,78.89553371346763,78.36550951207468,79.76518163411272,461.76214035062094,74.33402984859093,21.000574954522943,37.78587002939752,38.25593240601023,46.325994459127955,76.51121674704238,84.80210227390165,92.29122985718058
12.121887640208687,40.38363891752926,27.711550690745135,29.078938406601033,249.57166733456853,49.64481107555583,31.61849345027045,62.43721039962781,46.55783349783691,35.496112017080605,50.99967872068926,31.40954650285035,41.174230462505776
52.00803414580989,70.06682011430311,63.22783351636681,62.84330572690582,411.6189898890383,65.87669501097314,33.10689753632629,58.83602607698374,72.10681375357797,40.35360434136251,66.1271509161296,69.68045359821147,70.81056764714214
80.6915362742354,64.6868444116293,72.19991140466158,71.08872115667174,418.1895246897938,63.36079263680693,23.562008022985246,47.61918972695953,56.43622146300654,44.841919331672095,60.73468151140708,59.710237002032464,58.48335419366188
58.91697288075088,30.132313156524546,45.61514573924774,41.64617704621509,302.7808913892725,58.44231083932171,31.36537580619548,43.194910712571655,42.26439687245053,36.05816001273253,60.52281616820532,41.91510267563144,54.45248760166295
72.33454299584668,76.8551233734251,71.07106704262132,75.04689122239373,448.45202506412153,70.86075949829588,22.898920031306375,38.12900968962004,47.18534831990043,43.93276863989153,71.7347049810327,74.45155730286814,79.95475905016725
88.7570413206601,23.580931701143214,53.70579595569677,49.65137554894997,309.738973408888,37.169329173357696,23.26455152584912,51.57231340146578,94.09955835547451,36.56881009096121,35.0,51.846668853301836,22.79482162447226
82.39999546976654,75.54420890236224,79.52643120183352,78.28652352932396,465.65051236824917,83.96018445457301,30.680599386369295,38.99432177400213,35.034159597903496,47.17463956424906,86.983674207668,79.7923882437614,100.0
43.31002782476628,92.79633872465219,66.33621141528954,73.00181436469782,456.4594182534782,59.73983786932331,21.1829752734606,50.637987156873315,84.30531270976934,40.53213199101423,53.3017139151165,66.05181861679652,53.163273187443984
25.42883430322336,63.49989289022821,46.10918452655539,48.27146945542627,342.47242406642147,43.8641215190575,18.66595302039724,62.2611357259038,74.80601876356212,35.72190900584087,39.98496882574078,48.114073046879604,31.120569954903765
28.32026926475162,79.13051559036627,52.11628969577209,58.80641706012041,396.6157143522859,66.43178582049629,22.61587783414557,47.7550361896031,35.56359689376727,42.62435517185327,69.3075201042739,72.26518353947532,76.78345665054164
61.48370023673733,46.3290685777099,55.14174309154139,52.39092124132087,354.7184748122021,51.58543693886713,26.988514291519312,58.62135810770299,76.47807472369529,39.094921112490425,46.68894168296123,44.427088771433375,36.41190041640596
43.49953070124921,80.47266716291509,60.42189014500787,65.68341257824873,414.36657073342474,59.721558367951886,27.247483808560993,51.9863613473181,81.93098617005035,39.72398129369242,57.37325335027239,68.08924461974183,54.557136957654016
28.34560454326299,44.30468963157708,39.185464670082844,37.92105559625144,286.2793157204819,63.30280483761576,31.774070869287552,43.48614973542219,22.586728975959026,36.97543219332598,67.48423789863276,42.01674466660153,64.70010813637377
51.79287087458034,45.935271050567145,52.44286293341001,48.27831098017242,326.94911361610616,46.00590507608029,21.11649171782433,45.96778528626734,70.2136780701509,37.79358493147172,44.03696534649904,54.80685549624905,36.04622726843691
50.05436590914849,76.50693994832562,66.61295117355326,65.92591033265477,415.28212941335556,69.10479797809901,25.55550438100893,61.98434811360826,46.886290486881705,42.67484897900046,69.7382134737032,62.80854324720239,73.03543528108904
90.32098566193326,98.90510260230398,96.80507854936215,95.47145582615569,542.5078491058738,79.35087227162211,18.172954907147144,55.924641697938725,49.20208733733385,49.59949917568197,77.89998914660175,88.69751323946961,93.96540579972617
12.036878391270065,73.37979111806035,41.987053701061576,48.84262602734424,358.8130956027198,64.70461385578335,29.478734008173742,35.30714007727986,41.40038713810034,38.18971283698283,66.37788806992205,44.2895450388214,62.36620101537807
61.06057646230903,74.13106535733715,66.24441881940851,68.9028697993259,429.4156005291853,67.09254699898577,32.02253116503356,37.826728554934746,73.30029492809534,40.58718753934559,64.1419075371264,68.08586754558641,68.73922530199353
82.27983775488588,13.817735948265776,44.838010021743,41.202576670913814,279.8033872936187,54.55560129489186,28.012010329308264,56.8965999356824,39.44455461891454,39.27604413094104,57.87258427311785,49.27641825513254,52.592114680265816
38.69781313015066,17.786315376804335,32.153097207517604,26.150914478142866,222.95286266422534,38.074662119860506,28.81030713006722,43.53035305834812,68.99346615169443,31.075330656537805,36.93814893555408,26.372522071476798,18.815039813322358
15.932487188570612,28.56264352127462,25.12245812045122,23.510580988193016,219.92769506056646,38.82573057115383,20.65084563723634,51.32009971266562,40.56330797557578,32.81556597913212,38.29455166723305,18.60518707622844,15.0
74.6374761360917,19.14523436653244,47.856261202879864,41.342131074356146,282.877725899773,56.238710257983314,24.90305187589087,41.96863064025024,22.281952115203335,40.70346944460067,60.614675808892066,44.88166166265687,57.422839381344815
59.71914623122758,45.3460743242681,50.67879880853747,51.095303087051896,348.9008264257511,61.34090777869443,29.595305906869427,54.958441797696786,51.96187438589577,40.464211579749474,61.340323042252884,54.685248793593374,60.45225662748864
81.07086197215817,20.931901053853373,51.081017561026684,44.98748542117529,295.4249922210101,35.034324175480094,23.81551370041152,49.320946502414245,94.77673280148088,33.948626891066,35.0,44.906298911361745,19.90517833972878
19.288324030739638,14.46550131386769,13.059962864461134,16.39463040061647,189.2163634595347,35.0,25.254338257847692,40.566362002338586,78.8014290328407,27.819786877187884,35.0,14.430097312085687,15.0
74.10107422697243,53.22553964403894,60.72229061072571,61.57575347721233,376.33722328038465,72.47406562750093,30.331382026517772,42.11244214793815,30.334503097885438,43.11761590514725,74.6423273955557,59.53722629606121,79.93223095354293
83.38155090291316,23.157207716621656,54.203200044059784,47.24694499113826,317.7150378010467,62.137422356276346,32.302153542814224,36.85445701339187,43.99331574212191,37.444360501051136,65.31242110087229,51.905831318763894,64.59295501426016
10.986570045760665,46.664658667795806,32.02111405593597,32.393423218981745,282.00764350369786,44.169596304059446,20.171633167653276,41.13057441585185,50.603549820090024,36.20076730322359,45.05619454444074,29.510956534339293,30.734923317282032
18.465573054602103,52.51206416068672,39.42532492395744,38.89346771825287,293.79505805304143,48.441319236094785,26.82719351979307,43.869477849721235,60.493497264646926,36.01235815697886,48.151271302432335,37.24730855246801,35.95199586117152
79.48045293901947,33.09440595645091,58.81986964005932,51.64882474947834,327.7240671908891,35.0,18.183404436462368,39.6449395458034,93.9262176929126,35.12784901324418,35.0,51.69787489083562,18.989197538765577
13.312763618275147,55.522484342853886,32.12755130447908,38.63859605302239,303.9031460931012,42.72485271771201,20.392991717886744,47.89571687052477,64.84376438009335,33.56098973460989,38.833270099895124,33.43700456429576,24.550802036312508
65.50158298763702,24.140557668494402,43.106744286964336,40.684967796151454,279.97190576084233,50.562682291716634,27.188561284963313,48.83197067628849,44.77203031945625,38.512989725070554,52.739367756689845,49.36739781536128,48.99879454782498
86.14307616359889,16.601125441790423,50.369874484233364,44.41790573051381,289.89422911328677,62.53676104804729,34.883669649834104,64.56646984668876,34.2352968999791,39.55290335150807,65.56865882171485,42.99661045766147,64.05185965189591
21.07051369600647,29.11631344779363,23.240198109888446,25.897993547078762,236.74417279409084,45.18724794819373,23.704318201607258,48.650353576697626,32.4874663326022,34.405476036099174,47.358847513874856,27.199038516872733,33.22528740186699
76.60721191772902,41.11010915009779,58.653839085431756,55.308950257150286,347.8255290350438,64.48095180669469,29.839501608825287,60.336392578241224,41.470263855469106,39.8192185227899,65.93571407992565,57.94368135232189,68.85411154769359
55.17979259291812,20.137608686291443,38.851529718521576,34.15448224894212,257.9973661859063,40.899865339714566,21.69095586389046,45.60152467106532,56.907657922919725,33.32759036999121,38.44767497293982,30.233196319089096,20.824516624837116
82.41187222090443,38.70738885420694,61.334026831261156,56.18918220088594,348.78982383814633,58.31472107675144,30.46790106354832,56.69026925000307,61.403259265431345,38.41306171284671,56.7242704297169,51.067769120406425,55.38410520664896
83.11438464522907,39.599823853909164,59.22582631560403,57.00564817043713,363.55304406340366,75.53082237535257,33.14196846556066,47.30064569936193,22.01781153872254,43.559664157974964,79.29822060955146,51.43413024727946,86.28456577635723
61.7764507254874,43.70500387856435,54.73886590883258,50.93358261733357,336.88848128753955,63.62716326751844,29.50519118045319,50.51351913905456,38.6348453527133,40.54060399963684,65.98351153233072,50.56503004668294,67.68078882583882
19.1367835689785,40.44101174847073,26.86039124970641,31.919320476673835,273.97256620644356,58.854800205320444,32.96582660429837,50.03935099625061,33.995466324652284,34.811089075054895,63.80523223689186,32.65715694944831,58.99916411526078
36.858239110559225,45.81075155716824,37.505383924672984,42.22974657852463,310.8785498299339,46.52440752303594,25.193439862890123,62.592939014403434,68.13397232786036,35.43460442684537,44.76979336286773,44.29212827426541,34.12107998580774
27.911055176997614,84.17035490864045,53.67429754356124,61.66663501598332,404.30124061487726,50.00056580507826,21.26146942882154,39.74448381708566,91.49843719841022,38.65491111220875,43.86608983064504,72.18088512168676,41.15787999131787
15.445458589665524,50.44470312515582,31.245557378136265,36.4450053109597,287.04907516406587,48.21229559726936,21.78048686304458,44.97585079263712,46.48498063575593,35.53420582299865,48.97951569166485,37.05655126589933,36.19034995166279
94.39743637465057,64.1677317375831,76.98601671881501,76.25961359241009,449.6564076894728,71.6141369005803,21.49768509478349,45.18073231015538,37.06701223215137,44.79167487549348,70.67664375363685,66.12077397658516,78.89396872671547
17.600945398005912,17.74187910561688,18.119558463499015,17.685505622572492,207.71973453643324,35.0,20.465381943593258,37.98865342848978,52.8727910301568,31.914312969916583,35.0,14.371485764376073,15.0
13.692002273575348,30.87674422845444,24.752795620834263,24.002847446502802,237.7908086834728,35.0,19.896436342391418,64.2129035003815,72.00161374243316,30.61086956277034,35.0,22.748758608469263,15.0
35.62366969790453,61.62818243657604,51.23368362592404,51.22637734110744,350.9880858750392,51.11660729382295,23.914326189313307,49.04002103243968,68.34166999732597,38.8089344649868,48.41296691930067,42.340837234169655,36.60893854976996
32.609388124514055,47.91937736600473,43.37970106463034,41.795381669408464,310.26539168968804,59.03359430150363,34.411734022684,38.098330558432515,54.513156023820116,36.51024560554579,60.8469835585349,44.36985220973809,58.11625157445143
68.97712556608474,67.09673641785427,71.62916732832797,67.84889207714646,415.6071486447792,70.71312641766762,32.1573163412043,62.645111812768825,56.86544331988977,43.29393110579424,70.45596623101609,69.30561438271724,77.62318278879644
86.81337957289333,17.655618693167565,48.47792741834765,45.31872304505787,299.4014548643801,48.37868447085618,23.628042552113214,47.538131207777454,50.428294149374864,36.282336454001,46.881616854987726,38.38978976303192,35.42344321459057
47.49495128405737,96.50139590372599,74.6122742497609,76.89881805585854,466.19547882932557,68.61653869020124,26.644823537413956,56.90237079485048,72.37945887494092,44.170750671911485,65.160467650919,76.19400037929604,74.15965695937433
16.205940733397455,15.780766633315066,19.715416332597957,15.95083627334802,183.08373299150034,35.0,23.005861888199274,58.02903446468497,50.72578068673812,30.176980938237644,35.007091434835644,24.021408853819416,17.92959922981726
90.8672546415456,35.33823726385589,64.3934032382981,57.54984421493177,347.69592341303706,60.39444703622553,24.668852780288454,57.22979754754921,36.86127054420991,42.071148266365846,61.358576254315764,57.8287217904822,60.01960271371138
90.76431020881653,30.09373138007455,57.388823259719935,54.36196291157134,333.8320297527207,42.812462260502464,20.882731761041313,37.72023951838847,79.83794260840307,37.554747530849895,38.95295520549316,56.03162534672377,28.414662219441638
24.693599892152665,34.38981738146707,27.453440905518637,30.511330385741307,257.3274688851085,37.3993081862905,22.955587107227757,50.48183516559085,70.19700687100917,34.20592727803538,35.0,29.077838153111415,15.0
17.474167515893168,56.91139652516813,35.80713550139301,41.13650492145814,318.7435151761539,43.915134863432804,23.341257719323107,64.36151411167441,76.88923934455312,33.12966482111199,42.20510910862361,42.121078933493365,29.990826381514765
53.806118138970724,53.02648025889701,52.359808092354776,53.33833541092649,349.8684193644364,73.74174524311006,34.08540360360449,44.52790008903116,24.7565993435248,40.4230448000955,79.89296448704637,60.343345693172274,90.89326208314259
58.454006281525565,25.763733017220332,39.294731667262084,38.83984232294243,281.91410718387124,44.412579502621185,24.2307440126565,51.74144723737302,57.385838317839855,36.362690564410336,44.414205703551104,41.151571402306296,29.705401459925806
58.098680149648,97.37970795501148,80.42244108339423,81.66729683286609,490.1687253889541,80.88244400640355,28.479017941583805,38.51868371676416,48.978953222178575,46.98404000981576,80.44133183610518,75.08436990335096,93.16936102036617
82.20215918624804,64.43320658875442,72.29953431109153,71.54078762775187,419.90550517011013,55.473445214862274,21.951120353854407,61.67212776464491,81.3480757921788,41.5305404664675,51.77287422593681,75.7629873690163,55.86658754428299
66.69882598328434,37.358964869754054,54.736873169811,49.09490931516617,330.66720329970684,51.051774272549636,23.60958568327076,59.919983444703234,56.55068981398842,36.97538032316733,51.21283330186839,52.85497954547489,46.13530678968776
22.44100489321959,18.369922761922165,19.165700811664678,19.998355614441135,213.7882362295012,37.54390432412865,34.34951659521329,42.24082564541214,77.157175293629,30.522541079315552,37.91669926366748,25.441573330935185,18.621010383683615
34.29880493427433,89.86518453337102,59.97207798881977,67.63863269373235,426.9206879770144,64.5531022817735,20.71896826047259,60.11008606162755,51.297943927964624,43.964445932870575,65.0870679893304,74.59635311047278,73.94637811658734
18.858270516783215,66.63166258299383,44.365663002304395,47.52230575650958,352.36757871266445,53.838096072638436,21.813506618175314,53.126596402785545,52.49424227669173,37.78645450647289,52.986009978212,45.833460181054434,45.72250050290769
75.97830204464945,44.02836059590795,62.63122397139575,56.808337175404546,351.34802600465434,51.632729249691764,28.621156589563867,61.045281581428654,82.91481732734371,37.35577983216894,49.23575060506054,62.70097985544808,47.67936208499101
16.91429924166711,62.512311473188795,40.11557877718266,44.27310658058012,331.59256730334266,51.24892635547174,29.82590733456503,62.54326910102426,78.92615613320233,34.30454292281106,49.052519409610014,45.187894897543735,38.04965447080749
87.682335125643,18.99986282512645,56.13864020186681,46.47285174533307,308.47457122790513,52.54702997157525,26.564182375264203,44.26692806886212,50.40786710536579,40.066030558344856,52.28794877887578,42.4928631622363,45.44423916688004
36.628715551726394,97.73318028008337,67.1874842606556,73.29139438874057,462.3663505296876,72.92713385757571,18.6173505687075,63.69580248731798,33.06750806633134,45.63206851545819,74.92827917748852,69.57082456320985,82.65508980860596
68.26380358413802,23.73168672237062,45.994438378229454,41.54453346707758,294.35521884221293,51.61947404004366,25.535870220387903,39.9741341247974,43.4912707367518,36.5100139602372,51.52939523686475,45.23496744659947,43.94149293827474
97.38615073492547,95.80711894978745,99.0,96.43873166384265,539.1519514057115,86.440264177299,18.380929140149245,60.006251086485534,24.17901739840349,50.10471190005618,88.38589402213913,92.9546604617243,100.0
78.39005327086495,77.26348601061522,80.35579056792069,77.71411291471512,455.97563090675885,71.57624923215015,30.39117039454574,45.658445077752944,70.01335696762996,41.984123198351625,68.13120171553982,69.12504425429184,74.24116352395178
52.63928615659261,73.81639101795648,62.12359044756052,65.34554907341094,411.3612344270538,79.43038310131315,30.867748589667166,58.40125237510294,21.079907939961466,43.26479006431642,84.11242867126191,72.28009324370932,97.34100257457351
68.82976425816832,83.70403580846327,73.803595892164,77.7543271883453,468.1384077368526,68.07185580680854,24.252876268377612,50.173336251381855,66.55683813375454,45.35580420546365,65.74135240478805,78.8785741318718,71.08300682303106
20.303670727226333,59.742971031788656,38.42708563573306,43.967250909963724,336.0250076930199,50.54783648767518,24.90031392862214,41.36859826295548,67.16367838379583,35.27672048825038,46.02834448066145,42.20170514779652,32.45719055407799
80.05554127172259,29.278557130490366,57.90150764167024,49.58935078698325,327.77131860180265,56.32593105378081,23.663080192136505,40.41807518840415,40.965126838005595,38.96299201373218,56.68753102706614,48.162233182207174,51.4635455379086
83.71529603757514,64.75064721310856,72.05155742605771,72.3365067428952,439.6471126408963,65.85202403217653,31.61210500671424,57.609478469647414,83.57245237892846,41.706834019195924,61.497625108070814,69.89458789511815,63.54725007890864
59.05222587292674,89.16481876855386,74.86037663267889,77.11978161030301,477.35520604634667,69.4822957311819,24.06759528308378,55.854139175824926,68.64991043469809,44.15609449574178,66.49274710779707,74.62204393255696,68.44773985749848
41.68166832292671,79.59656296832715,62.60191795212706,64.43060511016697,423.7319272418615,57.69894472679464,24.723287945177677,51.925385837883795,86.92302855065904,41.196283091605544,51.84015633425353,59.10476478150849,48.41853392238871
12.040369037786341,83.44443371986182,50.46993757475869,54.88280784703163,389.26087339047274,62.99069687647228,22.75869926198674,54.1945357879558,43.71863313614557,40.37932005985901,63.60649447659431,54.18336813364168,60.21941625156404
68.35025784845186,60.24611956479527,67.69001015755109,63.48777487825791,388.7851282475889,61.12711671000448,21.75089427586498,57.99043891493167,47.659012992113254,40.81772457876258,61.70211958672917,68.70232185618237,64.98543789854523
35.662726264335134,82.03860585494782,59.01262259252303,63.48825401870275,404.8961834547545,68.42722145854685,22.793167089669915,54.174219679382645,34.95196021835186,44.480824691524106,70.77207247872227,67.74972127020611,75.32931333332446
68.20346334234968,61.023271684843216,63.29535072104625,63.8953483478458,395.71516262659895,56.85538538945866,24.76957524677973,43.734157024381076,73.26810547706918,40.800961818565355,52.342468688069786,61.07094811422203,46.268867977846334
34.94521228251831,17.627003020978286,24.431745135928303,24.554286725594295,218.9210616027834,42.11438418304051,27.310628106510837,58.21365527234149,49.67766086255237,35.206757834034924,45.24551630927007,31.576845767711276,31.54899336716187
62.818203468155076,55.11695720224264,60.51387531565717,58.19745570860761,372.4853631695414,56.05856774296022,26.905614260940865,46.95056914409769,73.80281700280173,40.40565877786109,52.85561810772684,54.922034737229865,48.89614481463177
88.14170698077709,27.53016117495451,57.3531000892637,51.77477949728354,333.4013110167226,52.01065013821111,28.884742069711933,47.477658140882895,70.89678925552087,37.91450638914727,49.65309783811906,45.99664888470606,36.568119304993786
36.673132094571365,55.89800908388274,47.448063649514154,48.208058288158185,347.5736624287449,60.78639841529849,32.16209632809766,56.514496492514326,55.92251837593598,37.700547831977346,63.07114145989336,53.64410559701517,62.21626699186113
43.79416321391352,51.081064916531034,45.61228945742152,48.166304235484034,329.74620235723467,48.87072750643603,19.051819935159724,53.414117768594025,53.605205228400976,38.73201374349758,48.88194471884764,51.36766040280908,41.15606829226731
41.141558919145886,93.0758565574328,63.54286592802177,72.30213750211803,447.8008064105758,80.48826443186165,25.133184567002875,53.41872957704034,20.615028110504124,47.1345592788702,83.45281064075155,80.1175531254915,99.13966489081676
55.714858793174955,24.398930368875536,36.926588495241106,36.92530173859531,268.2429801290803,48.922109591910086,30.06158146375052,52.648636515064894,56.00922632142595,35.92891214036073,48.33078540352796,33.88880736471928,36.40571119165554
71.40182397191495,51.295752968659,63.40063311009948,59.338181369961376,376.3440005863615,57.5671050090762,18.914619075652233,61.70291106181074,42.915211009091514,40.17274613034952,59.21184427845463,63.68016751839904,61.83397562642547
71.61426698356782,91.50199676865937,80.34967605209481,83.54690485462275,495.1931160187479,82.34842784938951,28.531424910903944,64.38445485699387,43.425960778894385,48.73156700532122,85.44008101210919,86.8069121338865,100.0
89.7372302632379,51.6167127921416,67.22136396772946,66.86491978058012,396.19766947625203,48.85773151508187,18.13724261190333,58.30143575385215,81.16995776605809,42.208447395579526,45.99365300678763,74.45449121169518,42.789165096587396
19.1149125294299,20.81999879430611,21.58152754409955,20.137964288355626,212.49681157395614,41.67391231703177,22.258608040301162,59.394343730435565,29.65840666080974,35.760646989680495,43.14764209926241,18.95609016897475,24.695626568099208
70.4424952887119,53.69202048456792,63.35211654112773,60.392210406225516,377.6639841380658,46.53798824959034,18.47468415305688,64.22192372675447,81.45601284049965,37.06348055846815,39.789367294679415,53.58096917024685,29.081966488942562
60.86299779992389,57.494727012474144,56.84498391447666,58.84203532745404,370.65131497436295,69.6394145539956,30.902358923516836,44.677593384489015,38.30304003816825,42.83251798021039,72.34817838640998,62.05458063356683,76.88478934348429
47.61908921624998,74.67716204782498,58.840796295201415,63.85393291519498,408.99110398246637,64.21373970790378,29.110491818387693,51.184956440261395,65.62462594283699,40.982745163823054,64.97802238335642,70.41773621022519,65.22050183048555
78.64552132644326,68.19747710808929,72.83422677875375,72.37669479543088,444.6020795932055,68.17328669922037,19.832523868555327,41.20414605664905,45.5984457523748,43.189285502756455,68.07461755977805,77.48844824041305,76.9870184690959
26.02312212602243,60.32111250125515,39.41229847639629,46.60191635116206,332.2345243722448,65.98168534710177,31.701724512081555,48.69997141230019,31.24559917068759,39.5069871895539,69.44797383379174,48.18531465011198,66.29092116540447
40.7611139009705,93.39023658861362,67.57591762524311,72.33858751355636,461.98895779863176,76.51791996105766,30.932385299944862,54.83498927803329,57.26665612269367,41.34185189829326,75.67473921233993,68.13108315585981,88.86215176270801
94.62764593348595,43.2953353098653,69.30327701131543,63.828259559313565,391.4428903286928,64.40474127848286,23.677990139150253,39.26771734912446,41.14113734245168,44.3474174348864,64.73565940679885,61.87870359391363,63.55330647973953
84.54596366720097,93.45648224511474,88.40770543322388,89.89227481394923,527.0164560933794,65.92906000269262,20.744804612581827,39.70556875689111,91.19381147260984,44.51951607537337,61.801246080303216,97.41888344404666,72.49562121379186
60.12223947169283,87.15819527874135,73.72045904564312,76.34381295592193,466.7054809121336,86.69457344349347,30.89823663861797,47.76305878131525,25.51861153540811,46.15481535490096,90.53096638008033,77.32966717584426,100.0
35.79108792404651,12.857920142726101,26.271887218081662,22.031187255254263,204.772922276863,35.0,20.112052742822193,55.97388247890306,83.21960094074659,28.26879550434333,35.0,21.3084861530123,15.0
29.189951930330015,29.055648643791635,25.80462957046033,29.109369958406987,255.966896535481,42.94551938023707,34.65719538475932,63.63526421814913,83.90211048704555,33.079444182489794,40.27234079439613,30.14220302093172,24.032944614165146
44.13631147406731,67.03443010323257,58.58354144914271,57.87518265156646,385.18759087560096,61.01777303640943,32.2633732916815,49.21848547547892,73.79778032787831,40.74864098261471,60.071189417010174,58.08222398893301,61.35337172922425
46.049567184603895,47.26363916521451,46.874057865686005,46.77801037297026,316.5937903648016,42.33962878592816,26.443325076036963,43.73261794982691,89.5965636793836,33.474378382714896,38.836549640400605,48.41349014993325,28.668281441021684
34.704322467689934,42.65918303496848,35.40283166936222,39.47723880805706,301.96757209214496,50.81950069689436,23.505786054364798,55.03345697090622,46.81960828989601,36.796745640165916,51.08952576238844,36.54697198557707,38.78413195591151
16.666924433070818,63.816017699022474,37.754199420917864,44.956380392641805,324.0917704112505,66.34649840376778,33.250664830508896,51.02943259356188,30.097115555223848,37.69633895175349,71.51211280190675,43.59700623309453,72.47224551524413
66.43264659877201,22.85365467754037,45.71106225285786,40.28525144603303,281.4071414321031,51.17821786546253,25.900644333090906,59.04291218735952,44.937452950972876,35.85575527070285,50.69050257888389,36.865409858802764,42.297875166164495
80.43520187297693,26.364131088866756,52.21790562743547,47.99255940251082,306.38218349925756,46.12983544070889,27.197665501866272,43.777117776161035,71.6701730756422,34.82612669443917,45.483381171207036,53.748957845648334,36.501078488592476
88.3949220876081,98.46680349751651,92.76550459147465,94.43805093355314,529.6817958842796,86.44766428530758,23.20125441433596,55.27312556521855,30.137285732556144,49.565277061817206,87.2962888670064,87.13474410575337,100.0
40.907835584925635,57.839078588148816,51.365766329046345,51.06658138685954,342.36233059174356,62.10669560150175,31.449135033570144,35.7886993962554,53.23264268718859,39.32575763767754,61.15608149367649,46.938510985352515,58.976198993061246
55.543678870264,45.22477130003604,50.219069625951974,49.35233432812723,327.7901609144686,47.34365935706248,26.514059719291623,39.501192928726304,75.80323105181523,37.16888010894516,45.55563893750813,50.65361714624549,35.474138859237335
65.63594922790371,43.23618326000198,57.697011082980744,52.19608964716267,333.19242599207075,37.73437252167909,18.664741400818137,63.47897860720806,92.36554592596296,34.204864955389304,35.0,51.66718232277194,18.432256154436995
86.44848610590256,18.97400161874251,50.62137519641887,45.96379541360653,291.13041815050747,35.16266966729287,18.745107372555495,35.88853574653322,80.05117673198109,34.90111156615806,35.0,45.8333002320999,18.506622080280504
59.987476223234545,21.10213395420069,42.66199101504583,36.656270861814235,263.99903674219223,44.16085171851766,29.461185983747136,54.38670583474038,66.2506702197515,33.83213400216778,43.32903929063898,36.49257002796649,26.74226062346432
81.90007038747895,41.892750271884424,63.12395799856809,57.895678318122236,363.0817705551523,44.31050440665907,19.097181776194603,53.65250590792034,81.04276042043702,40.223421677549574,40.417520088779675,53.15398841058473,28.325362879588393
33.0003041389794,42.14354280212784,37.51348812256122,38.486247336868466,289.4495153042191,45.46240199930136,27.396441800022167,42.159490706985615,67.65213255712862,36.46985582604019,44.78742292239971,33.9045748055733,30.890182040407595
59.687099546780615,42.54280071110811,52.25254779299034,49.40052024537711,322.44103757644564,62.13160316077516,24.28840594393936,50.97836643923009,21.545986912689852,41.17503081970498,65.42775948871416,47.178804538775665,62.30972621052781
60.41492382814048,88.4723365978248,74.60815338211356,77.24937148995107,472.1050477541829,76.34285546391227,24.080839472189524,46.64456864266918,41.463132932891895,46.50036027063084,76.34212421176133,73.66899197998998,85.60480030731749
85.13679428928255,75.70443187834618,79.09773983952289,79.47737684272073,474.81828143320564,75.66347662545294,19.272154796996936,36.4926137424093,29.560276608893098,45.58601980012153,79.67847447507836,84.6871263119267,98.39215438481452
76.60541821829983,28.438746546290524,53.50051048817358,47.70541521509425,316.0914651980992,68.84777215764505,34.04222043865906,41.971031727189455,24.404220078074857,41.156834019932916,74.8189276225031,52.99999539457067,77.10994068733699
15.239173767005251,95.44399086397772,52.220982101884836,63.36206402518873,415.81003390490156,69.26245064484951,18.749872711408525,47.81815719510058,27.28698075928925,44.73528858862068,70.7653738797494,67.05180856394763,77.67792614869165
35.778905981640094,30.347099583191934,34.22079069944561,32.5198221425712,253.9535983069806,44.683975047142496,32.6320788960488,54.94507719106204,73.30513840160435,35.031327033867996,42.54440592241803,30.168819905529915,32.356282071014455
39.513581523968085,73.68587330801968,56.90539851183239,60.01695659439904,403.6672439810548,63.84760471297982,22.05664112811429,44.30758058751472,43.706783556497655,42.931181584474814,61.15479362145576,48.66213019876086,58.59511384342647
55.177262528990354,15.794317632937279,35.564687108521156,31.547495591358512,255.39119632890848,51.10462941558895,34.64154349374605,50.95039335769434,58.63226994522192,33.391900100146685,50.72593552737405,27.927330086429578,34.62627869124208
10.258197086635533,41.08167389091318,22.24145789364495,28.752283169202123,261.25005392956086,49.04170431434024,27.537245701508848,52.1651563186297,41.48834644247772,36.26601974283814,50.67331915442056,34.84160074421324,39.361553817698294
57.61680455201279,57.88123642746557,60.74241544208878,57.77546367728446,365.30699617139334,69.54510916044474,25.216084538202026,40.47397024375795,21.614945022394853,41.56953016929293,72.74703320730387,59.15434128027841,79.54365229358338
61.20853365113884,38.34774934108479,48.84336674393638,47.49206306510641,320.4530456639504,46.331989248595605,25.186019383015687,54.923266714490865,77.62760514430724,35.55475621958332,42.94226566564175,47.284530094755944,28.060660493861327
32.82841009554814,70.37171084411797,52.413694747077614,55.35439054469004,368.91611213604074,67.29663518546019,33.0365163755077,55.399282104832096,47.193218687675625,41.137007184782355,68.55468148638275,58.59282413724406,72.23636743672114
13.645949659302424,40.11103805565868,24.084377725326817,29.52500269711618,261.04919929322165,56.537490384986974,29.459154198301075,39.4607691867981,21.84597542025697,37.91906480628565,58.94262395601167,29.15088546505536,51.48721368574541
73.79467077372007,32.00058840605091,54.659125064438854,48.71822135311858,315.9168515536064,42.975267804010805,21.648339259438927,51.413838626915975,70.91408328755469,35.257089098328436,40.81618621392096,50.566582126412285,29.598396358851986
63.19080063808667,48.16569286391285,58.44077858779325,54.17573597358238,358.14154445153343,65.43370865518857,27.853101373331565,44.5927136584629,34.84962962426122,40.805383701333284,66.32200460828325,55.2046431624445,69.15825769329363
22.806592630899534,52.808433908464764,39.77528397432564,40.80769739743867,308.85487191134297,41.42364674035457,24.13737508100686,49.24673917468253,83.65030241556053,36.2473960273275,38.20457130578392,38.44597556517328,22.82423403624484
55.121537380486586,35.472132900547486,48.11481891638113,43.33189469252313,306.30926145344006,43.21755932154985,27.84951242445392,54.77396611523619,84.20023743716362,35.72462234046585,40.018739041302574,45.272025682568504,27.744651254854766
81.57651479554892,69.27608632097954,74.22122217954227,74.19625771080729,438.61378376619865,64.15566858091863,28.938158110058993,47.97683722539232,79.90652171125453,42.97248191763802,61.34511796066143,74.63154548187691,69.47393395313512
38.44970487163174,46.75402675605296,45.764680751540446,43.43229800228447,310.94984805551724,53.951856285188086,22.885787646430785,45.554216621304136,36.09638271565188,38.84593489283574,55.467081021857744,40.69439096921923,46.42126338415816
96.10387704286072,50.4572158415346,75.85791716826817,68.71588032206505,413.11589854566154,77.22031360335185,30.13278180147654,59.82094613613829,27.534770649477938,45.628700808783925,79.92581717449113,69.99261476079069,89.64660396641457
20.762071439638696,18.733218747867642,18.826766173506623,19.544759824576065,215.1891413766982,40.463099786714615,27.67202506812668,53.65344885812769,55.32641825140118,32.52305591051073,39.876646497191715,16.16498010302707,19.337820045675848
44.091439412295166,62.85543011208802,50.32652886962213,55.34983383217087,362.3673558602169,69.23088051383583,32.86958470361736,44.01033884754834,42.90884550159447,40.29310778695934,72.1588948984494,55.33246229215398,76.22163510054692
97.27449715639973,41.03139950884556,66.18779926232149,63.52863856786723,374.4157284110571,69.03387968779637,30.89859514613616,39.34764657014409,39.53161764009775,41.631364448371286,71.94470661960575,62.242220374498096,81.64323356570594
75.93471415044174,56.34141779142055,66.22075433446463,64.17873633502901,398.74266058580514,70.44737926151961,29.951822726387917,45.400711310877554,44.777785495161126,41.615972770477136,73.58400357116527,70.42781277432802,78.71311476880787
45.72665939276909,84.46934224718682,61.68304273794164,68.97226910541973,437.31985444935395,71.43092011174453,27.78560375998236,46.511519316161,51.576567092235734,44.2482992793452,73.4245820033109,74.99121238874451,84.9406866785466
95.06764237402021,35.15629181624431,62.34517466827715,59.120832039354674,356.7097360575226,50.87231287312777,28.448635342450565,40.55550314303431,88.16105324197356,37.59779639196172,48.430301505232535,70.92585672435646,43.179468085374985
15.2116589511797,32.94132460451608,23.9990023295543,25.849458343181528,248.33384807353121,42.56997431177219,24.611350556155468,54.19231638450037,52.0782588101591,31.70778753375897,42.91716646420299,22.563188225398136,23.36693316977037
71.82483885271327,83.22318440024078,80.09797681478291,78.66384618122979,465.45394472643295,58.71908810354115,22.483685319706055,50.64193063708036,92.58291214473863,43.5815050987158,54.23535367601038,80.15433202118672,55.33235329390884
33.57481516800754,40.55210920396175,34.65402771279068,37.761191589580065,288.5235730671119,61.72746616793858,32.336285202441104,50.84156412306537,29.258000726982317,36.973925820457715,68.38732754153081,46.03261286190623,69.3291460140027
90.02968151103258,55.43618634796109,74.48356822367174,69.2735844131897,422.0141628065828,64.1016380502151,28.92458683411627,55.22977173293153,74.10533100379659,40.35377189641427,61.37710268198233,68.2731761151459,65.77279046617052
88.95100396452371,65.21399352914125,76.46789755829693,74.70879770329424,443.5865257831781,68.87643735702682,24.831618396714298,60.14106805544524,56.173893505069785,45.54687745333649,68.12878061787005,76.95306997283579,76.69967759624132
62.48789754225702,93.49620089397487,80.9197020336749,81.09287955328773,478.22876785639227,68.3326882850011,20.334143208540635,53.03512785820476,58.873597995655615,43.80480618452462,66.10623179921015,80.37822751133812,74.42524125335811
86.88870665990264,81.83037986243322,86.64250303485665,83.85371058142098,477.65760492387693,56.67464795434852,18.809896038016547,51.49517363452186,94.58192666706333,42.25052699843296,50.23912217300109,85.82725531943646,50.299970888515006
51.1322812620149,69.36966688515571,60.19910316416072,62.07471263589939,402.45197063465747,66.87698996128987,31.876596756335324,55.57446299365303,66.20856768728929,41.77411239269269,65.44206681542968,63.46864832702122,68.24618256750557
81.97171555270845,29.024026549654,58.92947640917391,50.20310215087578,314.4079478873141,52.68121625535085,33.66161010452816,52.67548977836188,78.1056587384661,36.390200122373,49.39058115389828,46.45715284368131,44.61799318993244
70.49478401672998,87.8306862131583,80.48213712011541,80.89632533458698,482.7317438211235,84.61286571989815,30.07541491124774,57.52912397009379,33.94459596863615,45.520292052025255,86.97764793568807,78.43325016655787,100.0
64.17719104950775,95.26507225237529,78.36743421259757,82.82991977122828,499.6172500198675,74.82877704903301,27.033079533113046,41.60269796260751,66.14790718465693,46.799454488056476,72.76088339532474,79.53172949862869,86.07553966093685
84.01301037070641,74.99922953362032,79.20897417788717,78.60474186845477,471.1609094954163,72.06641689293687,23.1461493054041,57.619502306754995,55.55067663107469,46.443532099265184,69.79197493907064,71.00259260773417,77.83163441254193
68.7972380262263,75.72324331926596,74.19955479500689,72.9528412020501,443.2888319921398,67.43050847343736,18.191258879915193,42.84292351607225,44.24756562532858,45.917966283551785,65.94630968920397,71.26752728767994,72.65046114914024
75.94737880361944,41.464063813014555,60.16075031652544,55.25738980925651,345.7851920471659,60.73823600366325,24.49905057039203,46.31322765014325,37.84525112910484,42.63425386603957,61.18780643550075,53.450869070748794,58.525875082163836
11.579905447933037,40.84582058751956,26.427033284248843,29.13945453168495,253.13291162224897,49.76868014336129,29.90779069930609,47.352485870337986,43.72383777580009,36.669003610068,48.80612818887568,20.965128348910216,31.92866281050143
36.609441655579516,86.91701912387511,63.899893487561634,66.79398813655686,433.61196287390584,72.76227013586896,25.77075087492239,50.232619538978106,40.035413412009525,41.78910797242541,73.03818707304306,63.30890031537539,80.37058592258374
17.76453058102537,33.40924572672648,24.52353114261802,27.151359668446037,242.33862761016104,41.195997753032415,20.00406312689609,41.774640636043664,39.623543904770656,33.07395511948146,41.68561791839096,28.149809211713304,21.430661156411276
21.133951092317407,30.158825334595726,23.508029884969556,26.548875637684397,249.4070968608065,44.11772265975902,32.20093945164439,35.45786874900295,66.26274430763598,31.563373481367382,41.892509332864975,21.393464043630154,23.990581285657324
49.04918859861674,66.26269967075325,58.0919021839249,59.37729524189864,396.32100457349253,71.10684689242757,31.357624423082882,58.225801283824694,46.66965455607735,39.363014557068084,71.4098498598685,55.0733342231385,78.75048880926228
39.97822885533994,90.65437540651656,65.67494543756654,70.38391678604592,445.2140890298161,67.65483487602228,31.379609317319698,38.043304911253536,78.03143534080061,40.213754866357355,65.96466919760392,69.7847216016157,71.81043875778111
60.899811579836104,67.75649204270934,66.54090852811491,65.01381985756005,403.4414403012334,75.77533733407783,32.062972437670425,47.53880447201449,33.17417701183719,43.04957852556073,77.5727387746349,61.24393338062446,87.73466401593633
61.039274619090314,67.71132847552514,63.12509933793301,65.04250693295121,413.7167557905254,65.04277459239604,20.2033485962208,52.134101283840806,40.658972918485546,43.16707329456087,64.88855043216277,59.97887061588675,67.70955857080678
75.34714765670356,25.626950443582963,48.68598423725015,45.515029328831204,312.742827249027,53.923141635590454,25.43274217018942,63.235412280478,49.43387666467001,39.865694961531915,54.76670784119955,49.4854870246635,49.29608051516226
45.12805964528103,84.36038358127297,65.36724443927744,68.6674540068762,441.63712595869674,82.1012511630593,32.05164553562557,62.22446020857449,28.791544114593627,43.38437691815933,85.94519845531946,69.36149090056989,100.0
15.660624946455437,38.616161323749665,25.949694264142284,29.433946772831973,263.04633391073,58.1933084398975,30.50310716690569,55.681611486877074,21.639766444353405,38.38707016018028,62.188818781144064,26.550128436307414,58.88371782252186
14.44068268452413,35.85315474399946,27.958554027685928,27.288165920209327,238.94608844441143,35.0,21.681301797406633,47.731736254172816,83.1705576974837,30.36914810454817,35.0,32.33664952147684,15.0
20.7453459723099,70.53761317623125,43.58920103654643,50.6207062946627,361.2419851076716,45.63256682140936,21.79368138284975,46.63616801679404,84.25040689658131,37.35214647899557,43.70709488115082,58.63283202279473,35.07132944488014
32.938818818749496,51.574582705949986,44.473268692932734,44.120277151069786,313.2578551048176,35.05055957825268,20.096171494996746,43.07949485317319,91.42065877599374,35.384105115895714,35.0,39.70436430366188,16.2112725805632
66.1567220167513,50.877028364543186,62.232863389558766,56.98890582542643,360.24125268285445,52.5269433918282,27.99355907198199,56.00630044970668,81.91733670090362,37.61205646723356,47.34207223809529,54.06402531063549,37.88191799446327
82.16508551777044,12.302170273562396,44.055595179981786,40.247336371245616,277.95962188284136,45.46768422455512,22.951225779590978,63.54158655201434,52.70454590692285,36.35550961067692,46.16199271611364,47.41885713414889,39.23697236686311
28.832079350631723,78.82446920258032,52.391084475595044,58.82751326180088,388.3408384904246,54.41127398548316,28.737883228725224,37.713610009710514,92.85145063145411,38.043525924728414,50.055110559177805,59.42871743342072,44.86310132853323
17.30436937811634,55.582941690916556,35.06365956258766,40.271512765796466,306.1563791590828,47.42888150740037,28.805352941267884,39.89294018454861,77.49150277547983,34.988536265551375,44.715359959124434,37.720915840591516,31.63291669634541
12.38133755614615,74.78989269470253,46.11858731976623,49.82647063927998,350.27067419069976,56.96752919601021,27.842484288276175,59.05826880768345,62.077904391730456,36.25084555092503,55.72571487226679,53.93347215356053,51.352033339986335
83.58728412246818,51.58355479482246,66.15830426069189,64.38504652588074,394.2770879732058,64.12824811449497,22.42889435657775,47.03479721742563,44.94538619240314,43.78564342996009,63.32657093013688,59.4811719251225,67.94805058600824
54.381478019706414,21.131558759719773,39.73143607878939,34.431526463714434,262.78825586504865,44.0684670894285,33.34147993433642,41.0183343072546,76.9794591449459,34.15526573729826,42.91698956301082,37.248548988234724,29.129175391856876
14.230433902997289,87.63152602149438,52.19320881828216,58.27108917409554,396.08982690759416,68.29969925829748,21.18325614899689,38.48611588991951,23.767767444332073,43.93463121455748,71.34819553651249,60.37422720436578,76.47415831718997
52.46942309212582,25.061490550111294,35.11784351041896,36.024663566917106,263.520490942952,45.40894880018026,29.544746951221764,37.46731031753619,61.627777291774535,33.58085175301247,43.90560325438321,31.807954419930443,27.848573477958602
39.01087248385628,76.68516222514013,54.44627579550961,61.6154463286266,410.37275127649474,73.45146605105246,31.875946902570732,57.979749190758156,43.20292718473493,43.390691159682206,74.38076412248546,56.41312213424119,81.42566918069457
90.75037345565572,34.26260697522034,65.76701789012883,56.8577135673945,360.17643547971824,55.73726224838464,33.702492765182114,49.884603178525815,84.9459715099169,39.51608284870272,53.98692162744871,65.03521505351199,54.31803619506842
16.502508778790986,56.591356201680256,33.525440362905584,40.55581723252455,307.14049652716614,54.77058888040918,22.396631672270026,60.16796220687998,34.51379415546481,39.3949679393547,54.38213345006172,36.46788617420964,45.67684271786447
29.9668779161476,51.37829359331045,36.74305781387716,42.81372732244531,315.8590683276788,57.6087015089911,34.19725193803994,39.64120645587789,63.000921610670254,38.22606103666217,58.11223108804847,44.32156996537713,54.59193955386385
92.83795090851905,54.125525673614504,72.31830666914244,69.61049576757632,412.18278561428343,60.344952631850006,23.681509511131516,41.372553260736204,66.38363526896671,42.254005792330744,56.948194855392266,67.9687361580467,60.71551812877601
15.263145831004994,41.64558359153418,30.628607529549285,31.092608487322504,267.5548415319303,40.57707981455678,24.167362390778948,40.754143749037645,67.38467156035799,34.99982134616773,39.69045604257004,31.56133608899871,23.53667438051255
78.03975008676164,90.97700185243497,83.95749278652679,85.80210114616564,509.75357071068544,91.95712466066114,28.56664298618903,61.10146298245081,22.953239782837656,49.671612597183575,96.56405133150186,87.3295785765297,100.0
82.59601485106357,35.6274938973047,58.35372499743527,54.41490227880825,345.7859976915379,65.01642638527377,26.825850711037553,36.17568179111407,27.400407356406006,40.18111223004278,68.20202221904239,58.517533320744725,74.92481336840477
16.15085305215657,53.18406713497246,33.257664727686674,38.3707815018461,307.6808533297389,64.13827923369435,30.032415667468356,61.07775412480389,23.482034180454505,39.44630315423618,68.61950193145087,40.43233247201377,70.66132159596394
57.53839885536799,14.607296903843796,37.42103079989362,31.779737684453472,241.55569069920853,35.0,18.334796677039947,36.9931148751809,91.79642067245193,31.032137795102997,35.0,27.908719628909104,15.0
18.68971124517505,70.30117712599457,44.998324245462996,49.656590773666764,362.26601650220476,62.311796836980136,28.35612452670278,52.21838539165261,53.05637924994709,38.5310879097664,64.49149878852886,60.905510887573975,64.74922630896879
67.71279658556216,48.53794745754556,56.391097037879916,56.2078871087522,356.92589897280146,45.01375073014157,21.972152786381166,45.31709601749269,85.37560816876753,37.55658471171606,39.49898598333462,51.95212864143422,26.852302022260695
96.27442600419066,40.93095082036422,71.29353679009441,63.06834089389479,374.9184941401417,51.63724865037022,19.294599187419237,35.95200085021402,65.46263199835877,39.884319123482506,49.38454697711466,67.29575231462091,47.33120508049072
37.161417952672366,85.23492047022138,61.14026739819491,66.00551946320178,432.36110978475324,74.7746878679682,24.36609205892738,46.95109942481326,32.53537713336922,45.583767525614725,77.05923588919562,65.7875392909477,86.37021832311234
49.9782934250456,83.86994602993938,64.34305389458369,70.31328498798187,434.6300014699213,69.80899610923713,23.350380086728855,58.645370975001725,47.94886620260621,43.06568623427056,69.96528285945128,76.54650151941362,77.80114760818529
64.84280368168301,81.36731572399508,69.66192237262432,74.75751090707024,456.5987364674184,70.39208218632189,18.60750274996382,50.78997052938554,39.27436728183569,44.53126980770134,71.36262741431776,75.73363915789015,81.3467043694166
10.625481743731651,33.63708256394331,25.377462775600474,24.432442235858645,237.73536851960068,52.2440435526225,34.68800302169467,39.67892057654887,42.25608748298896,33.44412093131793,54.93805967336665,26.953999693240874,40.939510464489246
66.52223485650467,37.701866136915946,48.74964988322436,49.230013624751436,331.56019249650114,54.72219138869417,25.803281448281567,51.694469182701894,54.15504928729363,40.05962906828146,55.16462512211409,49.33185889948289,48.191183226951054
55.947377835461126,57.16905996464577,58.05692051244504,56.680387112971914,364.27453902214813,58.07875690682863,29.20032929941353,58.357640251422566,70.74439921002426,38.73744566732225,54.43513240297691,49.905523259404696,48.6966655837499
82.29237095584618,28.88590848035722,57.29542430132123,50.2484934705528,317.58282893257837,47.41858684397357,18.28691564458497,39.79395811367077,48.27415224318664,37.61920937258588,48.041070802802494,54.02530654989516,41.344611414115555
46.99835872601048,87.21191980172404,67.3126342639796,71.12649537143861,445.2368615172783,66.00691041579732,30.215117592928188,41.414552340797215,79.2123032620604,41.02870802701647,62.66888051362907,72.93349022776823,65.36147776809105
29.251845588301684,83.31966646788484,53.959415887444266,61.69253811605158,417.2306729906989,67.62920167228002,29.344956442511805,61.91383375007584,61.55073907956097,41.41101870789645,67.62549016406248,63.411521015451335,75.82513275322614
91.12508100380904,92.75811707288227,93.25559730950711,92.10490264525299,515.9392287446799,83.09525981954991,19.774990650816996,60.73827595323249,26.353558727810114,49.00887060715112,87.51706846599227,98.09191570224574,100.0
35.468742060995226,28.47741153559141,34.089333037153125,31.273943745752938,264.0772498253032,35.66754464200938,18.897696558579458,38.995413881145886,68.16229915292806,34.6450494985171,35.0,34.23265701765834,15.469919714163865
64.15194136804041,83.18255434558549,74.32359648465753,75.57030915456745,467.85910618208936,88.01006755317225,31.52459584366042,56.023754027277825,24.51929681538002,45.09489322370116,92.54743807141739,74.51184120671297,100.0
14.222210186625649,35.37016234027041,25.785521529501025,26.910981478812506,250.43924311910905,42.53095167800241,18.17678620939922,44.786258398212325,36.07591700477555,37.0294641879516,42.541170416368,23.25925908020691,28.01133215152771
81.84372162027589,35.68333990982335,62.614955408890395,54.14749259400437,342.2669600525534,52.77339306626567,23.03104382921139,45.453480020043735,58.96895397253429,40.94173831090673,51.665583854880396,60.039727020880974,48.04959731006076
23.143091358396706,54.6955253294072,40.748977980715146,42.074551741003006,320.2450499862388,51.33913209221388,21.84054452589639,38.002985385417595,48.83457419403421,39.02232562047422,49.16585234857115,36.278641210849415,37.65832070580806
79.63991570930578,96.20172354593338,87.93357962728338,89.57700041128234,512.7828786342169,92.50363670391368,29.610156796648695,57.703740282358865,25.377481206732664,51.07729811246842,97.37978605144538,84.07683702139539,100.0
72.77990960656089,70.23058313059448,67.63753419412336,71.25031372098104,425.13430197697704,64.3117305165282,20.764039448281178,57.67027667216296,53.00626721692851,43.616578146808855,63.941117585658965,77.36454117129591,66.11833110999443
39.30727923681713,95.88008857882207,69.76947119349143,73.2509648420201,450.8114631098006,85.00821572765825,34.27606327080943,58.2631888918002,31.188103584069168,43.925516480164156,89.06929973712528,68.39501930899286,100.0
34.2748110131314,49.665073100510185,39.665063302530676,43.50896826555867,307.3759179397541,49.3747376625712,26.78849794625694,45.40973402756114,60.71618242234475,38.500707714517134,49.89169691653852,52.66860871522553,42.66415382790883
41.14875553613229,37.58770126630358,38.37851780205777,39.01212297423507,292.7465028004705,42.26766307785046,20.851817249714117,58.14086249163877,63.14399300698327,34.60777312421876,42.45184035275271,52.48000898636795,29.025004631289487
66.18269551662488,28.88831569940818,50.986737195026095,43.80606762629486,303.6639362626809,47.84588276221899,32.91634313225932,44.87953790750956,82.17154507299722,34.576488139542874,45.810064547201584,43.48717480815437,34.6214640503734
76.65895914324267,10.629320454082356,43.617474358343834,37.04117592974648,266.60075914271556,50.21639195176536,31.308059339293635,39.74145747804794,51.4228212787084,35.71152083472491,52.414573623294096,38.11656103632662,42.65064743552897
36.41590491047086,48.4991324485556,46.14518816001037,43.6658414333217,306.6304966366338,46.60880719645198,28.055870054221046,57.30308275332887,77.06618255233838,36.30494261067988,43.45932074314859,43.93608213242088,30.838392804160144
11.060393170044371,82.49600301236957,48.47655319173889,53.92175907543949,378.35926341976665,56.544741349274744,33.986739353760925,57.99794283954414,92.5895706204933,38.17288238514709,53.6577681518376,54.5048817754958,51.44933786966927
81.40717848813925,80.10426780033829,77.98157890450459,80.62543207545868,469.0096803480928,63.221152719045925,22.517436812018644,59.554956776510316,80.80562779468917,43.25448622078354,59.56422869173633,77.98061213971671,63.791383272708984
90.40710865868311,80.3516752254465,84.3123303669327,84.37384859874115,479.32262234548205,72.39401846227354,28.82763159150267,60.034723876115606,69.87114248409789,44.672853952047305,69.95342110822573,81.13574692868148,81.1186427260759
29.737259211380422,82.62192323925922,60.029350735110675,61.4680576281077,410.58575122749033,78.02007497095114,28.62177831341736,44.58292607663188,21.5310088013847,42.56768343736375,81.12317809247239,61.95254822074686,97.14239428528715
38.81419813518743,87.74454389481306,62.83378330280081,68.17240559096281,439.6193668180481,69.32344598619865,28.810484636433955,38.514682493591096,66.69795145269586,41.86490382572054,68.11264108495956,69.60824531166628,73.61857519394599
96.82193138821917,11.92006610016219,55.754136660773696,45.880812215384985,296.87725153233526,56.79644670077968,28.991830767782886,41.54857669312224,37.003800934988746,38.8560429412809,58.47518445351074,36.31443962740204,49.74221320082566
28.24093091471849,46.623974843652206,35.056917432785085,39.27075727207872,302.63482690039183,54.6053643640812,20.106852715116915,63.447262537425395,26.736420509546164,40.27449581621313,56.254564318655696,33.53026460171123,48.28470978196823
22.251253829529166,25.692014902635464,21.98885510255284,24.315710473392944,222.98640016164077,46.36874003894752,23.284420605761724,52.2689269481928,22.11294584788285,35.10951101647572,49.777589310921606,25.104593490126,30.60815316310354
42.405431972770224,79.86048048030733,57.7088036797446,64.87846107729249,426.6462545517012,55.9367247503036,25.104604061796774,44.411021774753394,93.05510872997759,40.57236819157894,50.64257294717501,68.0466202179132,44.79801377578476
23.969307350010197,56.58776946397604,42.23495917662325,43.5403846183897,317.4758225592451,69.01904047990642,33.95845943673738,40.84210568008863,24.9696755445825,40.15876606587874,76.7547683191871,52.80809967834897,83.96161110641854
15.246756871859464,65.82159285147904,38.17660384309973,45.591658459631205,337.3338688304747,61.96636746816588,31.25559312038782,42.40180409505639,49.501965986236144,39.87307987934157,61.928958778356986,45.40552895706063,59.99821010415341
47.426878498027314,78.89145739544313,65.72351257161503,66.30562583647679,416.7055428905189,78.632028836124,29.255023577089325,37.850089763701995,21.740923058784833,45.04265953305419,82.70108118121978,67.2803569632828,98.76519448668607
68.42709309188902,74.95263965247861,70.14875102255101,72.34242102824277,435.66034393732156,62.582297604976596,28.21487316561944,41.00246421194253,81.15590867240158,41.514540608318235,59.898152405694,72.2929698822016,63.223687216380526
17.224335939988123,19.73172345090176,21.22874287035166,18.728768446536307,195.40082065958958,35.0,18.669381279000792,45.43791743139418,55.00294136911982,31.99787149547116,35.0,19.382859812811834,15.0
17.421005665847744,95.04222722191584,52.26452173659457,63.9937385994886,431.9331610124726,51.100971442255144,18.53179452311855,57.836425719549155,90.34542048860406,38.40803004212336,45.72200914965781,65.77299664524334,36.92402876859929
25.038059146597654,69.89020312871438,46.41094999756301,51.94934553586769,359.3919962801604,66.352919355116,25.84185479635977,51.27762507319255,30.644769669409683,41.808327899525494,67.7547359115599,47.83764736513048,67.21483513012527
13.630454111940182,65.11264661406733,37.28956169344656,44.519769613216475,325.79749607740433,51.90628930288654,34.687246609146605,43.75594950199183,87.75824676616517,33.486564637168826,48.82672825360446,47.35294529829193,40.08625306722182
74.55726584063437,89.39453008439541,79.28003388519906,83.459624386891,496.48207670704744,71.03256287735822,25.565892824243104,57.61611359770155,73.54459611389792,42.5839505978562,69.0747940986353,87.19657617985644,82.80690706881154
11.063369605269735,73.29029601767803,43.001378913496325,48.39952545271471,357.17842337623074,68.3041271377205,33.37923042142406,39.3949679935343,39.61921970060503,41.461481592221396,70.41187218534701,41.060458990220106,72.78506372905335
70.10344966873011,30.242212448997414,47.89390356457473,46.18670733689049,313.7927377326995,46.940876801199835,21.166253135806674,54.84689995221612,56.939621151898855,37.152421392561536,46.22589234960184,46.246835260850204,37.1400377183381
67.54120399254776,95.24891057035765,78.2459912056343,84.16582793923371,506.1289016729756,68.0706247977942,23.702048676392543,59.31462575211023,84.1727468146234,42.86861394603177,63.600140545067426,84.58831091051698,72.11255625775016
76.48695102186193,19.83209041887222,51.47516657851153,42.4940346600681,284.37098297727005,53.83984995251136,27.785188896745048,38.514605002288185,40.2119865996859,37.74754887118853,55.408836345409405,52.616272797898304,52.21973605759244
57.276408006911794,24.617040189206286,38.851676108852786,37.68078731628849,266.68253907025274,44.76511153944331,19.126820725520695,35.4132735785728,36.53557441123128,38.08557216627318,43.79140735587303,31.21119342929197,27.748716527581834
60.64141875376496,40.45078409765962,51.95663585315401,48.52703796010175,331.88715331134506,56.075163696547044,27.939778879222494,43.282086104361085,58.14558495029407,37.03202477392807,56.92001804344557,48.318825869095846,52.56288271434766
38.91112197221144,18.49658977067019,29.053821029948125,26.66240265128669,237.99025359279514,49.3146386612003,32.73421837865963,53.13701200048246,49.507877242565954,34.50628363624051,50.60487539025296,29.229564708783336,33.18071315815223
69.89423504925898,88.02208194314443,81.2862415213399,80.77094318559026,471.6408884090474,61.03444695865602,20.114329844337995,60.58334540856565,82.53671210337751,42.72189766515449,56.468456245833686,77.4946867375378,58.08389493215891
88.66658443200208,23.274243518505592,57.26920309614544,49.431179883904186,318.7765078819065,66.08097230264345,31.207294149952915,51.547325070753665,24.467493153179912,41.740845138381125,71.78209111212192,50.86353031607178,76.78146661232651
56.316700050337055,78.5275654896971,69.43871465401688,69.64321931395308,436.680564235592,71.21540781332605,34.9616320445442,48.79380602249413,72.96442612236163,42.67546601050042,70.50569434783513,72.0723850485826,78.65551908264742
52.786740685802954,10.130384383157931,34.65157934253334,27.19292690421594,221.72373236594692,40.95354100171227,22.380982145860553,59.609785860612256,40.84874213768565,35.34503492352075,42.160072143560065,26.333078546669,26.13561876474464
17.800106148140667,17.106380113940414,15.90740341693964,17.383870527620516,186.98599561450655,35.0,26.507305520827494,46.84346198810655,61.77694344073618,30.077450195496382,35.0,12.064622372656533,15.0
82.972388961978,87.85290870068151,87.04834406627309,85.9007008052001,503.2748115932158,64.50590612380176,18.963486310720032,38.29337724374515,80.94220327931549,43.35458296129331,60.806190986884324,91.66910630200009,68.34266724143798
78.23671671257814,33.305506136882904,55.36339115484404,51.277990367160996,324.27859769247067,58.33682697433672,29.524808407373676,56.84809202400429,47.126923842403535,40.64999055787413,61.23346168249311,56.77413209411274,60.545409684135684
20.811873299226477,25.10279345599356,21.630249472457816,23.38642539328673,222.5531811150671,35.0,33.36331183777345,40.868473145000635,92.88192319409121,30.95507257058047,35.0,21.250446729561723,15.0
79.41262518230138,48.96582839790014,64.27282866751071,61.14454711166064,387.9427408556311,55.045559893228386,24.430350496395043,36.25841219192622,77.20657891060796,39.56790409858678,51.476752227414,62.11400969217038,48.50074194780152
19.67207469727362,85.03316527253061,49.061054000677395,58.88872904242781,390.5279038807046,55.648277808819486,21.99601031071268,44.99133622780052,66.98965788589034,38.1232461479071,53.44019431846544,57.70456359800706,48.869730512488815
13.957052699714836,41.67845767527838,28.86874782724948,30.589895685052962,271.72815416745215,61.53007259059124,32.75588818579622,61.85575998551491,24.71399702622366,38.1163503344676,66.11332171656656,29.133436751872352,61.07726673313872
65.80077232627039,47.75193021742285,56.19753871597183,54.97146706096187,357.03156596929904,52.13275824332341,24.05075406355398,58.78210982807707,67.52290515614291,39.450913387075964,50.7988311128739,58.94785111115689,46.26838244541179
27.353236078674463,76.793631668922,49.463146699459216,57.01747343282299,377.9655076192905,68.9781308009044,26.968407734479182,51.60571862487042,34.17241810486989,41.203566484000106,70.23941804396922,53.14684858806538,71.45338101446318
58.41066533480227,44.37909680825578,55.08751516080254,49.991724218874374,334.1296021255621,45.43033093448539,27.930961131089312,63.34298797700441,94.19257249534664,33.86940698454462,42.47584569586717,53.672238585362706,28.724165519809
43.004230948061604,45.69934230327652,41.62264691354996,44.62129776119055,318.65147495146454,52.5511344438002,27.29417108106032,40.680673656151995,60.62978220004561,38.85871046198262,52.50699480077999,48.890919871333956,43.859148836452505
58.180849007496164,26.106607267562232,44.28376684751059,38.936303963535806,290.39946436867285,48.77444298415341,24.133915937236615,48.047536403755835,51.61223501289726,35.578207974125625,48.30525777422553,40.03215503198797,37.798802214076936
83.81495748203592,26.650852572635447,59.066114321008655,49.51649453639564,317.11332516918395,57.303056228426435,28.479644001555506,37.33470856688091,45.84974560162675,40.435064979320025,59.31228371605943,50.322254487332195,60.97192910187248
83.47301660611174,29.71643749268736,59.48776363964843,51.21906913805711,330.00020169870083,51.85474687012262,30.33350230153693,37.39562067990336,77.46407625900527,36.31421672794678,46.67441067938105,43.394778183199264,36.00510976372029
93.84285333790555,78.09055339632343,89.85219195810366,84.39147337295628,483.5711448279455,72.99459595429573,29.03673377020786,53.3476603359118,71.56675558016022,42.994049959802894,71.69417604951865,83.60868833920853,82.42766201035958
89.81671467093463,58.546198185317365,75.62896346992308,71.05440477956427,414.528981181411,74.00127237642944,28.738571915179186,61.3723696478647,33.371242116199106,45.91317342074759,77.30230831051692,77.85963276786389,89.83373636620317
67.95472039835676,12.655271759125636,40.164886329118694,34.775051214818085,250.74998528340336,52.82173689029887,26.04676391719891,35.54826544215071,23.870913730302984,35.80474148420927,55.17340536278909,27.198111082421605,46.21168166071252
34.404344890298006,84.04744890122988,60.525969983781394,64.19020729685712,408.99911425312916,58.98302042590806,24.377548229100384,50.232716475770516,74.8774392466041,39.2801726985939,55.524767113718134,65.7665776516038,57.679062397543994
18.538203438785857,26.141730664102084,22.240829131885224,23.100319773975592,223.96844281676113,48.761718380850006,31.05121900196301,56.785298767167575,35.0954778888363,34.654258601400784,52.44295887579469,30.144596314814954,43.48615737836774
95.90166553102478,64.04192164024354,77.13182619636821,76.78581919655603,445.25603057790477,56.35975994810113,18.161217036162377,53.08177771522258,81.61763757303487,42.883229533091715,51.72532831035579,75.07483352544975,52.09037058456042
33.46641290378477,87.54289853101754,61.737407705109085,65.91230428012443,423.11312536515175,71.90031303811297,34.78401015493644,63.50547181195007,63.08307374047995,42.82689455598723,70.54653905439193,59.614105383604176,74.32864546050043
28.72756388461784,69.87935074073269,46.24577967687856,53.41863599828675,359.4443992078127,60.16748172943839,24.543384467260566,47.29474333354115,43.98054548948646,39.26544283077717,63.86337276778562,70.94799301601132,66.23755342333196
89.60509686953505,29.973992427586605,61.26515348336363,53.82643420436598,330.5900472857436,42.49432785032734,24.016412608173923,44.63524341635769,90.27720458062458,36.33156738171779,36.965274242331084,48.62841887073166,22.25259126297906
13.938735308961176,36.7394899091327,24.024182416105546,27.61918806906409,240.67557552351144,41.26182225101643,28.539615908459027,45.40292616624636,67.18509547482282,30.728375991564548,40.721896260960094,30.1317464912518,21.604302536619034
72.98901868859735,25.273143127525373,46.02477916488071,44.35949335195417,292.9642344059515,41.29211269631155,22.195910349364055,40.046963539787264,70.54995702170612,35.7984247905977,37.297087245818936,42.09980988562954,23.96440719662214
69.57296264703098,59.14017411829596,67.97674169475872,63.31328952978997,395.38352481725224,71.05336326263586,25.64000449803959,42.426366971514305,27.413714694995946,43.928446240818836,73.81698050817775,68.68066270588461,83.13248553072057
83.7591951542962,98.97305165965714,89.94535148794186,92.88750905751277,540.4200260799784,91.8198684093467,32.84076431867093,64.88221366271239,45.70400973334846,49.80309678884136,95.47520020414896,99.0,100.0
84.68785020366514,47.466495574936225,63.808129031177124,62.35503742642779,383.30195296252714,60.37250946962886,32.677071203318015,64.01263729334342,76.11558662959058,37.65135284853232,57.89910937794082,65.69581057628938,56.02316143214369
20.004278351611283,88.51894629366817,55.1850329332986,61.11307911684541,416.75150803470706,68.58837708145369,24.316339610542325,47.30708048862704,43.821590790254604,41.69285659087959,70.48260276796415,67.36946424165255,77.42455188549849
31.09782227068115,94.1221253318785,64.4902829456872,68.91240410739955,446.1848967732187,82.81042356215052,30.67203347160759,37.279453471907686,25.07197457282544,43.767453548125815,86.71959921669082,73.58871193227671,100.0
85.19825669546049,61.4506268525943,72.2705369448294,70.94967878974077,415.9717958896476,61.941899958021075,28.047472531305125,38.49598461776379,75.74151878019546,42.76064021830262,59.429261366092184,72.94343073933005,60.31785397825354
51.408984409621425,92.11551548307969,70.14123628294674,75.83290305369638,474.8024333992232,62.963249288031975,18.912106248577075,37.5057111505384,72.39207688514352,41.65424316679442,58.55431166950838,72.26121064633702,59.185412232795215
34.68047946253677,75.53404987001954,56.72345177179051,59.19262170702643,402.6192215698781,62.60747033237482,30.315168647941697,55.84453259064155,72.06529167969887,40.78902326376261,61.15643817153419,64.4570592374198,63.236466659220945
57.06079180764597,36.711118600262026,49.094754641473855,44.8509878832156,307.0788638572917,53.23391487733656,34.375731390221816,64.48967629174955,70.00971814746471,34.72097544151117,53.22208225604318,44.21304035621706,45.99032692655003
26.27001173089852,19.29190785223998,19.376779657081535,22.083149403703395,215.07221538232517,50.56853151960193,33.03991648311,36.27077727931677,35.924115049515095,34.75739172821154,54.61977955918843,24.937212978534074,42.614826989033254
96.65753032919369,98.01099387133985,98.15368123590028,97.46960845448137,553.4847296276275,98.0,34.17182453685025,48.49783583723631,30.265014341284495,51.69790821474746,99.0,92.52388479544643,100.0
47.20189474941413,18.585220718891748,30.2446144265668,30.031890331100698,252.63607835578543,35.0,26.38413338890289,35.360617705317495,91.65254605483804,31.265931836339323,35.0,25.375155396927326,15.0
42.79843703601479,89.99295028995165,66.43158317363793,71.1151449883769,446.9523679268067,84.62449305081692,31.9064268502252,36.46721402914843,26.484223632141784,43.61334943437673,88.22859458346488,64.15726382939057,100.0
53.8708954615893,29.74194197581748,44.247597703538716,39.3935233701262,281.4967147977608,60.05757297014496,33.90672629658755,42.512716635567216,32.57904896527151,38.03354719024879,63.19000579314279,39.369890495215394,59.211109632903764
44.69740572851724,22.056782488277655,34.01449273105327,31.11303178437349,253.8590002373194,54.786751035008436,29.484165756776022,46.81285763849817,30.319711337833553,36.41723717949837,55.16705872904633,21.733204304044254,42.89724703245185
18.188690672248274,94.00947079080028,58.0431560025396,63.68115874337948,420.71908756281596,71.40023779560048,23.020990905487967,61.85655460167793,33.317617610723836,43.48459467331176,72.74580854989749,61.32286306906383,80.02047490875147
56.034469081880786,82.5742709374293,69.74985435197999,71.9583501952099,453.98151936694524,81.68300989418984,33.45527928446637,49.486641260312055,43.87055190772621,44.72786803971053,84.7230252758563,70.99108303349598,99.81877948484548
26.132909917069686,39.76265292553888,34.43879228023591,34.3107557221512,270.2625202479266,42.35518281643747,25.477360659621777,63.91200639884878,66.94069795149306,35.98933936131832,42.38203160778207,37.528022281651516,28.082071734019813
32.234625644305446,98.88185733726394,63.69393701159446,72.22296466008054,453.7218755153301,84.47781949911713,28.60601363710876,50.328464396588906,21.60146849408856,44.67906746166051,86.60135575765614,66.45985885000863,100.0
50.941345529544556,32.53026839433393,39.524538650838,39.89469924841818,298.79963753867463,36.539680147297815,24.1544169565816,36.39293314017017,92.7745004477977,34.534232097916814,35.0,45.13077114947829,20.61897456737383
57.067404530485916,45.715214827963166,52.50732489373427,50.256090708972266,336.9599131607084,56.894964917084394,18.36091835845754,59.431493229438125,28.486683706528947,40.63376498301704,56.31186436739025,40.54491654392861,52.891677547245706
74.72826685868677,21.69015753995275,49.43677658548599,42.90540126744636,298.33834914648315,59.070809837076084,33.12054753823752,52.386994878616676,43.46713985562779,36.61524313724249,60.11969845569706,35.96472699984598,54.299010643648145
79.45917354170196,31.83988443412662,55.84069884705624,50.887600077156755,326.7871054732532,38.1369723540819,21.3412864917073,53.44212151627468,94.52691315551232,35.094268005653284,35.0,48.47027125756838,18.897505166175364
86.085037637285,25.910831527369353,59.19752557623166,49.98051397133561,313.68868973982507,48.717823161963885,19.62247931363068,54.588038471045955,48.94280794024212,39.203250812321954,47.921565325623455,49.47344460312833,35.83882863978006
14.309481817125842,17.714215017563752,18.425831367374666,16.35232173738859,201.26746545290843,35.0,20.58796614131763,42.47785871874457,68.91870535483022,31.901101458208863,35.0,14.923703508012228,15.0
94.17716023910867,22.127020956109025,61.94146978327274,50.947076669308885,319.93066533098937,58.878661871763775,34.199952637246454,48.76070651154558,59.75616005904336,39.64696410163378,59.557804761225185,44.61328168581586,55.53471859057605
86.20632175009466,68.12701582375459,79.57330284959131,75.35873819429062,453.6942922354296,65.09241627551422,30.766167269501985,56.51052204094299,92.35594185229387,42.645185686126716,60.7853402030899,74.73528123813053,64.35838193295245
58.99453014060788,73.15084934275842,64.49840888808697,67.4883216618982,413.34519971945673,54.179921408311685,23.288686175859212,58.130875417415574,85.80507720060298,41.63463918294674,47.2494563960661,61.148248511239785,44.16641222361076
41.53244706761536,11.810610358667878,26.183725518644593,23.699345042246872,209.2491717625948,36.43266957901001,18.48972134233854,49.125288546021444,35.44659193987198,34.18909581346349,37.993606854157086,18.085315012835753,17.839346191857295
90.89626668210572,43.28603717753315,64.4235395281041,62.33012897936218,374.6732397263414,69.12359773894397,24.847513992147338,54.35053043767515,20.344102207229078,45.49863305794929,72.59612092433844,64.50799889373933,80.3186365238713
37.861321457670336,39.08484195967866,41.81430807599343,38.59543375887533,280.4760565153682,38.44204728694409,21.297424575220685,47.65796799690365,72.55411754826447,35.27693068727035,36.64687483391407,38.039890427487876,19.828396936429115
65.97842297732649,49.89995667459481,54.07610651293797,56.33134319568748,353.92184615710846,59.777841931193485,20.022002556515222,45.296832585060905,28.824008950036017,41.791304039298794,62.37181067776772,58.49479817649986,63.68279271652165
93.90766925736285,57.66019022602721,79.74451546844243,72.15918183856147,418.74382667348414,83.30233580827927,32.657849150143875,49.91609008018896,21.703558343725113,48.027627102742905,86.1920997551016,59.9527389227471,99.02401010538149
22.408848516992023,70.52980255974072,44.004757433469045,51.28142094264124,355.9699021679976,72.19298209871927,31.24873643244429,46.320742536958846,20.534562712146588,41.296101287191725,76.39691544231982,46.290619438941945,80.19025955382965
44.58648672890521,36.52528061094172,41.70727045239839,39.749763058127115,284.34264232253895,39.2827918165237,26.12768933587015,45.033644456451746,86.3103472466236,32.133768467355644,35.78370105167739,43.341805440262036,19.30953441172153
55.84658744178705,97.95113080950453,73.17347794103986,81.10931346241753,489.577000098696,77.49051733509224,24.56319559483365,45.18819242739201,44.88977078250207,47.83291832563754,78.18100580377796,77.43523036518543,89.09191807148771
36.81639435848942,18.326738703350408,24.48621332155539,25.722600965406013,223.22537691979485,38.984227207432795,31.97075389908326,39.03882958362236,75.69798748594481,30.758612131230887,35.0,16.447643391348223,15.0
96.75431160972491,25.72047221146213,61.77835048045167,54.13400797076724,336.8445360258545,46.30651562973354,24.337828670022258,63.544657776473926,83.29059218087988,38.565512622451365,41.4634007611512,49.57181495035591,28.382596181755027
26.75037335870961,53.00901354660255,43.28544497399339,42.50555747144537,308.8543581147779,65.16450413270084,32.42787985890561,47.54614824845352,30.26014855273565,40.323939975453754,69.18767023779026,49.217594544674995,68.91332564564702
44.368046507514116,82.45760243701183,59.496162046178966,67.22178006521274,422.44362121912604,74.54537556467368,30.000296788807546,47.16918351456578,44.77217172260956,44.69614943214611,76.58223013396704,68.332875632205,87.64442832647444
12.317464099015227,73.045655863607,44.55010016251862,48.75437915777029,359.7390598307586,60.982201385114855,20.932925920081395,53.84749822842593,33.414251362074076,41.83942363930024,61.30382083563947,43.361859878196285,61.96433877031326
74.7941946265573,34.99020310438366,56.15553916024709,50.91179971325312,324.8138448118269,51.97307562814876,27.24307447713756,63.73398774649959,67.11666742182398,36.03123701318943,50.23047181892205,53.35134016254249,39.98546239805049
25.603322717638402,25.815510420627696,28.57661401879833,25.730635339431977,240.74094584172576,35.0,25.907473867620105,38.10864388774922,86.31238278850924,30.703815096294655,35.0,27.193131708020903,15.0
56.288475517556286,63.804169168441675,59.777779971582625,60.79789170808752,397.84870875296923,64.54430297195873,23.400240885001452,52.349355703603436,42.496544014548896,42.98921274978547,65.39330291149093,63.43191941439749,69.8614108744395
95.38142376756933,56.537264625170955,73.45851576709069,72.07492828213032,421.1133744296586,66.37820174123546,31.99878729972205,45.549827393599216,74.26335192723602,43.02481631942584,63.085671398548286,66.32144896981104,68.31684030702934
55.42204891104371,71.1036854935205,60.60745238071715,64.83103086052978,405.74709884036736,66.89132301550764,29.084622257692086,54.6608035948866,56.99769848397342,42.88535233772716,67.57594697346238,66.56747269438681,71.18682940585833
68.75642834774642,89.60628307529072,76.61102557314663,81.266341184273,484.53712549845494,66.24176903760068,20.019335162514405,43.383654659603934,71.44860194699316,42.47364544577326,62.18344380180485,73.22158253764073,64.98478769412566
91.52059948608662,18.131868665599804,54.13842294375686,47.48736099379453,313.84818984758346,46.70695896247999,21.44738747033211,63.012820513635255,59.53940533158338,36.08363932225834,43.340232551416754,41.50913883887041,28.100166457849827
52.41311004656809,17.84461406817726,37.547407505589774,31.672012459533597,247.9237224159787,52.058356908814375,31.955399087931863,59.73783924652851,43.78514936360324,33.48241600723958,56.27597976725156,46.12807170872851,51.48291137779294
71.75197899227291,11.782070911530374,37.989097505667225,35.77003414382739,258.7142444389598,35.0,19.632636297017893,63.930095674547566,87.03734199876969,33.50566827673199,35.0,30.373706758298187,15.0
60.82102456615324,48.78358766392087,58.38068182217992,53.59856242481382,360.70559945297083,68.17089286157314,27.61305724077953,54.330480079716054,30.334735083030683,40.25819788217727,70.26364385093062,53.2291711682308,74.89323529656396
60.17850693444361,93.19375129356095,75.44749796329751,79.98765354991401,476.2269613249209,83.47926545680744,34.01442970745467,48.83796080876297,51.29314989970749,44.56410058817549,85.43299412144485,78.4320363300145,100.0
25.915505459044688,22.703332243250422,23.454167746310944,23.98820152956813,216.50173004793814,47.292410358460046,34.276896617838304,36.426175453438454,50.10272205490453,31.9199973802394,48.46737667134527,21.620930246763987,31.489519894250368
78.03293157777051,94.55532531935839,87.88234895231975,87.94636782272323,504.24101956998203,79.7811952732915,19.504849345140396,56.947941456141976,36.14970537526015,48.245181725511294,81.3505552445181,89.72125884119198,100.0
75.4661852998981,41.94752140245157,62.69442316375764,55.354986961430185,348.4284135762028,66.29068358253488,28.030125856159835,43.461850349635796,28.405328792005488,42.176014087528905,71.54451011896231,60.326317640350155,81.52221450053823
57.71859216463342,20.97379986214112,38.86764220819013,35.67171678313804,271.43729909698567,43.555034140443986,23.357439424258807,48.31494515876196,57.0373692740201,36.73571340073573,43.61570428805145,38.243276374395926,33.193421418119755
52.129301512562634,75.5594945551175,66.88527935362035,66.18741733809556,426.53312976384996,75.89704139625913,25.72783576118673,60.78028038056088,27.609303538078485,42.759765201281866,77.88039208804905,65.13011458798304,88.94808602293787
51.55184394292738,18.398277435617153,35.79185657369875,31.659704038541243,255.79543722229917,36.54038085915373,30.539862592331904,46.34874657287814,94.53453474778412,32.05411201452089,35.0,32.05999385109661,18.395933941576704
61.939519175016784,66.01220260145153,62.719955018504216,64.38312923087764,403.1635957237318,58.63305675886581,27.487641773141046,60.178502057655294,77.21816883221774,38.46145840622682,55.47686944016854,59.11959336736344,51.76523899527241
89.61779391934606,44.86738456497523,67.74817801501408,62.76754830672356,385.9781335952926,77.41833626935772,34.199923887279354,62.38796711892295,24.289422753603496,42.858370180028025,84.04323079715132,70.24982860358641,100.0
49.8475220362118,98.85595484363412,70.35493598063756,79.25258172066519,476.5838522376731,65.7779731411669,23.130485129900787,35.765227938611396,78.67545933036881,41.35261838360199,62.14365865652251,77.03329702318044,67.32074036204206
65.16552129075174,47.009325896530896,58.509834345384654,54.27180405421923,348.892525715218,54.83367240308336,22.518536443123715,54.69643030733223,49.286552147607125,38.54054482789958,56.142310149990266,57.54300782813527,55.38178325294905
46.155394214948764,73.21629696041913,62.95876778934229,62.39193586223098,409.99831584653566,66.79285313694689,26.68878119777284,55.41909177340198,51.02493325455268,42.233019918503054,65.77048455036858,61.399920930308284,68.37429595367603
13.360275835800227,62.38004670120813,40.78559603131056,42.772138355044966,314.3953009315922,42.77868316295178,21.33250559239803,48.8055517781126,69.942261263169,34.49940631173592,41.25279459363862,49.457554242828934,29.056002074388463
68.38929736581349,21.63603854311956,42.900242169608575,40.33734207219713,283.23311517013065,55.05226050287542,34.20493883819171,43.62027854731268,56.56455659155328,35.94877418081678,55.62733853041575,38.89042639836176,46.666487955026305
84.45853352871507,97.94246435857066,92.79030292381731,92.54889202662842,529.1286922960494,78.88651919708381,25.001013993077045,45.550466592282916,65.2709824855215,48.09670072988954,77.86203342896731,99.0,98.42166080471354
56.774294646200595,26.304592468209442,38.52848077804837,38.492473339405905,279.3307981322165,37.75482178895592,20.71055065552681,52.30999777008008,68.42770477259137,35.09659014294215,35.272813804953174,45.49183273300141,17.343940202083502
14.599463938452157,66.5435147710181,41.789015635785375,45.76589443799172,331.501005585158,66.22777813251155,33.627106195718426,59.01480639785382,37.2739487605631,39.02997979917928,69.75368345208713,51.11530096135282,72.00868666526287
47.6667394883311,51.71657881066199,52.582459078285574,50.09664308172964,336.08451554678635,56.281094787938486,19.749693949708636,53.534253884633245,33.037585623353536,38.67798297153072,56.36104726466272,45.47504089667609,48.45541369473852
32.85457504901626,18.244645182384,26.032387739093746,24.088617129036905,211.8551061712298,39.341004247549776,34.428380915904796,45.239915652048985,72.13681328673528,32.770002195639094,39.283521802040866,27.540739207248528,19.534371166187068
71.44686797094617,86.14220604347842,82.46825118828637,80.26407081446553,477.34937007486405,88.05320423352185,34.508855090695995,47.348668900450356,36.35960297557894,46.805014753475,93.63245561074467,83.18471242176152,100.0
46.644008519992596,56.70381390789123,55.29467658951441,52.67989175273178,355.007284486874,56.67749920013908,22.304053757757423,57.76239864537712,45.318834333616195,41.22889812219726,56.164155897016464,49.346396817014345,52.07519351745491
43.909462519117454,87.56162583667502,65.86678528088446,70.10076050965199,438.31890292753286,64.92463870644909,30.25511109535731,53.72050374757099,79.96959656219025,41.59895269251576,60.86810399582329,66.87811895647359,66.2346024688106
50.756586662665995,92.01924724062368,70.26762932202682,75.51418300944061,467.7056394863019,72.14178696387755,24.179189468008072,37.841824560733755,54.01440065362254,44.68021422762574,72.42809843068348,81.42466820219076,85.85633275376827
27.505850747002878,29.707009039555363,31.375960905957548,28.82654572253437,255.6063266595804,49.29503414995141,21.787698055365347,36.77972569905833,26.774310279146583,35.245418578131286,49.14520976937114,27.778761734069583,37.0216713863454
61.404313942608084,89.22985709813457,72.04052855689659,78.09963983592397,476.43707164056553,72.0723777124048,33.75544437614189,41.400501252752,82.83292369713757,43.347385711170276,68.98169460603383,80.82017810350833,85.44207218739814
30.409877365400394,70.07530889306777,48.3739400967283,54.20913628200082,369.00183705922626,66.16139917625652,24.271570569961295,55.16075066359696,26.768957126241304,40.60666101610162,69.10669579517615,55.662182129307844,72.09110890696817
63.42130357725518,75.16296720780275,70.57456296828194,70.46630175558373,433.31282284596125,70.26553561289337,18.891387708633083,63.770210320603255,32.6057345628119,45.56781310282615,71.24781922769273,65.46770434453403,81.26404344385848
73.84405116112137,10.9786697455303,44.95409076392157,36.124822311766735,263.60651526679067,35.604102082431424,20.39507236190951,45.42879827806936,67.88936696781626,34.4994990509247,35.0,43.67258068329369,18.3137501598977
23.725106385567265,25.31624797980948,27.168062185542436,24.679791342112594,231.34303990671725,41.05943077040093,28.28016533861753,49.380373140900204,62.67462608017182,32.82266277033827,39.029778383476774,21.247723393891185,19.190249566616547
58.31571191235904,19.90028914235094,38.024312008300484,35.266458250354184,256.4527451217799,36.623637738597985,23.635189586814647,63.5379250818383,71.24891291603967,32.08898418497531,35.0,32.93182362043458,15.708093200745045
74.55532696999393,56.09425190100149,67.7624328611628,63.47868192859847,397.4947294884372,57.82024183216535,22.144195019811782,50.9077482448255,61.699904362555316,40.83424446971845,54.73733993054466,59.813765212301604,54.32953995444244
60.36509401520267,71.34866192633427,69.71177836975755,66.95523476188163,415.82098143653116,61.8939670105241,30.112934976901585,45.78587013132585,84.07165990601194,41.43653328269314,59.61487031226111,72.5250638700362,60.365593023997995
53.599568555778205,32.77545981183934,44.97508612016934,41.105103309414886,289.5941341071445,56.629785156552394,32.5161533798171,40.32978104425361,47.54264710739627,37.72866199317679,59.31407955266545,46.10454687267626,55.768692856553145
90.14876824340654,85.50829409439758,91.49351472539622,87.36448375400116,509.92874476111035,90.73081942791082,31.96046546701954,49.08081442030735,35.90232952834458,49.99083499591463,93.85505239094662,92.79744730086539,100.0
70.37490904343541,52.52574044347671,58.102185238227,59.66540788346019,369.64501965015114,63.40516527614027,30.676027619709288,44.85708585445492,58.07370713015294,41.54697907696311,65.26564326564615,67.27040612915707,68.97592912627894
86.58446364515238,94.03585959886857,89.94271970960794,91.0553012173821,514.618090742287,82.36001408725389,22.380839755440416,41.989097609465986,37.92227904057927,48.97391076609472,83.74561812313222,85.983661774171,100.0
96.880551857817,65.90481399688815,84.82435612176207,78.29510914125969,450.3113835532413,67.26907482493557,22.08220133589046,50.4955606047336,58.145671072749955,43.479204923192725,67.3688050295402,87.78993581471775,78.85050676305852
39.45227569707437,97.44899139321255,64.97042508497526,74.25030511475728,468.9355070228474,65.43755415121319,25.721726515343505,59.66412876589101,79.22120522877486,43.19821143844837,61.761495439261374,74.14829457912705,67.33315116448121
12.25986321959506,29.378746051912614,20.6535854733525,22.531192918985592,229.45751854810686,35.0,21.716752174158515,38.39022644270814,68.44754412679566,33.416651057473246,35.0,25.445004666509156,15.0
85.71018938209113,96.30582259463911,88.04145911532166,92.06756930961991,530.0513268998205,87.79155706294988,31.471819873281955,51.00018215469173,50.68977261447115,48.82060272350037,90.64039888483492,98.12105350983518,100.0
81.08362914726862,68.05225734106814,77.29377590383858,73.26480606354833,433.9382776102999,67.30773661292558,28.83097962980907,52.718104685719425,66.68147005950087,41.45826743780767,65.45291409773185,76.99594187500449,70.95794150363785
13.173446520566706,45.49458749748608,32.0114099824693,32.56613110671833,281.94877676189765,50.33060080215659,22.02044015265504,42.973834204665174,36.56373623815652,35.63986421472382,51.66701550378765,27.42732985200633,40.57198088001965
61.30673735750695,32.93824394726407,44.94644409408586,44.28564131136122,295.95891799598667,47.757525159968836,31.27669632685923,60.41363678494153,77.62119497213122,33.830753721642935,42.4465441541096,38.954954300707,29.523729617690517
23.49217571954703,30.12706370736332,25.09502121952467,27.473108512236806,235.47829435904032,43.430930730993076,22.889963068106923,56.85794466619199,38.105110258046224,36.33711364028994,44.89184577365468,32.382227376653766,26.978203429372787
72.43571317222725,55.994550588893134,60.27336119236066,62.57101562222678,398.4977736428324,67.97924143828864,19.12193205103148,63.15864046443157,22.1114617715041,45.08062383499936,69.88901454743349,58.60632855345224,76.00239831070095
88.43086503317949,57.091562613715176,71.5879609943481,69.6272835815009,407.53033514565965,77.44535762179518,29.597034943127788,43.35339832058848,24.12602862441101,46.05132701437181,80.45039741609335,66.0567147481805,92.52840225889285
86.20474970618314,37.70803869037401,58.66572596176997,57.106723096697664,360.9457816637721,61.098567358294616,26.915262985701403,44.19920097137893,50.4573756251951,38.61253861367718,62.03857117855704,64.10633373180237,67.01953045614457
79.77455856839005,66.17306897548634,72.32362120587334,71.61366481264783,428.546199740614,57.12485329235542,20.032895815002547,58.38330239468725,77.08313313159664,40.57354907659689,53.91348993541113,77.83157341532177,60.39719339415941
11.539674543043636,44.06396554192415,28.9271861883692,31.054249142371944,258.841426099846,38.62249370007765,25.812644251088322,64.80307854084788,73.74039779068006,33.120186538073845,36.6285432738738,32.1035952278984,17.761287879800825
26.1840391570515,56.24248517400848,38.875693161545875,44.21910676722568,328.09878373210324,49.52088398081132,27.268908061479614,35.52974531127966,75.80429277767387,34.419175013191534,45.69885347883157,43.507393946492606,31.98255469353955
11.039925548482527,97.90787948014852,55.369937227690436,63.160697907482124,424.15941937477425,67.11815715041477,19.642563875842765,55.97444192453051,41.204785249395414,44.55209399319655,66.79444460629021,61.60612181065085,70.21328871418437
95.55594062148812,15.337693711573554,58.30032839848547,47.424992475539376,308.3633563727374,60.25274460412135,24.389740487014812,35.56422087889397,20.457192873640214,39.61289827750314,65.60614335975016,46.87740029570119,62.84824283481874
77.93241925014706,43.58456072255831,58.04139955042722,57.32370413359381,367.2339617955529,51.653036695977114,23.655741582630583,43.60645693380052,77.32340288219265,40.16190043114781,47.42445655866395,57.37308444679391,39.226725331548515
88.22193922457019,96.13869940585488,93.76137738957458,92.971995333341,524.030243398696,78.64788651370112,26.259545379191454,59.49815282184811,62.935788778118386,45.94935528999889,76.97014457702988,90.02321793435192,95.1974310686516
72.11363609147068,43.202564834742766,57.91798512645745,54.76699333743393,361.2652906903102,63.827254766458424,23.60495162845835,55.24365582524823,32.93791678964223,39.900664732105426,66.96549622087522,57.03481873251957,68.76129617275615
90.18346231236983,35.69466034317831,65.48994545735101,57.49018113085492,351.2391261238284,72.91421389788069,33.97086367849839,62.43358738511009,23.244738022159098,43.86991675448499,76.8935851048133,54.375174551389804,80.9881583776483
60.71599717795161,38.99617498837379,50.45915300759637,47.684103864204914,316.2728813286595,45.05878326660179,18.37974012447763,52.136731650852894,58.80614449717391,38.54462714665487,43.82634754873936,47.20369193191148,33.037760151611074
70.65882858122697,38.79895937801759,51.91936040515092,51.54290705930134,339.8847061950271,52.062189618066,22.168169296663987,48.68947727852614,56.87170479587365,38.69850137124996,52.32490493896627,61.67272507204669,52.24876206178181
26.8370426655415,17.13578169745871,23.363935546509083,21.016286084691828,205.70636756202873,35.0,21.901133790247755,46.39863161337,64.46923158557826,32.15286527852195,35.0,19.235054192774037,15.0
58.21825271112765,61.97229782158074,57.825173657827584,60.4706797773995,385.10614805572754,67.89962639133061,32.06227912292464,39.4522716125889,52.58796482118802,42.827444650178656,69.67257700945397,61.80924832653837,76.05152994707743
27.932144986403333,29.42133396243098,30.745471123204226,28.825658372019923,252.37557207274455,38.87897251634635,19.023116450873523,44.674947220848935,49.88993689313285,35.66661150427837,39.64424590722653,32.15624256019519,21.19668919693984
60.436210562859486,42.19173659341519,50.12115818479609,49.489526181192915,335.6698685812154,56.457167875051,25.881869096142808,57.5628153431435,49.86299170140343,37.50210996569641,56.230273768298396,48.67260109094129,48.95158507770804
91.64570437940732,21.00921622666442,54.35906223795536,49.26381148776158,309.40154725471115,60.767262233098776,27.70585888625372,47.32199959133968,25.99030054972249,41.27554030163809,66.33587416769029,50.08068216181902,65.50146330972521
66.25139932575115,48.38750301445044,56.608300148386284,55.53306153897073,360.5580518802257,68.57678361907902,28.306217019091306,35.45099887285966,29.391942590240497,40.81199101473321,72.8936327166503,55.47734190094197,79.10934978609964
75.17348688785941,85.93327535934742,79.56790001378273,81.62935997075222,479.513593505852,81.3913787415641,32.12726185190888,42.12804601601554,54.587928025520526,44.36872755961285,80.4956072064502,74.8664539930372,92.32047551419306
93.02831707897965,42.71791431803762,69.19024139532334,62.84207542241444,377.3107015982703,57.76379546705613,31.723174910889053,61.90768223068328,79.09387695610897,40.89174251135253,56.313143658475596,66.86413784992638,57.53474834706413
86.49114283062558,70.91487201250197,76.31778876991345,77.14538033975141,456.64636886602017,68.80059876266616,19.546086075293395,55.87169090654476,50.67508558104295,43.5249095206627,69.46014487914209,80.49365510594919,77.7951585064773
89.24982870802397,88.42042727111033,90.81794900176598,88.75218784587578,518.7905172435436,70.92656062019013,27.402418673765865,48.429270041526664,92.5960551624709,43.974321664285625,67.75798017668683,90.24673123232934,76.49006722045871
73.36871161506052,65.59434175068098,69.59803021260034,68.7040896964328,415.81241226020757,78.40132075227969,28.945376494315795,62.252866857840885,20.51844433772505,44.00914029591598,83.34995210387669,69.82652349113411,97.69166059313012
50.632494950014326,80.51851915147826,62.86304519054809,68.56410947089267,428.87237174274264,69.62183571941186,25.926662089081802,43.95375183536355,47.84642093063589,41.56881115684319,71.55831297704015,71.42963405179673,78.9811419464205
26.05976722617202,40.850993284595994,29.974742560959488,34.934502861226406,279.587091824624,40.6185656011693,28.39126509839577,60.96549390386501,81.4336998876473,32.312406457193546,37.339658325046415,33.54806493745814,19.308271706590578
28.28893477779454,81.52564966500168,55.493029161953025,60.23096371011882,404.30463324421504,61.57079268170425,25.8680343168366,42.68188326278946,64.205270990191,40.98227052165379,60.12534789446236,54.58873743059447,58.871393162463164
23.083995040376507,58.52497331539493,39.59178547251955,44.348582005387556,330.5307690360558,56.48016326529743,18.31977413376071,55.11419899409566,27.717330051214056,37.79837264906277,59.23949163605832,48.30642634677677,61.36763894687254
72.21756953073645,38.78238429543936,51.795276556463364,52.156458389558196,333.3900741531421,41.55790518034235,22.04622800223823,45.06976550834582,90.75970497803472,37.43301564211262,38.235852662205446,61.046028041838795,24.635413704062724
87.53982842743446,51.45013563029746,69.538176449444,65.88601274915226,391.0385365197427,63.82658853232017,25.147743373651938,46.60984429425734,46.376637714908725,44.333986467317594,65.02359476704719,66.24063790266635,67.27475625899898
67.57061543346141,88.4942324989682,75.14826508488402,80.12478567276548,471.7862466665961,79.18067696625802,23.167624455541038,39.85177677426194,28.29843860700103,48.076853903389484,82.88179816184113,83.07021604763847,100.0
67.37818164434404,20.62366922247068,44.58954602578692,39.325474191220025,275.94321615059965,35.0,23.83730592428241,44.555944058894966,89.70741678647342,34.445040805861446,35.0,29.395667032769502,15.0
62.74845022801601,52.65832427514751,55.40819422884929,56.69437465629491,369.4346515225519,60.05177480655828,23.680186945879054,54.61149494996503,48.776114174584976,41.37151286584317,60.444874236874504,49.94170967308359,58.31519462177418
50.56497950841734,20.336308668860937,32.907494115337975,32.4277770046835,247.9289068352616,39.79734110753769,19.074891779836843,56.3414366189201,47.554267012371376,33.70386276534865,40.43014226456977,29.949742468018187,21.877097611591957
50.336928874445455,88.78687112794005,67.0690625873685,73.4068942265422,456.6675006977337,80.3797621381747,34.34866191877835,54.11349724293839,52.997354761690126,44.775220240659706,81.96647349117038,71.1303921763922,96.22152662447456
55.28407482506491,83.87258119635685,73.19448193395644,72.43717864784007,447.89677742978006,64.71999783182775,28.28502916495053,53.28402628849505,78.60761476987179,42.93943348164477,63.26555024054193,76.72441058872282,71.21242663741282
13.643451608215711,49.34144091345264,34.0378834586081,35.06224519135787,294.37737824555245,38.468994250713834,21.90095464972289,52.375848210583854,80.32476796629378,34.29734307623197,36.013077055757826,40.06370054395936,20.86753184593226
77.39120621111618,48.35142544841857,66.8213329971705,59.96733775349762,379.9792945887795,53.051954518887044,27.837560089759755,63.02573809239872,88.11487545935137,39.401892530358424,47.481618632678334,49.8035909793368,38.83861477358304
60.8447950306537,31.762852399837254,49.68463366447331,43.39562945216383,302.78002788234596,60.124590154557154,26.95059053149649,48.06915165098421,24.35534717876454,41.12821604301428,63.12322516660328,35.066592472457884,61.693351438685625
61.434840633838355,56.788385979030984,56.56313197388529,58.646967840953934,372.1719078316183,60.93472173625883,26.911197211595102,58.680273547907774,52.3991727987814,39.52608931329188,61.772453310568956,54.347095763182296,61.98255011815161
28.26692831518484,55.30242829902726,40.23418210772093,44.48822830549029,333.03336582766684,40.42401417088358,21.880897126609817,47.59755564626086,91.96201976210044,33.705349365993094,35.0,40.53134984542022,16.97276816885328
65.22415647621776,91.5268066403953,77.99599889617926,81.00574657472428,487.365663835173,74.7506764454821,28.351273025362595,47.45269107883628,66.1172479073548,43.56915675152685,74.31287677994187,86.46064183979864,90.60993101826759
28.779537692863084,32.47870588579948,31.8165527930111,30.99903860862492,262.8257022470214,35.23350998221033,25.855992000946785,45.052990903333,88.27036669492044,30.30139041850002,35.0,23.91311151965104,15.704798009117038
92.31699910927014,74.8089367872905,81.97548946355698,81.81216171608236,471.439116092375,63.29863628318014,24.648886544398202,35.92426022294318,88.51327365561927,41.2118241005478,59.81316957429418,85.42988051944921,69.49276413893526
36.63961735300369,76.35697697123831,55.24562306021609,60.47003312394446,406.8344703917246,60.392978527281315,20.777490732028507,44.4727193202186,57.4077088666348,41.81419280652939,59.01950693944209,62.49277706807519,58.40993551939389
36.74932517788065,53.05411949915533,45.21376269712399,46.53220177064546,328.5419737927534,46.3398700342665,29.27253198301612,47.82676830791713,90.9746757454096,34.00298572183538,41.47368406254531,39.01187381127759,23.40314672316929
25.17991728180306,52.47927392420741,37.92289362717997,41.55953126724567,305.16407890279356,58.3630247150313,25.647960772101946,47.65531904776218,29.85242582445948,37.27965298050933,60.209964005001154,35.716387852960565,54.517734986717585
17.656412760576785,20.489672821664563,15.487587818863961,19.35636879722945,206.71923454249625,35.0,28.58669244301885,47.10570355796473,79.84266657208495,30.617785553638882,35.0,18.420776844036116,15.0
31.631158735016466,23.56046043376432,26.158736947023478,26.78873975426518,237.5962100705256,47.79763978946613,34.517560394687976,51.74276121101448,59.953179957425384,31.2383204217649,47.66180724602272,29.517601889616227,34.16672176937502
49.75025049656837,98.55361878080465,72.59259745503925,79.03227146711015,478.7482676772118,79.36078220902083,20.0061002157226,52.91427046372516,26.692024926047218,48.315769983896764,80.85472189726278,74.54468541986112,97.4948554100516
57.325534282689055,87.61279052349462,74.88255724188687,75.4978880271724,457.4135963154149,76.9061710553869,28.71173880900151,35.22236379428394,49.703143694364826,43.585124541565925,79.28878948466986,76.97065242871739,91.0646673489594
74.41438161607743,78.81591594265417,78.50135031550603,77.05530221202348,456.23512193716255,71.66222553290157,29.663150844396775,51.470284467868495,64.8029498598139,41.77118896709508,70.86950548108854,76.15038982230651,77.71494763909837
22.1970245675247,28.571538208844753,25.81346001912051,26.02173275231673,244.91604150321822,38.92949285096394,23.545386058235234,44.70223856623913,62.310544016515124,32.16690855496101,37.0021732777176,24.722546652311365,15.0
56.93825698939615,79.60403376661193,68.7823928933231,70.53772305572562,432.40213201684827,56.735804207376944,20.107782512648242,63.13323640066892,80.11722459793305,39.20078194558066,55.04951238241032,73.18933746291006,57.1443406489027
11.396405768191919,80.87547482029056,42.320256041081564,53.0838471994511,370.5200878557068,57.71219900766637,22.56072961271613,39.72525914320779,56.07936471465268,38.32684904517386,57.28997181161914,48.86985916040825,57.006955963014526
29.436527449368057,46.37336004562711,34.89676770237758,39.59862700712348,304.90433030715394,50.25094059601534,23.629707184609106,57.55897500179631,47.87719999471066,38.836550902449694,50.90869604392781,40.28017213523102,41.59964283370001
90.03485038012,10.579040041321134,47.64224291342296,42.36136417684068,287.2553741917357,42.713959426664786,33.196420811817205,56.21481862604813,94.36701227298656,32.131002855412305,38.91770534211998,38.100033221938986,24.990659474951084
79.82664615028807,91.66871801384511,84.64081364700351,86.9318892684223,497.149043633549,81.2749187233854,24.16151254617629,55.148442901617045,36.009206550023265,49.48417092128589,82.75490944046584,86.9553255052808,99.14404566700662
75.90283035923723,49.01798573676973,59.83412498645736,59.771923585756724,366.20448137411904,52.49606698344443,30.079981803424907,46.571443628086335,88.45803259428277,38.23420081561965,49.2577799426927,66.27586384890222,44.73244111291157
62.25344551584578,61.812875051518674,64.43310981917418,61.989103237249516,386.6350109446548,64.41366912688495,22.943423922089067,37.91713907286745,42.150665170168004,41.97795796159905,66.75441785628453,67.83098440693561,70.35541362246761
32.59135488837302,32.825624498939575,33.373412320003716,32.73191665471295,260.92482220521885,53.30964774375967,32.57578069366574,64.65633557709494,45.747380394758636,36.3614723272042,55.23545238969669,30.604141295671166,43.8802673230062
40.5896485201395,42.670259463798445,41.27354641508066,41.83801508633486,312.043221442947,48.8419748974044,20.384283005690605,36.637087335042615,50.15306141853361,35.41445880207934,49.13863883886798,44.720723668232765,40.5396108596216
75.85049879964355,93.31073194917774,82.12550172808555,86.32663868936406,505.42174749840746,77.89543245789156,34.89682019498345,55.44734547628147,85.89808384919431,42.24158897905597,74.68930813788347,87.28049834232672,89.9118355634522
12.259924165276498,33.133465453183106,26.022881681171967,24.78404893802046,239.09200731342585,36.89360938681741,33.630974772816515,48.38452347482779,90.24703214264308,30.08456745673308,35.0,20.04071781880346,15.0
65.65428453419604,92.09280824625743,78.97626573508298,81.51739876143287,493.90247905521653,84.17355835542403,23.505165727298014,64.3130558852366,25.91104051343393,48.760262588493575,87.5284121275368,86.46768431537167,100.0
37.52896227637656,18.40986528159209,28.647717962591056,26.057504079505875,238.40830382279816,52.3825909361404,27.512998397907616,51.35779720638086,23.02352805159112,34.44764954681877,55.01393615035976,28.790311506528013,48.47534349949331
70.5248196290442,80.29153146635166,71.6079437464154,76.38484673142868,468.0922772189735,56.78205532558868,19.191054781817193,49.2848033443082,88.9684457269282,41.63786593968437,52.20304410685904,79.05524878434026,50.16111055893704
17.731822375109278,47.70733586053938,31.35232524735557,35.71713046636734,293.0516909238387,44.6814526874178,19.87224295170264,55.48395350476359,50.494180315693185,36.16923699923468,46.242343485738964,43.68949354005486,38.328788927960716
11.096340244423011,40.46883084207967,29.53399180496132,28.719834603017006,256.8754842898998,61.05304960091185,33.86460064660559,55.269339076321515,22.129288866745732,34.858873295517654,66.5382276472825,37.06959101791048,64.38279708686632
64.03751569511823,82.11557509056946,75.10040483390475,74.88435133238897,450.1993740696972,59.24033056883936,22.389314433152748,64.03513415306341,86.55536016145372,40.82347773793276,53.87068382173031,72.81643971410521,54.50039608818188
32.788136139466594,85.53029791275588,61.580391101253795,64.43343320344016,412.4036282251444,62.07712239110444,28.950369353494523,56.655008045773116,73.68705027394729,41.172962114256805,61.670133857058715,69.94959513404791,64.0524030224126
89.05847402002436,34.84781090427346,58.13729859157093,56.532076150573815,358.58906180880666,59.40048616012115,24.410561243026404,44.88390667879809,46.02497597664693,40.417844370865055,59.32848949776129,52.58663277301438,54.83644308289235
14.354546868880762,18.83957476557723,15.18900082095384,17.04556360689864,196.5133493072126,41.22130668646965,34.8853022101415,48.063304753837976,59.34845678685326,31.78277643932176,42.36839851318482,20.355304470214044,25.14549220572448
34.310558412955636,93.2246997841568,64.77123404702782,69.65904323567634,445.0261101007445,79.9288168505424,27.86265046933316,57.4490665671568,31.5903502769715,46.25708321250397,84.89721654162462,78.78686166146682,100.0
97.36919794965105,70.56462186831389,83.35889949584633,81.28645230084877,472.6296852777392,68.19115416714075,26.868560552728418,38.34924714615096,79.6898978576989,43.765329998582544,66.05176228935736,86.21075049320311,73.22960264605162
77.46293595473634,97.95910651558106,90.78619944624077,89.76063829124317,528.7925756021531,84.81816432328718,22.206822348488764,60.13953805127142,32.69609581572223,47.924083417009456,85.80412719425901,87.74639587956727,100.0
46.804077662489995,58.61944947806888,50.04367876993746,53.89330075183733,356.23035940702533,51.016916975793244,20.276737962258174,47.29756534601269,64.27517440086443,37.85059033346887,48.49425435105905,54.84318295821146,39.2290525811649
44.69234720827131,91.57734561218406,69.40555213635697,72.82334625061895,446.2381127980333,68.0041539250259,18.25177409214063,40.987042925908405,43.86289556545336,44.450199866246294,65.78238507850405,67.83271617515688,69.25492010896636
53.16779774179159,92.96278422988242,69.8708967268409,77.04478963464608,470.5494085404017,63.51731820887246,18.380372378116835,58.126946641584446,68.09196076658188,44.301291513124184,60.001325975989175,75.07318333922737,65.42803509530367
55.239486581262774,71.88074078208601,63.724598810438074,65.22423910175672,406.0985663503196,62.73872592094281,23.390200506763506,37.76883404416416,52.446012291297336,42.591219991428005,63.31502767732245,69.34673104851616,65.01661014212382
88.58453361808748,71.58312599488183,76.92698875093708,78.38368904416409,457.61002039613084,72.28481011714918,29.45952319582733,52.23151624926364,66.39103395124047,44.20166956951256,71.47142869468236,75.03763544360866,78.94888933802444
97.21499093949701,44.70633834252505,73.28905115744938,65.70979938131384,387.24253318947325,69.46959051905928,22.79224410882884,63.04591622550629,21.94537671865166,43.570235105840226,73.14847897233868,74.15711387130754,84.1056434986834
59.4561616634722,63.53292359527954,61.88383859546831,61.902218822556605,388.5893660568512,72.34674491099763,30.99734551147303,37.63340785218196,34.87654096641372,43.785876899725814,71.52689331139864,50.58674611961124,74.78146723498165
54.61434662220828,40.85236619531549,51.68702032801029,46.35715836607261,316.7172148612767,50.98619569828025,28.65984009575997,61.65029652952632,67.84512457735627,37.03439389478591,50.78543746582366,53.32667098599206,46.74113368856716
10.914557823890352,87.36559995258398,46.1011790416233,56.785183101106526,398.7434992538987,59.537782453929566,25.080863679093344,55.43217173293773,67.11423032580231,37.77718804444822,58.26287930607848,58.16494414377801,53.5415153684152
74.94428890865028,17.231998897783576,46.21424329146513,40.31691490213026,281.27908918114093,42.955895139534384,23.021246711152635,63.59010448388021,59.02271191301221,34.87797268481141,40.3390031303329,29.35609528212707,26.81908761477725
22.478628903969227,63.55468642955709,46.632439704423945,47.12426341932195,350.05700965299945,68.82582316318941,33.10437992146909,59.21235742507221,35.70258775349984,38.13687166195456,73.94334039234896,53.83079279353338,80.07972482543977
30.412747620038537,52.6886631463096,42.73022731882884,43.77829693580117,318.6646765766203,40.84176688483428,25.721292510347833,41.753514830848374,93.9995678683307,34.01203303003958,35.0,44.15818298020543,16.962093842855307
34.263558082978236,10.245608716970008,22.815792295987595,19.8527884633733,197.41612555217677,50.70559641981134,33.27771332629682,36.22121520837563,23.24002256418126,36.05190572605796,55.10398943539616,16.611511132350962,42.82251575893761
39.93163455422369,69.45475163612683,54.751190753861884,57.645504803365576,391.18231839793566,62.92628803624442,18.95919908209618,59.39537386209895,32.794900207059506,41.6249026299027,66.11159319945118,62.833050065553465,73.55827837099984
66.28170069321129,79.10334295589986,70.60777503487996,73.97468605082443,448.16979644650223,61.365564251311135,20.577650999021888,47.88780692660582,72.62688135652559,43.22984506579673,59.397333305897504,76.19998698048823,60.61199275172577
42.33703612382656,94.05979210334944,66.94534504063071,73.37068971154028,461.44268132511235,77.24824372851286,30.752477141266993,62.19222287079023,52.84464525904332,43.35592054864846,77.90106340726386,79.10082828308649,93.47050292252507
18.810079929729543,53.954021558198995,39.303887510847844,39.89644490681121,314.7994631453212,60.17514926731133,26.74398673959958,35.74855653403152,27.922938382086624,38.890249789896465,63.70187415190579,40.602608719165545,59.61232710706237
76.06090115464403,85.006775588867,77.37971946380435,81.42842581517782,475.1106510276701,72.94663414151182,32.16034430759706,56.632628260933764,80.44670958710302,45.43749961200257,68.92741494387569,71.65776294371244,80.1718761397558
39.50746843084664,78.61339633613639,55.80246272475461,62.97102517402049,415.1742647090171,51.0399330988314,18.543974817593124,49.9389818216447,84.60773476124497,37.43098785347049,47.23932934020019,67.8306506423383,43.989681108818516
26.270249211788247,36.922732794532166,31.571332269624264,32.6617393614346,268.89838356708475,57.17776521510692,31.297117720324568,41.80878884561183,29.620804561022247,36.74635897700838,62.726832416070366,36.06764002819936,57.92981106382968
94.89338531908994,10.000492764140681,51.050478361723584,43.95764978612039,289.8406293086707,52.096509362963644,18.767415255656022,37.50048744072821,25.75110779211652,39.93663323646108,55.96325222792312,44.202516152110505,52.26724241270336
40.44814530630307,11.667963120342373,22.23097195533245,23.18003599472665,220.54869940690807,41.35739184182408,19.743731458233995,64.99368115437787,32.33169586334586,35.211610025592954,43.4180141549536,29.910034318346767,24.924914910696412
27.758759266638624,83.06320671399894,53.47007949919196,60.941427735054816,401.5028684755137,72.67168905345801,34.98248561737921,44.819313063359594,51.70808666240367,43.23068899981911,74.06253950040902,55.81929959740593,79.1598615797539
37.4498724269169,30.806963224174236,33.51409986694814,33.4641269052713,269.1292434498399,42.62102017195526,18.735131424647513,46.217480816557,45.96836764593803,34.663911896532774,41.78517423005193,37.39454052872506,24.00757328290568
33.45781301971198,25.18340474428419,25.773642600805747,28.493168054455303,245.1058980535647,41.13909788900018,29.437407796543685,39.9799998082601,66.15442885145549,34.904481624094046,41.43300650546173,28.60890080430142,24.157528639727246
14.048809409015966,79.26634096578779,50.493665084144965,53.179328343079064,366.62841207836993,70.90962274175159,31.97790839292073,46.35744633536282,30.808715182550884,41.20752785765871,74.07119325754645,51.22112289081017,78.72628158118788
50.38669016229589,27.461042943045445,37.81397179902879,36.63130183074563,267.4789095935539,46.31044882902205,30.501631709107567,40.970758982990816,66.25649952887863,33.87679644472476,45.050432016865344,45.45765017772036,36.414585740054555
69.22407334012149,46.9992643731324,60.68263367722721,55.88918795992804,363.3924573189521,50.974681899737654,27.19086290672238,61.311820477579914,82.16463661010417,37.849808000857834,46.55123097788255,46.15213240165197,40.57017930534051
66.74579458685629,69.94363987310213,69.77886623033933,68.66450175860379,415.33274660372547,62.7827675177068,21.25910961777399,53.91623013627053,50.612929154827754,44.10856263572967,63.01724942257823,71.53078361649736,64.72773167478339
54.065825695575086,33.709346703925405,43.154332147791514,41.851938300585275,288.33408080638037,39.2445883549185,18.62964783590436,37.84781008474615,63.259433990042034,37.601537365378014,35.57782304101857,36.414176948531086,18.056224563064955
95.14320990367555,70.35674068024784,86.62849259442265,80.27132836961893,463.95008019623225,86.8171980800103,33.26378641006512,41.15252673998914,28.842827525809483,48.16234624290115,90.95681707343853,76.3795913214133,100.0
39.34659567571495,60.9576773301184,48.54777735300711,52.31324466835702,362.768974434405,66.8208816074352,23.310601788420364,51.04982433488661,21.73820627727588,42.93678045829004,69.10263934821808,49.46273159204,72.04237778306207
58.25183731218602,34.37387104812815,47.865352515973115,43.9250575537513,313.4101273506818,41.99108450790988,18.739763120110155,47.515899134680446,64.51400889086074,36.848132764704424,39.57129549156577,35.990042595260526,25.17977216126724
24.057310381266028,39.63798962144446,30.48607994836341,33.40571792537309,278.36702286029436,36.30129475318676,21.30920987699527,51.449423639769755,78.72016343756633,34.36995764016496,35.0,37.852785727443006,18.705559489041732
15.925515101880631,13.85057437798791,16.450967121546906,14.680550667544997,192.82633793023095,38.069370545156445,31.15330677707133,59.94426699481066,60.87367106373428,29.578172038113458,39.55446448293111,19.839533974970113,21.673866963635263
93.31039699130021,42.67893396054553,64.31192578756914,62.9315191728474,388.86550324583527,49.57411330868286,20.728485020519383,55.919550181622974,85.49033298295133,38.24627317144886,45.30503367291541,68.34954316887979,40.45050003835459
69.58815109093405,53.73689887720512,63.15925189497127,60.077399762696686,387.7318316585489,66.12035898579153,30.475532024459874,63.83888086953979,53.645923538905386,41.038516991496664,65.04652059770054,57.267910611668874,64.96151199425287
44.01303075526888,91.67688958626803,66.78926316331658,72.61134605386837,463.0818905169406,70.90803360507569,25.196760648274445,60.64306307660625,59.13125738755016,42.489406914560284,68.17127486225472,64.70958881419048,71.67401144362292
39.568049034269535,65.57211648917622,51.66254811139993,55.170489507213546,375.3179196358356,67.98139155555016,34.7786288846952,46.31303238453455,54.69794105672127,38.418113034841674,67.79500797674615,52.21798460239423,71.16769307842274
26.020756281660173,43.497363754778064,37.30825590396097,36.50672076553091,288.6952295539634,62.45195668354789,34.27884941897231,62.13621304782876,31.335289761743176,35.6948664859062,70.23928076453126,46.35162931952673,70.17990508651343
41.914932228338685,54.719274584885085,49.7767912357713,49.59753764226653,342.41436684516003,55.266455563528275,34.167026888496096,37.99680375564496,79.89541342062972,35.857757570902145,52.54876509335774,44.24045324245889,45.258945765193666
73.02566851271476,79.05159120876631,78.04486379801094,76.6412221303457,455.56924475593206,75.03527341680241,30.867817364098215,58.53562280659405,60.00502404878846,44.20769189944025,75.21456945419621,73.98311165740151,87.39006994601105
30.603056400834983,73.80861633318773,49.698107741700625,56.52639236024663,374.4028878232006,71.73366521145122,27.76723120485387,62.25956596350197,22.659426764432244,43.92905872847937,76.10868773263053,59.09957398058008,84.11102038932677
87.0252388238334,78.42978197779392,85.47144923718962,81.86796471620971,470.9890027046142,64.78895712676312,23.16550353087401,42.274585124218895,75.68212277960453,42.570954892666315,62.452931383498274,83.70354993832156,66.49209424920575
10.851935504609155,35.32254347904491,22.123905507650072,25.534300289270607,232.02590856946438,51.88254467676,27.630288483055935,46.495179874178994,23.484624670815908,36.554691549446176,54.912536674283196,21.90858063685889,45.376957149440116
95.24197416543686,91.35170886338862,93.70765451521379,92.90781498420792,526.4485396552477,73.02363094429636,18.051585274349687,56.329835952177014,62.371587803726825,49.20016885417191,70.79505670865798,92.29287269651915,85.01741122557762
79.18534506128366,28.818955607095123,56.12010756726869,48.96551138877054,320.9704726460781,37.94529747451679,19.861927463328442,50.05350792710626,89.83535006290089,35.611414682278365,35.0,46.74602145226804,20.527625345452346
39.7184723462516,67.55189493493386,56.96527336133848,56.41852589946095,370.6836021966733,59.24277264685814,24.86280157038607,39.68870842945523,57.24906741649196,39.993838356684286,58.28512611995157,63.893420967231535,57.721107412017034
69.32642046914792,77.38740454516659,72.00113838465333,74.16301091475913,442.183586639879,74.98164633214917,26.549462212338646,45.70405190399905,39.98468238441605,47.01077305327015,76.96269344564168,77.82988684657555,90.67151025858546
92.67096331112349,80.70439767664294,89.15721774339636,85.49102393043515,490.1265017947995,68.8215308553344,26.255828882320667,52.800629776960406,79.23241521537986,45.86565905570709,64.82305862504052,79.23736248842995,72.44405222580077
81.91328792704141,82.51792326644917,78.90944012223163,82.27606913068607,484.3486160510424,80.70998601529587,26.21345308756826,63.38358409998553,42.248096894404725,45.54488788196226,83.51114362487486,88.83151085144769,100.0
36.40174361807936,60.53827223927551,49.39976339140752,50.88366079079705,349.95918227744903,66.33814387793421,34.574404664030624,38.95499504254937,49.35493167775678,38.96759214725207,67.08078858267257,46.63631071974458,67.05442100959566
40.155287995102384,49.758269051486415,42.68954398032578,45.917076628932804,317.11252479872024,54.142858673174565,20.525834144850663,39.99964481010679,34.82550786619213,38.99555707797462,55.90275802413675,48.92727327866246,51.763157848512215
68.50233634866694,24.95384668379264,49.26435573399248,42.37324254974236,285.734104985194,42.340497548832246,23.541756913731742,49.7250456784095,64.5898751639563,36.39345544497374,41.09473038306427,46.188921757996,28.67784134904626
60.36456263991692,19.939091255790387,37.75390256633608,36.109279809441,260.9974751707019,44.90645205399421,26.299327384904696,56.940681442871565,54.554401670319365,34.083933591801056,46.003860202580924,41.118661730806274,32.95105813958473
24.652075715602955,52.94552506945664,40.34610921381854,41.62814532791516,306.7817045149641,55.13551083377791,19.29251182983455,51.898984282242466,24.065199762829437,39.584050562987656,55.76150462976875,40.9229030969946,48.76833082340439
97.69675740261822,23.97321461083289,62.50645722659187,53.46263172754703,334.6964178717807,65.8238449932577,32.82918182994756,37.77329635971622,41.015494362636254,39.009256334090786,69.59816138988273,57.34537446219036,73.43261306807148
35.907815503576394,21.24676102118702,26.949586446269837,27.111182814142772,236.54115413442457,36.93325907151092,32.36895406033804,46.56172079674991,88.61064944401132,29.85253650230222,35.0,22.59402734184603,15.0
13.977260962939976,90.16708601079381,55.700375590339355,59.69115599165227,411.7294286975033,78.3977106659852,30.353637950335177,42.226780082351915,25.54441824185635,44.29691940225865,82.91758455660184,58.45840871700092,95.37775242175103
46.03021566779966,22.864646508070276,36.80772548283813,32.13087417196203,253.03817701008768,54.779374240109455,32.05771192455086,48.13097440280038,36.27623063429796,34.850713933702934,57.12564745366506,22.769227537790325,52.3685882008145
31.06864688067005,43.65673659309434,35.70198345776008,38.62150070812462,291.7312687586367,50.59342033562742,26.509557629804384,40.200726171630976,49.513629698666605,36.07761755312178,49.74492798728528,36.2441491030287,39.6173896926697
83.87811105709605,91.36349170482778,86.8326252418336,88.36933944573508,517.6899843569227,80.57524344858994,22.248460638951027,39.20205521987785,43.69086998019582,47.31268113521024,78.53443439802037,82.16722685841383,91.35443908128664
11.634652427330709,53.58156907293318,32.19444070377085,36.80280241469219,286.55664374810704,47.91605324890887,20.27462382552403,50.29762684054681,37.60630700146845,38.598505147680584,49.5508143935044,40.90783171435494,38.807758909605845
96.78235373352648,66.4146548412764,80.43074205749683,78.56173439817644,446.29132793581346,66.2442514935139,26.244123475617855,41.19398006415291,68.58155640849844,44.12909102984414,65.61212588207817,84.29456857969164,76.10339862848991
20.443884046524275,35.97108180459909,29.459795820580638,29.760202701369163,262.42522127150414,38.68026799754196,23.4557335296369,58.96560669669503,70.83143452049619,32.27542891869192,36.71865557518766,23.42935587883554,16.209142313997166
53.61555808750625,50.29207648367835,54.73763902350315,51.621469125209515,341.96503833846947,41.01226096430035,18.62269678018332,61.39347930634884,81.87679647883873,36.27282138751745,36.06428138849823,48.831584678110495,19.67404168833505
62.61605142893113,12.421546159057069,38.55270579906859,32.499348267006695,250.39900215425772,51.54414770001738,26.28145606862757,40.250219878928355,27.604545397040543,36.19466237952624,55.25141689168467,31.748988896065242,47.830284365147335
49.11932697133999,40.56317367156771,47.57971883881672,43.985634991476616,316.49057454719457,49.736218438905354,34.71569350480131,46.15792416016856,88.01244536428239,32.985451612554066,43.45243253085058,31.82036924894357,25.92452989847957
86.24779111191017,59.1069976500279,75.91107076507515,69.9633150347808,409.20616512566295,66.2817659663222,28.709797931080942,47.373735405644986,57.88242963120931,43.73655298027617,66.94318207677657,72.05833390411304,71.5260509439587
55.88018678708785,30.79387972749044,43.209182334644474,40.828402551329404,290.80852108232136,49.79347922219371,29.754555266060294,35.079833108578384,64.00701993286123,36.28439956871267,49.614985775241585,40.08625816907617,37.97455145022359
39.64155435060451,16.095135135552287,30.290906385810032,25.513702821573176,230.86556122302198,48.24980157822732,25.09304017401123,42.78923701629473,28.85150565892038,36.709842832119854,51.281340776699146,24.05891849987087,35.09778935281083
32.7615225015542,30.03626981577851,27.568560563717675,31.126370890088783,257.6271394086637,48.01362999888925,20.549006234154472,35.37113548600796,27.863837325261297,35.87377137614989,50.22151016638828,32.33511926782459,36.46114973326853
29.181991835774003,32.58867499939362,27.478414334008942,31.226001733945772,254.37995781604346,40.052365060183035,32.61349681321059,55.652736241868396,85.64511528992124,30.4375472157918,36.570009478867476,25.101187951294378,15.0
95.38092857587836,82.56699363547561,85.25618643968502,87.69256761163672,498.0800322031574,79.76349222702905,18.4858547376589,36.20500900792957,25.96364781233104,48.320580765455844,79.09465964286568,79.84855943621348,92.5658773239109
23.881174190774676,65.76642559882882,45.397737112341716,49.012325035607155,342.137604716891,63.40312402763082,32.48849525651663,44.87178242303622,47.52255114083647,38.662747739905015,63.654625391358614,50.97686420228033,65.38381404508823
32.83025588318531,90.49826322625891,60.13106547584334,67.43106028902947,439.1202061308897,73.45993291630427,23.902855096067235,48.056599606324156,37.695764255099874,44.82849060072751,74.42870142962998,52.65593054514483,79.16257843516834
67.5255226784444,52.3624865093661,61.890652828430234,58.42770097699742,362.83176855092336,53.00256509167478,28.076334345306954,51.701846456466725,83.06362471918891,38.91634942762443,49.72065357427246,59.819927664092454,46.394899400030994
22.094203770159556,66.09524536817474,47.08469335643523,48.49482872896867,338.95664660272223,67.0722112297068,27.48469564243929,38.44998579979472,22.024699381640147,41.62542778560523,72.12356995775718,53.705872761642254,76.6320322291582
34.02864717776488,75.69597104069058,58.017538890062944,59.029041495520296,396.85339194048476,72.53518100424468,31.462854143533633,43.474917205855775,41.658151955790686,43.11023249396975,75.78208408105087,64.64970342668073,81.67968583910992
70.35572148955794,29.45086823132013,51.14254612610092,45.812809534615255,299.3297059060264,55.49233538644782,23.16275759107074,55.219154351783445,31.201179911742617,38.471519827245935,59.25350544677998,45.74913875413017,54.07632517443848
60.5410838492876,23.82282085751549,42.035904992587064,38.51012605422434,275.87419836398044,55.873070863522734,26.103684804269513,38.16682463840898,27.987281528377146,40.089689020644464,58.9261168058752,32.85334666596479,50.890853620496976
67.70964556923076,20.405600061036616,42.431052073811266,39.32721826431427,274.1754939732511,38.72825946086489,28.128165392606807,52.3993013694341,89.26315202770667,34.6710811118377,35.0,40.009368118811096,15.281165205060583
60.315525745852135,71.37158016434537,64.93609670680408,66.94915839694808,425.08100735977956,73.96674599070286,34.329632077905714,52.081871784120565,54.24440466621637,43.76081094180134,73.96364013548347,63.692867473448956,85.03030688417392
88.21896347974764,41.27978760043945,65.82013840302889,60.055457952162726,371.9101681146557,45.26801286736084,21.133642174442016,43.54555208492174,88.70051920220644,36.84981862847295,39.348901021922764,55.56021458295657,24.801309240924024
80.77601392145098,62.49315637331093,70.74103427601646,69.80629939256696,430.974662602786,51.307742801260346,19.12592680391402,52.3335890969203,94.21762336580336,40.58378656995253,45.67984590382228,75.46636450967573,41.48679677110004
38.96434632649874,42.943343818707056,42.94010760667517,41.35174482182373,310.5468274719257,48.7856259567955,30.694497035603597,54.39425303286718,77.44250585665984,35.85597330887565,44.625028134031936,35.13168690095628,31.1603061560788
61.13281526633545,91.21485872003169,72.28767196096715,79.18204133855319,483.9166487295369,70.34759054907292,32.51124518532136,53.92981513831087,90.05457495212971,42.57533506983651,67.12281564981143,79.61143060940246,72.68758422535686
89.77058588366656,16.440747172201853,53.94079062562149,45.77268265678774,303.3303247618378,47.09255376543952,19.961835183600677,38.50309072136039,47.459599750219105,37.368746898674644,46.265415527045505,44.077964571489275,38.554367943935915
71.85838796535592,57.379503876335946,68.24219607817047,63.171057511943935,400.9300656958682,61.697803916029265,34.279729425326764,46.66386434381534,85.83373699662685,40.08243249052505,60.02550601052761,67.79192926016252,60.61812604966926
22.007804522725472,36.14604682309897,29.07984228446252,30.49074990294957,262.2811878120671,47.1711464304254,33.74587017235419,52.7972013454699,70.3559824754071,32.319541781220245,47.040793832845864,36.08187150085502,33.197824253797705
48.06772260810269,82.18993225335727,68.75842100682523,68.54104839525544,429.04524604527086,57.80218813302194,26.075474312955308,56.177788000797065,87.15362165260483,40.081543702131896,52.189381224480016,56.813963722415785,43.281463733584026
46.742165325010866,26.603459684138237,32.96872846732029,34.65894194048729,269.80313205466274,48.055350636948575,34.87653224321142,62.576199016898514,71.24531831456102,35.29146099580803,46.74211203172972,31.739960111216845,33.26376599045603
79.40913929952434,94.00699408538665,84.43620731596923,88.16785217104173,518.4750333436072,86.51404975967027,22.587398285470506,61.30842265819,27.376587926760912,47.91967411896767,89.75458110033208,93.81454056697432,100.0
58.88108521110074,84.3138641561073,69.74521408580105,74.14075257810468,461.1805642601724,73.22681473515732,31.73520774128157,52.373162028780065,68.49220652654526,40.99335379150704,71.18808785035164,70.74010250365575,76.26887319122731
74.14246767541597,63.230574302431044,71.99132153933967,67.59533165162502,406.83580504891165,69.60921521239995,19.01572629049994,51.03823362473386,20.07703539580888,46.41568590423265,69.54936335645903,61.514852126754015,74.31034827273083
42.9976975810911,48.37089736430837,41.81255622810798,46.22161745102146,316.765456459448,45.118748380376296,26.58581634019103,39.50366795659412,78.40719562602487,34.99412088516084,40.485102753017074,42.83704565026411,24.05889818162231
80.43402929726585,85.04973730282613,80.2892320931944,83.20345410060202,480.05102228268515,66.31437755733106,28.78076223346411,59.138706670862945,92.27923229180986,40.94960645777371,61.567333463249646,77.67769793742183,67.84576535890675
15.481163484112605,70.57469223230734,41.339437597401734,48.53728073302945,342.6859036114144,50.94502518554007,26.314743889829344,39.74460029612438,75.27556385462636,37.62120385169418,46.70646953956768,47.40746344453302,35.06524261100697
57.17225885390815,56.6594592835588,54.23571786360001,56.864579111698546,372.50104223056206,54.736098022019576,25.467279379491764,59.23756104957479,71.7958406096675,37.2124169005905,53.29215971583449,64.45635069942716,51.56108820786124
79.73973886498358,29.758401803351546,54.77374869795708,49.75093662800436,331.72131905294964,66.50120626431023,27.712681991978826,47.72163355111842,20.5096195549357,39.83809098486242,68.46437440442793,38.362329598327044,66.83590726316636
57.26926656708138,60.61549344764758,59.162127127875856,59.2770026954211,381.441312292436,60.24223728439284,23.730083512202437,62.26290899118858,53.81024463193586,40.84991649182207,61.97095566192694,62.12701240188562,63.829051547131144
77.93706175640484,87.7948457780151,82.00371710283342,83.851732169371,498.3307102857928,82.18710456787167,22.40022722462033,54.81006952872099,27.703047550972954,46.31125914288009,84.14095153158121,76.57264074361805,99.46543951120218
43.673337481876075,21.6588818824343,36.619204190808446,30.464664122211012,242.6886879625838,37.2454826746167,30.257545439074875,41.600800916351545,85.8388408044563,31.386152083128685,35.0,23.619457425689497,17.201098388059386
20.545408085399927,30.911758034317025,27.99654778770927,26.765218054750186,231.81930791712747,36.00363501998852,26.32195367367357,50.91224370240688,71.6534045507093,30.30590067758884,35.0,31.1848355608959,15.166393519803345
68.89400566577683,43.3626907501935,57.11571942336814,53.57521671642684,357.5100161219768,63.957712627326075,34.77681824293052,45.611407384832646,57.794401536862445,40.78175618918248,62.84944087176719,53.20877592474693,60.897651372252255
35.949683994167756,98.48417486108899,69.08532377940739,73.47037851432049,461.0556423882834,68.1358074454223,32.09337215831213,49.689983021361705,85.4618309275894,40.39205618146566,64.02073929972299,74.7033764238668,68.17288178423031
97.52725682850442,90.1385572422855,94.91300653533959,93.09403707677308,535.0802367486905,88.69396867507605,33.90286653763292,55.283248755975066,58.900983401848116,49.296616653600935,88.44374431582197,90.82598671411778,100.0
49.24104375271318,93.247842436068,72.51792687283717,75.64512296272608,474.42626787058606,72.81221685850994,30.879058914278914,44.29582659568049,73.90317447981374,41.51087203711014,72.36315332931363,77.89183451248607,81.92873771246505
75.97789725360195,28.00686816832345,52.354816090146755,47.195279802434854,310.9791937125129,55.36759765365925,27.46008958210372,39.066002720848175,47.09209066347588,39.28320962692229,57.4095678661771,50.80681077948691,59.73862188804008
93.0618720834213,93.17670311663635,92.00044738241517,93.13077070335032,526.8500372570544,86.20641648287211,27.43327376174204,37.86818852417623,42.72550255756369,47.99419961333666,87.66954067630401,86.66019332974366,100.0
19.393297574710374,34.56827909964563,24.74054837004724,28.49828648967153,257.7281670455107,46.253035379499295,34.76808906661741,59.50020986995408,74.73866770618913,32.645026170941854,44.873543968063366,27.77408707491985,30.40391453431732
23.605965473745382,24.583390236916053,24.765580280359405,24.19242033164778,223.428796179161,41.009719339471985,33.47420537916448,53.34927001507917,70.73694600675202,29.686659632825965,41.03830016186166,32.85536504944656,25.30020706004338
68.97787997696335,68.73273164969046,72.21003497139077,68.83079098059962,432.68112952787794,70.78204925765978,21.362951717455925,59.31599429644184,32.17396214915206,44.39703085601659,72.00431302657077,68.5051641960484,84.66573989883163
65.32550745266292,70.33850698277175,68.78746521796724,68.3333071707282,418.15129385298644,70.980605377624,32.22830567314237,51.55058598125372,56.73883799126024,44.44247575519889,73.42551914628892,78.20303667783996,84.0122935233248
80.5486070077647,31.071482879384874,55.75636786280364,50.86233253073681,330.5741955338198,48.707457598491054,29.409760006229202,56.84931326143477,84.94829877822083,35.96528702663898,43.811586133141645,46.51227493164811,34.468487505137354
95.19789961862442,87.00450644346351,89.42009366064048,90.28186371352787,518.1196880572109,75.59106093258002,30.202610785807998,47.944509088261384,84.78074644557248,45.840467715366486,70.82928612395077,87.99728654668206,86.51442282054923
64.41871998266461,17.641592565737767,39.49173988929911,36.3524435325085,264.4430208588517,48.01639635175664,30.524460079568883,57.30707390239022,56.79074814287276,33.922007254764765,48.41630445474379,34.039789581880015,34.71069176882745
25.838795632497515,51.3779887931721,39.97414264094993,41.162311528902265,318.5824355975866,55.19853479491878,34.987089863815484,63.58766430666317,73.86817589401512,36.13201779692565,50.95761714212608,30.51347021623479,43.15735657982598
78.23919487244329,87.4784507902183,82.50850886559164,83.7827484231083,488.8681074789671,88.81518612752713,34.71699444993785,41.956628630216784,36.65036264393579,48.36180546087495,90.30273747017519,81.25170483533878,100.0
24.84652019461148,61.59394427971253,42.20832416319904,46.89497464567211,337.3417476051585,54.28135113100934,21.329671082033773,58.03600408015269,43.60340625880593,38.19949463745099,51.518495261327374,40.20931489227469,43.34825027717483
89.6128791080219,64.23594415784777,73.23563937503961,74.38671813791743,441.4261474403156,67.00368345184499,19.524366314989976,56.31032715556242,49.25582349356979,45.77539807713032,65.55560922951108,74.54822514310514,67.26802224734627
61.93298712913082,27.544812245366497,48.15756241387555,41.30008219887223,289.3761442422607,49.918052318901154,20.835945710572126,57.881955002566514,36.43635293329889,36.7452269493754,53.2237315909077,45.04738489732637,44.49938416261537
51.889587333801444,41.77465932388017,50.61907225876178,45.82063052784868,309.3664760429487,36.44499024661412,23.07100145201869,63.25586582275166,93.76221373882471,35.87916804792926,35.0,47.44695654872955,21.8834187702517
80.96782595719534,14.897156965848662,45.50952147467962,41.32542456238734,280.4731553217259,35.0,20.68001027011306,55.781454280828946,81.55754158548487,35.385069651397004,35.0,40.95173723310561,18.926699049824183
89.94040500837602,51.47176238677859,67.84335205366314,66.85921943541757,395.43275299609485,70.91207231035705,24.418282928355165,41.30222585260344,26.223169579278338,45.30628464352959,74.47451010685076,66.17258129967573,81.81453446184298
78.28350211811343,53.6991753489358,62.76359917761977,63.532906056606855,400.04719008496045,64.00422314826332,29.367228900196512,42.41152457455853,65.784091027567,40.33459803355867,59.10018137543416,55.37708611121255,58.891605833109445
17.035836829491856,15.818247769721026,14.867116199580243,16.30528339362936,189.95853836361744,38.527534370998495,22.678783506047864,54.543795742097544,34.63309487942164,33.633079141829406,41.75124111114013,23.549508549535155,21.808424669812183
94.60636587921005,27.16131973643786,64.15826545675318,54.139338193546735,338.7516322713989,51.3699743709154,28.0460627446391,36.557680469626014,76.12252087897987,37.73394494285413,50.040278374671594,54.669740674328125,42.4244259848038
24.124275258052457,87.15718420117608,52.62935449465738,61.944020623926626,410.4181030680081,63.814808795382355,23.682668986913523,60.96367000216911,55.82701255207187,43.14730920249066,62.20876811009201,59.79524356166436,62.46208560134557
50.79873357124925,73.92758644640998,59.715668554453615,64.67604529634569,404.5792031153673,66.89859636570455,28.448348729267487,41.90938261290272,55.949380381530574,39.95725044558448,69.20719158913688,75.15129833167722,75.69230232617684
80.51972691198672,73.95204585564953,77.87371559340704,76.57911827818441,457.40933200162516,60.710526893457896,19.598751051518793,60.685139133537604,77.7430274758747,42.98992995842438,56.26170012850677,71.74453453011559,55.5057365250416
94.74239643339016,37.590797846722964,62.28893565259663,60.45143728138984,372.39516182976445,62.52377846107404,18.11866551575416,61.17600947546501,24.222593907767738,43.97256760877186,64.77512535529449,61.11339217279733,65.85302676677227
35.0054721714358,75.5050941803414,57.94784927673924,59.30524537677916,398.21996798659427,57.64509877570187,28.879816825607605,41.837741755659465,83.96029874573541,39.32897801706608,57.61623334049089,65.43212700015599,58.708574492260055
82.88832268772232,76.06109984654262,82.32467121869955,78.7919889830145,464.64569564926074,80.89067941369301,28.61903400331037,60.63715420687939,37.42400451325365,46.1163999362278,81.90614690729593,75.43250775680698,94.32319193366808
61.932213129477,88.82020351867234,76.47203105265379,78.06500736299421,466.9207205008042,85.3034113548771,32.683798451191436,53.9613736744254,36.422159374092615,45.707195018597325,87.7847952660532,73.30915574162864,100.0
22.73954024116944,81.49274746099087,50.57648407950214,57.9914645730623,399.39542921180026,71.77827891510813,29.0086282179584,42.92510844930555,35.92769210994925,40.40754653030864,73.68819273709695,59.83372457288986,83.53312748217091
66.48630321178578,82.5158235228464,77.80948505971452,76.10401539842215,454.59462501063206,81.20654514480948,27.992166332871737,37.350086637418144,29.010682876669634,47.03938600936486,85.54503594632472,84.82315461946077,100.0
21.228659801298555,87.61277519094347,51.08382526528359,61.0591290350855,403.68237752977024,63.47789611530468,22.708606721351465,64.8584182119628,51.26448651319879,41.33868358857537,64.38841608186463,66.20804614497592,69.08788906652782
80.11948781959511,45.7215195598806,61.97067827329984,59.4807068637664,379.29758419834786,57.058611929202065,29.635065808850193,53.643009035769154,76.8372978075358,39.18210699787259,55.15165308693935,59.412235014230475,48.83207038657238
11.598768241590692,48.924212741727274,32.307913525866475,33.99403494167264,274.80257607372874,37.92918540083006,19.097502152667396,60.08087422183095,66.29554013475214,32.88136036634566,35.06268717578946,27.6009733181247,15.0
83.50249229036915,55.30159199629304,69.85819475648039,66.58195211392348,411.6061395111139,66.33439716070612,18.269120479702597,37.00769187569876,32.118423639486124,42.19870682625686,66.30530863244721,64.6886394076768,71.75788590649921
23.14776715002914,22.965938423407998,26.682784093267706,23.038669914056456,225.1820530018245,43.03776581473806,27.952290083906348,44.674606154152826,52.47823984315922,31.227871718436514,45.00932622088952,26.28665616155246,29.34461492954308
32.65361363537323,30.1487459079163,31.797439429158562,31.15069299889907,247.6655078135287,35.0,19.26600358076511,51.82440809481051,88.98590361576794,33.39136757501578,35.0,44.32081916500754,16.745098954568018
84.66586351894244,94.94596871245776,92.69057392406633,90.83392663505163,526.5111735620811,86.41242376745953,21.40892631901701,37.17864421936887,23.563683701423354,50.54667630209914,90.79399180640492,95.27050518486733,100.0
89.34168494457235,27.536031685953528,57.48347933875322,52.258292989401056,322.851206780683,47.67616607241683,31.174626172317453,50.123747466135875,89.66056815462365,35.15683986480345,44.152528663995874,52.50678095441444,32.95696181982959
25.826161971948828,12.71474719031907,17.95014015957566,17.959313102970974,190.14740658403207,35.0,31.40910527986782,46.210416232343015,74.97190852888974,28.01825216813976,35.0,24.78958109766135,15.0
79.53767251539327,21.050970304878543,47.374217319795974,44.44565118908444,289.0900406755048,50.276565671547274,32.571875793261924,41.29902826080813,68.23638090347913,36.38379825405328,50.33687128317578,47.49713508077339,40.0509671461626
13.792847032333142,98.41903258692895,52.32001106157288,64.56855836509062,422.1851669981866,68.84627599455659,23.51900613815858,59.94876067308615,39.28919088325572,42.94968762482479,69.64698289543796,65.49731520437906,77.06335885618121
79.11442340151159,85.67974375303321,79.46747828126698,83.05361561242457,486.6469821877935,91.829057029541,34.10038464836538,58.16250627332923,28.772028638461123,47.98003412373009,95.99689495032115,78.2604047469243,100.0
53.63424746459304,19.50623927487208,33.753082778208615,33.157442550760464,245.90529965879892,35.0,21.320350589784596,61.80842299611302,68.76485344574425,34.7488768250394,35.0,26.63187261727034,15.0
52.33678954629866,98.65326388482556,74.56646662266994,80.1266741494148,494.4611443435985,91.20333253007486,32.659849025386556,41.980106310733866,27.112976926262156,49.36131062163374,95.96915531181384,84.13008092772547,100.0
64.49843200977563,79.07185402287504,75.32867996211445,73.24248521763528,455.2338425806963,72.47788792431612,33.98230894093277,35.96375444778418,73.38306003728508,41.1461337961197,71.90078412801405,71.4129303688053,79.97230737202585
25.538793737718635,52.484302681680404,38.176267736681915,41.7060991040957,311.8528450426623,62.35091300813832,33.98045087452794,54.7216680669072,41.77320363815005,36.52512036112043,66.87412948798412,43.22900641469463,64.01210064667433
33.40823791149958,78.30832299161669,52.64596241539319,60.34828895956985,401.1095659197579,58.671560661197994,28.600038105149892,41.20494743195436,81.95085128747158,39.18228396893835,56.32734418162985,64.81393466596178,53.84543027814474
30.997318124999587,16.324489059290364,20.98379028958785,22.193620685574054,222.81028475717204,45.95444791723174,24.915037231857884,61.9606168183222,32.79270176639483,33.960623894878104,49.67231031723096,29.780201347575172,35.320528301311846
90.88712726127459,94.5218201929283,95.47253354399565,93.06794302026682,537.7807396745061,80.12494701986316,29.087110219996916,41.61269324284977,74.80089083636898,48.40441405538408,77.07911135813696,95.50918392000791,92.48389869114068
73.28866258962918,62.28152444071088,68.68389278835446,66.6843797002782,406.00874506836686,57.28637479483712,20.63953577189042,53.70349685916971,63.967474186442885,40.90521435000099,55.58278833187435,69.97109902674788,51.52476919561346
95.78413668978219,77.95725136033236,89.68461193838118,85.0880054921123,488.7956122379408,72.0952343043762,26.94410140023921,41.129739843110826,74.07843772258087,44.479422213620786,68.65889028307821,80.53604192755485,79.00255978874252
32.75825108118607,33.52754360846917,36.577842064846266,33.21982659755593,269.5661230953136,45.56838509057792,19.943228416034056,39.30755810395803,40.427557454020956,36.450140006447164,46.20782970440752,30.910693733007314,31.256220952638586
19.60785574180507,28.47632595584298,27.805810217967043,24.928937870227816,225.22013437056768,54.557526375339755,33.09789223130478,56.11805226212286,25.481531798128003,35.38067110319965,59.314445180669196,24.28271179402648,48.07886165297681
66.2471855825143,28.769830854129598,44.12877428411161,43.76077274548348,310.4930265684601,42.55479340146318,22.583703675367687,39.23159495386412,72.46177809478823,37.11715638011091,39.63210101264836,43.08642170803131,24.462953890056188
61.77156069706404,68.98979243383403,65.42601387164248,66.10249973912603,419.51098671603256,67.31852383737639,27.29336114247578,62.562408043988746,56.4236399377995,43.19129339243016,67.90669915913179,71.8576116301314,75.13690744584858
73.91760916453313,76.78743477211778,76.08447018568525,75.63950452908392,452.69345380558667,69.68849225335224,22.43330154573488,62.28278706062367,47.734096064099404,46.01793166540389,68.3215157601418,70.9185710996505,72.80916892809574
69.09851757129798,38.4204418374083,50.0903901109076,50.691672130964164,326.70372346247797,56.52372531120909,22.405810990278543,40.28142439807457,35.279342010585005,41.40564827065873,58.37064871002627,52.85847558551166,57.30058634927316
36.31755264306787,45.655737131471405,40.15691173580933,41.92046333610999,308.3598343614659,44.57119163609728,27.932203944517187,42.443750871268065,79.5188187812839,34.847100250148664,42.584434826990034,41.44376312497682,30.04315855461944
32.04107292776028,13.370519833211414,25.16322562569163,20.83874107103096,215.24141804171316,35.25414713629118,19.30158144930334,63.141104219771634,46.94558089820465,34.594634998122785,35.344189826876836,21.91360478437087,15.0
50.57101304582933,94.96209657223761,71.12461310946934,77.2056631616743,473.6883189161324,80.02494106581008,24.53241371115718,53.89480892744746,34.53836979886691,45.261933472196134,82.46751343717825,77.58397994423598,99.2793990144965
77.84092561997485,50.88993691808054,66.19655744928536,61.67033239883827,380.46924252772453,62.54587932321675,19.712062863221163,46.801239249466775,31.899728317094816,42.57890158490687,63.522811621354684,53.23298709277307,63.81465059134871
90.91532050935518,18.101263746184443,56.009965636900475,47.226886451452735,307.9457397735782,61.30717989060141,34.16065130601591,46.14655601130958,42.90784772841217,37.646860977901255,66.37687001156101,56.628471985673606,68.73645138145491
35.01722110629643,24.03904838250776,27.705162512995443,28.43031747202323,233.59892110585955,51.7643287164348,33.75382207723594,61.17872456066742,43.13687877388642,33.79167080566166,54.752466278174424,28.518465880718914,46.873093528449814
83.7520074442803,52.507106003951634,65.98942673797877,65.0050665800831,398.01801884518363,52.17416347469991,22.484226536474125,42.65792773987749,80.569982254776,38.47257940842265,47.75769428326742,62.63118804084577,38.07145784086808
72.04707448678849,79.51925792678168,77.09131989585413,76.5303845507844,461.65496833058774,76.5797761578033,29.317728279430398,43.145795527432966,48.67709922234259,45.40826266738341,75.56736771947313,72.8152314207256,84.12412987832805
73.19560527755144,52.13497411206504,65.89832956540815,60.5592265782596,377.32756181443494,64.89887857741968,26.931319004994656,35.0963116880608,43.2858467334642,43.32645401779595,69.08118286019618,75.59212748199322,74.24612397533906
16.928248662902377,57.312856716885534,35.54987907583146,41.15901349529227,311.6847917540484,57.36742557359251,31.45320507373146,54.85892055842355,53.45795698428822,37.088411662561,57.86477125925299,37.42139998384969,49.13547938223341
26.50372152044039,11.082369406561073,16.18478361381123,17.2509102521128,197.13405897448467,35.0,27.280647673672007,45.249740809615425,65.62583342220987,31.50447008307519,35.0,10.636135540710416,15.0
62.54396718669817,41.72023150414444,51.6002885262276,50.04972577716593,332.0072103600514,58.163862827026925,28.750957908623228,52.17396046863443,51.6579535832426,36.946123470280014,59.30456105408931,51.59671576791272,57.282476569121116
30.75758980625497,13.074930534070395,21.13456637947425,20.147994242944225,198.74561838493517,37.321151693504866,22.483934376201006,63.59518451072746,37.884058719908715,31.91956432060462,37.68627567088676,12.614212748141064,16.4462939901835
21.394785209901475,29.55802757860998,27.455150461803967,26.292730631126577,233.79258029163594,54.03301598442026,34.68621527767499,51.217101998627264,34.40059778075661,36.46758673443826,55.65655134957284,21.366662944147897,42.559825019714864
43.597148662962546,12.744116777812529,30.7836456591844,25.085329531872535,217.31685506313124,35.0,22.218939636742366,52.39679727126497,72.87439128135316,32.940405343235476,35.0,27.684245264368233,17.129741410075734
18.900519543979794,85.32136596170436,52.49202100967899,58.75302739461453,401.81738282892354,81.04505516353039,33.9373515848105,51.77454454817766,20.418764800849175,44.77462820675967,84.78539373878596,51.49209360192156,97.1393940224784
47.802454891336424,65.81462612174346,59.39714603704355,58.60975762958064,380.463268807612,56.953866371020766,27.661780651542696,58.32763680119409,73.6342394577031,39.16278126581889,52.50563349802001,52.931244731391104,43.05125071698573
40.698406547261364,72.21773150518311,53.46139104439687,59.610001522014414,401.7192730977439,78.80843651852327,31.242753533516183,43.94489156500322,23.191067695297672,44.10412760873506,83.1369197338719,64.00689305872781,96.47669709249712
56.84618821109962,95.03844361158617,72.23765705596165,79.76154145139155,479.0132790302797,65.76640274657667,19.181651594682144,61.37592905719157,64.54258652458307,44.52401064677109,60.63186803533122,76.09259012553737,64.42788575093638
37.78616439623404,78.7248170393749,54.745699036472026,62.34935598211855,410.3712497143707,64.56211579993453,31.9908815304376,62.21921848580973,75.94374460665577,38.77118146296648,63.846646142482676,67.28064667308053,64.70866407206142
63.839994804433005,29.09440044772525,43.3990534205276,42.99263819040835,298.9605174869468,48.463833900778745,32.65731734655452,55.5536591645159,81.40438531519735,34.011370274234245,47.11252477751104,44.66983155570219,36.1239042365881
51.463451933087896,33.839330615084165,40.73346192230037,40.888979142285656,295.62514709158876,47.68789345157676,19.34317459351638,62.90168583765526,40.35976217739018,37.10929370849505,49.587047281062446,47.24219170723024,42.4382982567857
19.42757042194348,76.20893175079806,48.45311693782938,53.49638721925623,370.71796369501254,64.45764232095814,19.345420730861328,53.142095295402214,21.982991230543483,42.01569428637692,66.20795703021288,52.2198820491251,65.05791160381436
40.020790519191294,75.11086135543631,61.02038008336272,61.0748330209383,409.4445629513581,61.388864788988315,34.07879323148819,61.3814902314573,94.32330303654733,37.39438192902063,57.40699955373912,57.83813307150578,56.75822847309498
29.743350646508297,76.03100944795098,50.01775796273526,57.515945927373906,394.3190407740807,74.7812069344324,31.500736591502445,64.17727912118146,31.270967347198862,43.77828269390475,78.54749131568022,63.8033183548449,83.86388606010328
65.16755668182492,98.5339399405058,82.65041873560723,85.18738663703346,514.0360611465333,77.05270087419949,22.33547943544029,46.95234985445449,57.83746470789356,45.405835842662555,77.13028681270613,84.35869521308604,91.36143280964697
11.515828808377492,58.344213295119914,35.93150280183831,39.61285950042294,318.90581321198977,55.048715159043304,18.693478420430502,50.362908723654016,27.361606753127138,37.12188415612672,59.04825761851802,47.78843843881933,53.883878443193154
55.249484948384,29.42094677975061,42.28554928487583,39.752362047203974,276.66289533189723,63.78871824782748,32.6665807421833,35.38035131167288,20.52574193691369,39.54947606815037,68.73258171202636,37.598061243422585,68.4936321139999
82.3921217379428,42.225001710102646,61.767398446959334,58.291849721238705,355.94045063809654,60.99959564515739,20.598049161341105,52.050547850780625,27.69921093113277,41.4164545633655,61.616847690004924,52.30728490749885,60.35667763640952
53.9798455089786,92.65202216907325,69.5116431279785,77.1831515050354,474.60066045753535,87.65065349643379,32.20932020757622,44.373825276475316,29.863890876441864,44.76454121142949,90.16862491971531,69.60732417200992,100.0
34.32573307883692,77.04930903495242,53.64747476490085,59.95987865250621,401.0003596143115,63.62552949612408,20.015265698255952,55.76718389999621,37.908081423669515,42.44840420662466,64.98738744964915,63.664377635887455,68.6007884578981
24.556765238639255,26.388146708504447,21.80320466040384,25.65559412055837,238.37090652401858,39.21821138664991,34.67619258057886,58.35193365235047,84.54739715917967,28.904469575141576,37.05890532017229,27.582658731126205,15.149700639384742
22.86113888236841,23.602376800055918,22.133783459746436,23.305881632980913,227.0592792656562,35.0,18.54092794742348,60.56532774384915,90.61635767673543,31.433251187240295,35.0,30.75753187112315,15.0
26.439180621566045,49.740791096939084,34.44330096824438,40.42014690678987,296.1066816788514,55.461698328802484,34.035693713083845,59.31819837587118,59.7369533310345,36.21530874726916,56.297866048771155,46.41633468983606,55.553518693119415
94.904991609077,51.947084619303276,72.77327539216174,69.13024741521276,418.5415418690357,70.52446665512464,33.34386841357785,64.77256105649528,61.314724948123185,41.680522599603364,70.79079112463964,67.90665623439313,75.39642928609102
90.6601281520668,94.56901105811288,88.64985067693232,93.00545789569445,526.8163578985174,79.37070856809918,32.23542650090886,51.09335616054606,80.56315501116146,47.42944146751161,74.65596516543317,89.67953072958178,86.9085025564868
78.19896940540224,90.455358637967,82.58565363895443,85.55280294494109,509.6541703956463,89.45388203581405,28.586329194330283,61.34506313659223,27.79373264540791,47.60411458447936,93.38945699456133,92.72819621471389,100.0
86.40168338218524,47.25648057476995,70.53412367821191,62.91456169773607,385.96705390746877,44.48416289857757,20.35270880596267,51.37714129501872,94.51588607931818,38.54061943555358,40.30922621631731,63.700725526181024,29.00532516558366
91.73086790062521,91.1614047368655,91.55121503917559,91.38919000236939,517.1001117087251,73.0063304594632,19.739814546923963,39.69729148577257,59.16887943054534,46.60343128839368,71.71519527144245,86.60321439209099,83.62736518992952
88.4691702044789,62.09028006579495,77.0660621258765,72.64183612126853,428.46424350650125,62.67066034783497,26.43604904668797,56.888805695300874,74.57436705292209,41.713359640723326,60.7985518885843,73.66725488310642,67.01776679395972
20.13961487580561,56.53670195673675,42.013612306439036,41.977867124364295,313.5828910566228,54.29940453272236,23.013744489175547,53.036238968142726,36.583956842397754,38.53219484606292,57.76862250709187,44.987356352479694,55.755313218582025
46.81924215307913,44.06443186404328,43.405503235764805,45.166355979657624,314.46887317467394,44.951577778794636,26.471881442253178,42.42976703087303,78.71258475288968,36.47573250059659,41.032674129165095,38.486997756929675,26.217867988002645
85.48320585717632,22.881779745204973,50.76879803814614,47.92235018999351,301.0564797503351,57.87927992394492,34.24625893033128,44.00608206060645,54.46287067556435,37.76398188216052,59.21828191160206,48.20879859327669,52.046439178284075
97.61123931608114,49.521656069637025,73.97662001845713,68.75748936821466,407.1948478274992,76.40969969043992,31.654164688312548,43.00518962100725,32.78285121070977,45.520392197209894,80.38832275858216,69.95344571797308,91.58651987282403
74.27624765212622,71.05759253065328,73.78749548728699,72.34505457924246,432.6464609812093,83.11818376684904,34.09456846846555,44.6496538109846,31.41732175654507,47.35133088664979,87.50268367344039,72.90091363276412,100.0
18.01832894422536,17.80184826196364,19.369696752123183,17.88844053486833,192.19930550267378,44.153081596655255,33.59137175828583,60.21077522896613,42.977541807588985,34.05261190214139,47.148312505503796,21.496072690513227,30.32285288489793
26.092598300647868,28.738112367933265,27.531418358917808,27.679906741019103,244.57361303874484,35.0,18.55784338260182,47.40654677704664,82.27903367329284,31.284572590103963,35.0,32.45553936051448,16.718241950243346
47.23920017149991,53.647606039958255,50.44848547331504,51.084243692574915,347.1508394872504,53.789455647940066,21.824108191725944,50.477465658825054,56.12845654083157,37.583135077605014,52.31669288994083,46.650919634997464,47.67333709949679
13.408811004602303,54.130036192598155,32.93840663855957,37.84154611739981,293.7760895699039,42.332100354017044,24.4302500640104,64.50492532608358,74.24324947713332,33.58382850771706,40.22272754883978,39.184349178021506,22.309902667730082
88.862668674674,59.56203519488716,76.07907173840204,71.2822885868019,423.3326470427225,61.31603257034964,26.91010660028794,55.852252362646354,80.93037537885479,41.84547900488984,59.016019980189064,73.95656400000179,61.05093771542501
48.0201495474575,60.23719973711857,53.82776518982952,55.350379661254145,374.40028293469135,44.22275912599757,18.460164800546945,41.275262516984625,86.12799057513911,35.52324483017265,40.75007657321978,59.14476737715713,29.41239075839529
59.29590126268266,94.95981854744946,74.95086002564985,80.69425163354273,493.909568818488,73.59061163021616,22.80952932573723,42.36494777379681,57.3781398574513,43.44730219180927,71.27027041031158,75.62687006670502,80.17542085673392
96.40897579720406,90.07400746436191,90.7999772273424,92.60799479749878,525.550430689244,73.21643663501891,28.2306703522314,59.56881508830863,86.4232062238546,45.95597444216332,71.20212464919616,97.64081798748121,86.11413469190961
72.83988502389488,87.44263278544175,81.53389722244998,81.601533680823,474.60032767561563,89.46185940969174,34.456113155512384,62.54055621709036,29.493465493446745,46.04362483768032,94.02288903809742,78.45565963398145,100.0
39.70581998726958,41.3077040440679,41.6666463103918,40.666950421348574,307.1593467366992,47.64666803594028,27.496059424545955,55.62807532488907,69.4960243640931,35.59163191379695,43.61234939567106,35.029436631436,27.179218978220646
90.73983249042082,83.56906167542944,87.7892260657349,86.43737000142599,506.27465076496117,90.71559392568035,33.068947783515625,62.83083199255505,36.63303932416497,48.9555904054361,93.58059763620969,81.89697055932939,100.0
83.40007807495442,80.7875495393978,79.78467469404744,81.83256095362046,472.904364592618,76.55064301123032,30.201439261842722,51.51424684184481,61.79044330115367,46.06998923954162,77.8318755158951,90.17723223427923,91.19212808037514
82.9480144353028,87.67868123635523,83.61262294253714,85.78641451593427,491.0571143783978,72.53266719918571,21.957995315922258,63.364985420435815,54.685978432641065,46.172428081118355,71.4877099329364,86.50370382134827,86.95659964880295
19.708413090153496,41.333444091316466,33.019793699856166,32.68343169085128,264.2253338384505,58.63111739518662,33.00568326670142,38.644349010467096,32.686199759299114,36.486458835858265,64.67056737153143,41.89798650593579,59.91544620444385
61.803070527038706,23.316414648549618,40.54507779894747,38.71107699994525,286.61606437151903,35.0,21.142103602102694,55.8502966926534,92.35208619502284,31.60629401319524,35.0,35.20984271783886,16.95626415695236
75.67822887214264,70.234657992052,76.35369509305055,72.41208634408827,429.78481340672045,71.34319913765137,23.437371347545106,45.33718429107368,37.406157788517845,43.50698614924586,72.15611378361314,68.24782007888187,79.90724944066889
82.56313882094419,44.61905281817846,60.47133281272496,59.79668721928475,380.76347637910584,63.19232783325234,29.14508151898992,64.46587085124742,56.27416367634939,40.23411009388161,62.86985390436389,59.85423576708665,61.46399476108075
65.84551425034326,42.41990672590618,53.3507175946597,51.79014973568101,330.8413765070575,61.445743755800564,28.014205785401977,38.66213089541128,36.03536441715663,41.37947507092784,63.29127124567926,48.177748669136,59.61201696224768
28.911595554538774,34.11706104232475,32.48504277825475,32.03487484721036,267.4164339110954,49.09077215114219,30.574214648324812,49.46730235612491,54.07226832570766,35.8724717372547,49.24248061312307,34.224801958988124,40.66909136819335
32.58081966476476,38.91359741494225,38.920629733336625,36.380486314871256,280.53375920192207,55.43908917491491,28.046208985246537,38.20046582354929,33.41218791445691,35.4742828714057,58.174969266733626,32.880135056815,51.18961939305452
62.28690335901323,42.82043034973825,49.94203806318466,50.60701955344824,339.50258950740874,42.79745486450367,21.28187169864267,47.522852516001805,81.93513816164473,35.09565045907395,37.61527450081427,52.014734597007525,24.46969782457517
36.574469773252474,55.05555623684809,44.036064597064126,47.66312165140984,345.2319304467252,50.9676704821692,26.376204319413453,57.3093030232472,72.54099191736537,36.64484490917838,48.722091013170946,39.29732279321833,38.145668355056415
50.47289580956264,17.291334555284003,30.02598101888799,30.563959056995458,240.42085641876764,44.09757557790799,20.553806743586303,62.18570737777987,33.18745025636937,35.646205828075715,46.592638269263304,30.086861797433784,31.263150296499266
46.86922339242095,42.44891844997689,43.44845297855617,44.21704042695451,305.77755633215105,58.22559103081517,33.526274286906144,35.892698192531455,53.00015959068134,39.409022096687835,57.808464646925984,40.224273724917786,50.98499934237652
94.82078929682696,11.244786206710325,54.48388831667379,44.67518744275698,297.42925318819994,35.0,18.427728328066117,56.755245922715034,94.91283209410511,34.794084544171525,35.0,45.43155901187245,19.917644965748618
13.369616138939534,28.96990395027593,17.79986863650173,22.729788825741373,217.13691818055415,38.90219128823782,18.261893390997223,47.63494937042459,33.398872381562384,35.751429833113995,41.060654827036984,30.258533237974834,29.623396405094454
32.51644037068587,52.270680462873706,43.523394623695076,44.36898442599857,327.18946550774933,41.50404719281352,19.388595126413087,56.2539406623665,75.7047407570964,35.9406861168514,40.471379791694325,45.46737007888066,21.821923192550912
19.752649833653738,26.277431152305464,19.79369720059034,23.667518624844774,221.07456852464526,42.44890586892872,22.47910530642144,42.352275844791365,35.819680113920256,35.28296787029139,41.49752014047757,15.564747222094786,18.99399756350603
84.2748467782207,65.52922724825541,73.24954361155052,73.02747506024153,439.59453786720553,56.849387735969195,23.858077773963846,52.5966684302652,94.4475522490851,39.71661783419046,50.32740552570849,75.21988643516929,52.25654054676317
15.376157554415542,65.81388506211108,42.680356863053895,45.63879405903286,336.39366368984963,44.96717996778179,19.789974311142693,42.34415040454439,70.97542775756477,37.94425001438331,40.43468077216671,44.59286067036467,27.46508574788214
46.27477163524469,39.97429289157374,44.36873664718141,42.49448438904212,314.6535571473129,54.09979550609997,31.826158683756667,40.76493754778556,63.325894498007514,34.54836186554227,52.42894208489353,39.99767118032223,43.629069331770374
92.09601486497115,28.934646746517274,59.429003975775736,54.19919399389883,334.861867311099,53.1587079939121,22.01138164131881,64.79512307378734,49.041915908229086,41.762505327997815,54.56043698792705,64.33943324246833,52.45889208874322
85.28956099944445,12.856690003171963,52.78828220802246,41.82983840168096,279.23659448430004,52.13270698847592,22.20536396843407,53.52338396646087,29.968474387713975,37.09366879161812,52.72299216015361,45.045508025063356,45.559986425605125
77.35789472526646,54.59362802095624,68.23581751459858,63.69933470268033,385.30116293990045,48.57888762164606,19.08736712474718,39.76582892430355,77.90090951665465,40.81910179661211,42.763173710731785,52.183402459709924,33.38658531420887
27.84631029412688,61.95534285305487,46.95975233859521,48.311729829483674,338.6030757595259,62.57971321703811,26.971253623280703,44.43381211921311,36.918156299526586,41.55348536560769,63.47492911170121,42.81830411743558,59.05983207331009
24.829566913752316,43.95608257869843,34.63162321955929,36.30547631271998,277.813387385159,39.35469845315273,27.71969004182495,35.46045124287865,86.8901795444815,34.71895718235534,35.0,40.636802404325316,17.205467747080068
75.48186398260289,92.92995097373367,81.4741771173478,85.95071617728135,503.0829788031537,77.17487192913089,23.359447812610778,45.7022536713773,50.43183359921994,48.68179624854966,77.5932814050497,89.14292690549709,95.92073942496212
15.171300140624723,94.81970724322801,52.49575286813477,62.96034440218669,432.1117063370802,67.38994800964605,20.984806709395322,48.330978433849225,43.14608686794084,42.13251450342598,66.97281734927424,62.59074593234521,71.86873017428087
82.54609866678977,58.28320697234669,74.25022181581876,67.98836365012392,409.8527190549921,55.97857113924348,21.322613874603228,45.380569983229506,75.27242045701206,41.572072450449795,52.07822214344158,68.6848502707524,50.833494375043436
37.73605611428977,68.61354972212072,53.537879022608124,56.26255227898834,387.1573611488527,73.72570429965432,33.11395908823286,55.34218344685135,39.62559695773629,40.255346393360405,76.9695244006924,53.711052104371824,84.68673992398067
49.58805017524105,19.173553661985864,33.04229358453047,31.339352267287943,241.38349497759256,55.650153754470146,31.291157879233538,56.0153596897127,26.630969179103047,37.24972155952261,61.18444751753673,31.880855447468363,56.139793905904384
47.20682962840975,86.1300286408069,68.9324278403539,70.56074903584803,449.24725874731564,87.30165963794073,34.82655784274799,57.46275547618893,22.55307017889863,44.540854913497654,91.52910451248297,68.86829566197382,100.0
51.58696076614283,89.99684073368107,72.78050885051042,74.63288874666577,469.5549905479768,73.75885852043567,21.852995153860846,50.932574492158814,43.89345898743791,44.88303798803957,75.65319824414004,79.57749882050524,85.0895916800528
45.64740227160112,18.54727625744323,35.72277619886291,29.387326663106386,248.00574641734335,35.26293488052221,19.11523989742688,39.994719969749916,63.58208308915651,32.308365515267745,35.0,31.87584645419706,17.315635496954236
10.5369241847619,81.15081781706475,45.23658867772185,52.90526036414361,378.22714580172436,53.17441522653985,22.878572032162058,39.28619778074513,70.64836938393093,37.78858608198375,49.88892636614119,54.08853319190816,41.45749558450765
74.69254311054691,26.2978756872167,49.20253492764268,45.65574265654878,310.296619849348,62.7083934628416,29.222439834000348,43.11570880711737,29.160125116019984,37.881347074948096,66.62756074289042,50.608011383782696,64.49889597372496
79.50126306081165,32.02574900875844,56.11157202166306,51.015954629579724,321.08548631449463,59.23503743061603,25.89668708732092,40.329169801319246,35.83936691679238,39.82367440159987,61.96514553243398,48.342115078705724,59.319585990033154
54.471308334652164,87.37764830386595,74.67051523776571,74.21511231618044,459.8259416818206,73.16540671057022,23.96167033845582,55.80360361083136,45.21726018654489,45.21183770830253,72.92613899088008,71.11286474915337,81.82589213529971
46.972421394759394,65.01753228851443,58.30533639212188,57.799487931012415,386.29915327921015,69.73619331719257,34.87155564162178,37.632671775108854,56.98525763343716,40.242565035757416,70.19413834138724,56.545569986073524,73.98381625557177
87.11193588956533,12.915149086382625,48.52717510768758,42.59386380765571,288.2062659364176,36.93623791071746,21.764688267286264,40.9517285446192,84.635565947328,35.06362060620499,35.0,46.82442159114183,17.37629218790433
37.386776718724235,88.33176915698296,60.90164509819768,67.95377218167947,432.3682151331159,68.91739319845375,20.42817588648227,58.262029479475615,37.827746296913965,42.19689126514525,68.46674837988098,62.072083115479224,72.69023244956665
35.86270718520213,70.28661781490932,54.695739304937504,56.517053563026444,385.2902303353058,62.3071488577845,32.11963528259174,43.051863680370204,71.52212014149868,37.25160506968462,60.822690240521645,60.75362069158448,62.15857040917247
16.73257549531959,27.332419478581173,21.39720746976932,23.092481885276538,232.75568992616797,47.63294285289726,27.042545217090364,57.454786752019714,33.06083962185849,32.85939163723306,49.047833994689256,25.53892208317448,34.57378201611489
55.65424053035737,10.410604702657938,29.298919119637944,28.508059033737712,222.63288028213307,48.816665111341855,29.882899453143487,49.58574106315752,34.47208988988936,35.88440355099042,52.6445226322033,33.44334494384124,40.90932700434221
77.5096287914849,35.50334228610963,58.00639643475172,52.30585688825974,330.69814896679844,58.88881533234485,30.86438983309966,62.35322507368161,53.14003428512353,38.23457408545374,59.307237027501536,50.465411579524364,57.94303672528124
68.58380122458894,16.526273172108745,43.83547512698146,37.349284393100824,276.28994014436563,35.0,19.266541973309113,47.47064683029909,74.70754175856061,34.91113123850899,35.0,32.90382126550047,15.0
94.1495296610141,78.3149286113118,89.93786499374494,84.64876903119273,489.4874198840841,73.93494087273343,33.79468063176259,55.7130708363466,88.16635626508149,42.21577655753425,69.1806582496404,74.65886202514756,78.81555189267313
97.91926755673144,44.88503956372719,69.44004979010225,66.0987307609289,387.54115024406235,62.20724830794008,26.758180832452823,53.182423325064725,55.43170520243936,41.656192410591935,61.5594418919236,67.52786912888058,63.98739011219887
86.12420278210809,14.174336036718387,49.19443790326567,42.95428273487427,277.97764405578147,60.20301611488529,31.17466849094033,44.3821093648378,28.48292094894161,39.29727372121507,63.948596103132274,41.87836555233338,61.38931369023497
30.13056623497499,81.04530500245228,59.03651299513493,60.679409495461364,393.3687845152784,58.35174656297499,21.959569103216655,48.18660038228682,62.23094662642914,42.034605469255574,54.517270579696984,55.14659051582953,52.06760482482455
78.9293272692958,28.03600764456363,57.204046049704246,48.393335494456494,306.7616122103742,54.18801705300992,27.686098566434325,37.65191740764883,50.5699647636516,39.140670788929974,56.157055840112655,50.61043574789115,52.83706306152001
81.3774523452045,24.24465627590965,55.42314378421987,47.09777470362759,318.40060427199666,52.287432573586734,28.8327249857346,43.45415669341681,65.49453734550607,36.49208772375078,51.48950916981339,45.58227225090584,43.7887220159921
64.37595180167065,29.04436985171805,48.51103981342943,43.17700263169909,294.69027171270875,56.78742425369665,22.630646200129675,46.7532987672351,20.899750929700673,41.70352314524287,60.07669576021769,39.46285103666348,55.84181213841415
47.32468729259621,96.38956113148512,71.80787392521192,76.76361159592956,476.609822288328,58.82501762114449,18.260817255327954,44.04365619495945,86.65186746200499,42.99168139860818,54.96258731359069,84.66707927754659,60.494853422611826
59.852621648524256,44.011603400581556,52.892432818335976,50.34801069975863,332.8421518580138,60.55044996902825,24.553367018220072,63.98978789621806,28.34815098496926,39.229731656133524,61.09016216574162,45.72189916678449,58.28209379740433
61.33053455682848,76.8413757315862,72.89370007713374,70.6370392616831,438.1534868731762,56.58386667606409,19.89806371357607,37.65572729737348,78.31601477377784,41.87620396981177,52.44391226996056,66.17259762713694,48.54122044159151
59.82170879889689,62.06500556272597,58.62342655111471,61.16768685719434,392.4368367692346,61.64711915741513,31.10068612192334,61.55756676391541,75.25379936135369,39.742089763710524,58.21811031635662,53.412094302908535,55.85531099691498
62.300011380956676,98.11969332403325,84.08997777867609,83.79182054680263,501.8725283277148,62.46227497128008,18.577273454296925,46.8844261413453,90.29699600381669,42.36366720949528,57.84363118071424,88.92114508297854,62.36132583449055
55.35954369537309,32.726409289725304,47.63183353771,41.779663051984414,298.97133861887033,41.51433640169338,21.913880818559495,46.52144593515008,74.0922070161547,34.45493616092944,37.25908050389364,39.19762061384418,20.506634470055886
33.902278318864184,65.10254191802613,51.465175689707976,52.62243647836135,366.56147835360275,48.8102342455682,18.14681169296013,54.55551376398395,67.30526595253272,38.26313347659639,45.27130285019309,51.98144576782492,38.13593500595256
30.24107994538091,37.59847053651755,33.43695857793456,34.6555143000629,269.11977566949525,45.45205784020174,28.32871118549327,61.526276075356876,64.65950931215562,34.23812563095091,44.76670078840011,31.074115232291465,32.93143318319062
31.60076670571081,42.5983752384929,33.945779536501625,38.199331825380064,301.34990032829927,44.14546327302899,19.459920057193308,40.058183753707326,55.98739622481048,37.385948637776934,43.943901390368154,41.61252373584203,33.545012343447674
66.20243879005174,85.20653533604877,71.81784938007927,77.60489671764996,476.1259172235867,71.99037542678508,32.096845065716984,63.13601658955481,79.51909128925153,44.22591560455996,67.7087341471787,71.79893469797919,75.14742263144343
21.98303855646241,14.673315781036397,20.53175212918992,17.5972048912068,203.1818536278122,37.87896109951324,30.990096915407264,59.76056638495929,64.67162583730784,32.24864036073988,37.09400692222474,14.896416555062425,16.624381595372892
61.09685400346517,74.5971372466398,70.56932787144328,69.19702394936995,436.04467735185386,74.54452826544404,20.981476370047744,40.91107789258908,21.212488213519784,44.0537160429489,78.80136918669318,68.21602951533988,90.08655705795611
58.892575856077215,19.88492620682884,41.60121730886129,35.487986066528194,268.82722144895564,49.43125696866676,23.228547058570534,44.85734233401206,36.47610879298516,38.144626935342,51.285967582543286,43.60504132892366,43.99356547647659
25.123093270009495,14.473927754540567,16.163402366503185,18.733593960728136,192.76280325842026,35.0,19.709053049494777,51.68323018767329,46.856759584585774,32.15263303326591,36.92147264392801,24.95339580082628,18.18852546296523
90.75845095289223,38.11851290286438,60.575005260406854,59.174488122875516,371.5060512976135,76.64752976497756,33.70032846020909,36.52839321239101,20.37174438944092,44.65426696784831,80.71614517114682,56.14690100730931,89.38423481833165
85.42080941762359,20.484270466771637,49.73218881083364,46.458886047112415,300.10790882681266,42.95456709348539,28.800584612148313,56.32239121336087,86.09290878705468,35.49716833123678,39.915538491377376,51.43781664853488,28.702301556418785
94.83512010438204,36.70452441145886,66.00721520752717,59.95676268862813,367.84438135552494,46.28269103581882,20.785432095199777,36.60041101774954,85.08229355864852,38.525998349827795,43.09332761447081,61.29483798103495,35.64315176134555
22.804171132019807,64.6503112286664,43.48307727296414,47.91185519000776,352.1420908571156,61.41053879973372,26.83355594423753,63.28804922222497,46.493974563493,40.688669002282225,61.46316937729214,38.88262074778957,59.52067796397712
61.095558902875915,45.74129510676956,54.506866696120056,51.883000625212105,348.0365062941981,58.58408175695292,18.38930871349392,37.6958840335253,27.08640803053094,40.175082716157526,59.51830088142145,48.9201177486446,58.753176949392056
11.53804537749322,53.01920491270388,36.25165390849552,36.426741098619615,290.5320517982921,62.472297643020646,34.341326819044355,38.04035393409268,32.98247434289786,38.27177337484733,66.84400735011646,39.05048118093721,66.67218573248348
63.46890882377053,86.67661759809967,74.51359441581417,77.39353408836801,458.99542541081775,83.65928313766301,27.761164163632703,63.76634957355373,21.097338462891756,46.29982237609944,86.09148472227484,71.79943839239711,100.0
31.039379961275625,67.72166328756666,45.75176393610914,53.04874995705024,358.5647676746092,59.80555338599267,24.936513887380542,45.66799887020093,46.03743643875224,38.42195012792952,61.13811723612053,51.129697646986244,57.15025731559531
16.134599985234697,88.3160877319089,50.876324627739464,59.44349263323922,401.65618832655093,62.91012928304841,32.92069344114059,56.23314046726232,76.71970332407096,39.6680060500576,61.874400511784515,60.94149810097283,61.82590575777433
46.02688597176416,70.85526013993899,55.765897054357445,60.923910472669064,396.7813708266882,64.03407216743857,20.152477092518403,51.08501496074348,38.26954670429096,42.15156268271918,65.33985486705313,59.71221214637363,68.02704550822958
85.8743543151387,68.99134200929777,77.50257728715238,75.74454693163415,444.1242152213277,79.96048561788614,34.47145448951714,59.02692972999253,48.5890388879196,43.44357158616213,81.7478753656372,81.8551522274377,96.01943100440425
66.62231114666291,62.8221354830243,68.0737169267931,64.34220574847974,407.2145117651308,63.96375015500985,27.186202833756756,62.82697525518964,64.45479734999141,42.39764081930894,63.83742047002788,59.71552739166437,59.533846975118955
83.697068669166,38.34052787010755,60.720806922675,56.48314418973093,348.0253922371391,61.58587052181463,22.27918247072049,54.81260250031625,28.770195368799648,40.87596333621554,62.184038134757984,52.8552917814926,58.890523042849395
92.41335953523232,12.299861377410068,52.99897456100336,44.34526064053897,291.4306389886829,56.321733831755736,31.394080142088242,63.55251547467802,46.6870690282508,37.77232571248251,58.95588548114467,48.76803566585753,55.19356962350611
11.152139621498552,25.795029205224584,19.517524982980785,19.93787337173417,220.123599977096,49.33368679264873,28.757265269860525,54.924143210257,27.78662039421514,34.822844473897824,50.99475740792631,16.289745500611588,37.87647036009956
61.17076286635897,47.74216741795806,54.925561585639,53.113605597318426,342.34450445130875,49.69674041272747,24.729022511493845,46.22835971770562,75.22958904896062,38.49226416336546,46.301183398029714,45.8883987444205,35.891910866702055
27.02740253535891,76.51962068111426,48.83376277399042,56.72273342281212,378.9806034919377,58.761904021407354,30.898850783397503,58.10434082213864,79.30859516031614,37.30761423786184,58.260517558554454,64.26095346177075,59.496019264624756
72.35728265772633,61.58408482842431,63.845841915667464,65.89336396014512,410.7021023583009,62.838320209075135,29.73783318278913,44.37473399860581,75.18648267848195,40.68343967067868,59.65843400550084,61.5657836239307,61.24939409882054
33.886856443726664,10.200521835869425,26.019828508850445,19.67505567901232,193.2042625901473,35.77809015883186,29.141513530796693,62.80766013724981,64.97845509754528,32.32635830191692,35.0,16.06785269148008,15.0
42.0058578824227,52.9393359755924,50.207206274531906,48.56594473832452,344.25596204145495,60.493651874699616,32.37953368009218,52.91673208250033,55.77169383182097,37.468124560268365,61.09617460381364,44.653930942845314,59.65443952496419
14.598101826790614,92.55820949971204,49.58905104275937,61.37416643054347,423.7769490462342,62.40754793339668,25.73089434841808,38.06367875455459,70.56210254308905,41.44077411415733,60.33415874167352,59.08486401463679,59.166914089716215
35.98086562255154,47.94404639912424,40.21658295881598,43.15877408849516,312.64705880656436,45.89973109526136,18.086513551280802,44.103165419908144,53.397054795327186,37.75212665066714,43.64606820566242,34.836217049141155,28.907980488694868
29.086666829037085,59.351651630450874,46.21058858879129,47.24565770988536,327.8103605163933,51.140449337149384,22.697848125724306,59.749335578000895,58.02658200391986,37.38587135418084,50.65845880131923,50.04297669456705,41.96230230075799
40.11260702945238,16.30328244807039,25.917900807647946,25.827012280623187,228.57853442904548,35.0,18.480707875527475,52.76746446168053,91.76378159129783,31.52122442391435,35.0,25.28423917249354,15.0
97.10838879674114,46.542034412817415,69.01548347301876,66.76857616638691,405.8126927221048,72.66374574725228,31.490218686338885,50.33822619967093,47.4015982261356,42.68962220891318,74.42566137974028,66.36602682166433,82.204537662224
11.600775688789675,91.93090738964557,51.76821977638726,59.798854709303214,403.35555939203147,62.37241625590044,18.0485605478921,51.78639406234323,38.33659029198786,42.613878156731055,62.18513071176788,59.85279877294784,60.03383368265691
50.307128781020765,62.47886138310137,56.60382315734229,57.61016834226912,370.0310459159031,50.712793667052736,21.35045599024555,39.2537312428715,71.99716866648095,39.028857190648594,49.1481268438321,68.51556123638973,47.95131630648832
59.99338635200457,16.62227653262766,40.26306411291701,33.97072046037842,259.49626377977626,42.359535756285155,31.640453698046993,61.53427874049661,76.8521200471564,34.70334845801991,40.567675465979576,36.27140548110345,25.116849506411764
42.257173103992834,87.07413619303323,63.252943707931955,69.14735095741707,431.662474059017,72.53405502473127,28.87137547509316,36.27865429198901,48.4326429624866,44.56846103641132,76.22111982729015,73.36780018161234,89.9060370698254
83.5826797438021,53.859667765140046,67.97493380913562,65.74887255660487,402.07874723938033,62.908808198705174,29.180211684430994,57.52687465088499,70.1150522945064,41.83843495994587,60.21839371414048,60.16135785506168,60.663038421519396
63.897384768146416,15.022526386246977,39.93501296931286,34.572469739006756,252.02299588256076,35.0,24.281117975735427,48.78755467550087,78.09505597915876,33.370055721732605,35.0,34.84270346045509,15.0
31.858395190307775,33.22844957133229,34.601492581976196,32.68042781892248,261.08324509536857,35.65037827310757,18.8737944399649,45.310318576849426,67.89291558999642,35.014203219672524,35.0,30.411049235020823,15.0
65.23640623125806,55.37961495570156,61.72962272503294,59.322331465924165,372.60674837098964,50.91138078625202,23.501950857869076,43.76286048495917,79.8238881630808,37.34992112891024,46.95891368817408,57.34982379698968,38.504054685741615
15.624429866268919,25.653016580130874,17.542925639628393,21.641581894586093,215.36661516228318,42.04730103416269,23.843434101031395,59.79257842184769,36.92655885353965,32.15257027562167,43.4012649215989,15.983734598127493,26.82431754841314
40.58465863869788,56.75649175404695,45.84364138575097,50.28775850790732,336.9140600531075,67.32990654973679,34.6832555717841,43.9919255160911,40.91765380413662,41.68287510010103,71.82385689703426,52.82638042865667,77.38092173586833
72.47353786919544,77.93689334607544,71.7427294589948,75.75155115532344,453.3117272316825,69.60179283602682,23.01721540316128,37.117089155510165,50.944924763482156,45.05444121474517,69.12093267400186,80.7352586635595,80.9410494139738
79.62832532923375,95.93938365345663,88.5614009722522,89.41496032376747,522.6147114165607,80.77555186905781,32.62860639984485,60.19977334475804,73.90412315196758,45.75998625656734,79.64644302957684,90.53122557438311,97.93476729899963
83.73581177234617,22.530249315101173,51.65153356923787,47.01247429799918,305.766807682871,59.467081416906225,32.25198352910953,61.78660018143967,41.366953569146474,39.77910472909116,59.33520171160185,45.11126047498479,56.05331831300376
39.680924752552144,56.96876120482922,49.504428757630876,50.05362662391839,342.3418093889058,66.76149807180737,34.75414962395875,61.273231387100736,42.230212164996246,39.66516580805854,71.13780182062055,51.36274129643946,74.86288284841224
17.525856165782926,87.44043122784718,53.23311064438772,59.47460120302148,413.8529672846951,51.960655384052146,18.435055623241553,59.94495053294696,79.39722861909107,37.26404402329757,48.458350348298104,59.719212362341565,44.26945861380375
18.214318153981406,52.10792767830082,36.38011569994393,38.55048386857305,302.63891284980394,42.4145273207011,22.492699724951155,51.89938713603009,73.14213232144863,34.96927749467697,39.79586147293512,37.54495211036765,23.04402887151037
49.57267925467735,97.86292212530662,69.90408325532749,78.54682497705491,478.66521504259583,76.71261171304103,21.068075889186886,51.6682858098216,38.24038207802096,47.17098271498034,76.8682975165336,75.96822118424532,88.640095570078
48.243359876394635,29.666285717474672,38.35734174134383,37.097115381042656,271.90864540729325,41.76969187093759,29.320766490781075,49.96629237440261,79.10453344721816,33.083915172321106,39.987936063503476,41.52368832290089,25.20246634223393
55.93033876561707,25.438162172296934,38.86637574263724,37.63503280962499,267.49468713496873,41.408594371179724,18.472871925161467,50.77765478212013,45.2842191894204,38.512063504005084,41.38791355641254,34.42473699945482,26.71160100972333
71.34665127569019,98.2329512617025,85.53546053929544,87.47843126729757,505.54672258777236,67.93538841527248,19.102724153923482,54.998203324216206,69.32008579438612,46.692343187166934,66.01000471517042,93.40591332206081,78.68556245445369
67.16088584986696,13.10186212065359,43.81916770138486,34.72547161233894,256.74502447582205,35.83671904406682,27.577172920908687,63.30665948691139,89.70126336377506,31.344697052881536,35.0,32.26773106861281,18.94010518788337
28.498514668207143,84.46634577035832,59.24815281039597,62.07921332949785,413.75822098769044,78.95582976863005,33.65859647876687,59.389472806915634,36.62177444701557,43.92239244196973,82.65115679874806,65.54832867141774,94.46866300819742
78.10259623010661,80.34899112661664,81.10317423153177,79.45043316801264,470.88777976120207,76.696327182588,29.066393475196723,55.99796556959341,57.09044181604217,45.294599852217964,75.25616612915387,80.66583833136951,87.87576943051708
28.498059032680416,12.094500597485814,20.16204422866725,18.655923971563652,195.33359890783194,35.0,25.22754172991447,41.26418479786611,91.04034423111344,26.835104342497704,35.0,11.643741849567526,15.0
51.5528947947128,98.00765725423626,75.92986192034898,79.42575227042687,476.88636845329916,66.29058003164484,25.77991806055934,49.046092897184366,80.16974996623313,44.72473723349989,61.07112070090832,73.72984844781473,65.0530302828236
87.42517165855864,47.91692360058933,69.45283283284549,63.72022282377705,383.4580538921517,60.96282057855247,33.50036239931697,48.65438722959601,80.27941229870655,38.619363570704685,58.4745146478943,64.01099671152546,58.54643432586789
46.344726330797585,58.95192611623242,49.8624191348204,53.90904620205849,354.9123693242488,57.568489123494295,25.902667571493666,45.281891373002196,53.0555403502522,39.45885489372358,57.54643931241899,55.677054865589234,56.18205493953421
46.83046811556571,96.17306505129804,68.03060147853778,76.43602627700511,478.71592395887205,79.61770532443286,26.354636928744565,35.16057112592566,39.774516420466526,45.264751877500885,80.88424382180831,71.64287674636273,93.7839563679473
41.762194850524835,47.27581476684322,46.608057237308934,45.07036680031587,325.9506436095792,47.31973774382514,19.42952408037381,56.122101037010125,56.19289652575818,35.955464546959455,45.43406207392771,44.41835564805326,32.89857352990565
61.0699681827066,75.17822013125918,68.96691004945913,69.53491935183814,434.03583181682353,65.20945467640274,32.71586505051948,61.21473330384533,84.55395112693805,39.14604182916745,59.30487254276795,62.49612455667432,59.65535331385514
21.586869208636763,35.609770879902975,32.40175013759498,30.000610211396488,253.42854857488047,36.352750417870766,25.121539161031343,35.19204265571891,73.9561159842649,32.33784522994755,35.0,37.95020832448997,18.29827832367221
11.23896011250905,21.241178859214656,15.64214083468464,17.240291360532414,189.29984588140857,35.0,25.85341954265713,50.683752471950115,66.62049481903115,28.8647712217691,35.0,12.356464893326061,15.0
12.279220082504311,58.0926952282384,37.46581151136201,39.76730516994476,301.0184723500997,38.992178287694756,25.023938709190837,44.79533819090305,88.52492190140126,32.41002295810157,35.0,38.282920453035665,16.044593503935474
96.67141438340317,83.42025700053587,91.12104324994294,88.72071995368279,497.3459028954864,76.29273249632307,19.272789343337273,51.349208923720695,41.379832715257564,48.699329562602294,76.24626986469787,88.8929318947466,93.15249845995652
60.851990155207346,79.18533537664973,69.94484665650715,71.85199728807278,448.6283318371607,55.02048339554545,20.23169542675414,57.0169329544143,90.72365686407339,39.8770801382244,49.233279253185174,73.0039202193,45.99334775838391
76.19465837347543,83.80632012130722,83.25744608051735,80.7616554221745,478.70169734028684,76.61806521573928,25.693860593329873,61.284114635962325,49.90226143011043,46.397155779407804,76.35837518524117,81.07760955494953,89.35642255036353
11.884567403020341,48.11315890764946,29.848475753921758,33.62172230579781,285.98229279078953,46.61132002247027,25.04499804849501,43.434796242004076,54.657235105636495,33.97616202052068,45.33144130098678,31.94132748906396,29.6391031081844
19.7441969714774,94.46816983951398,58.08594433630864,64.57858069229934,419.2579453526021,58.69127056870181,19.05814743041335,53.363663770975094,60.50966015486837,39.64001402948833,57.442590358212406,68.21724818525901,59.68978369159279
48.74863503700906,32.26383166091258,37.57581768737579,38.85775301135117,283.7516098518079,42.37393352367391,33.680231508632104,36.46134187032625,94.323411195715,31.83408364764809,38.161404611027784,39.3672837667985,26.246600008939662
57.75567520164959,45.43782283358914,53.498802600112725,50.36496378081331,328.16455043353835,55.03564041042283,27.197493354868115,38.41628611487028,52.7006249814375,40.028743300695986,55.272905912381894,49.33840184163324,50.750766659413685
25.376952127278066,91.54110658467357,61.77180757433338,65.07544480171536,426.93030357459793,69.72974322394528,31.56659178356331,48.34843934815965,62.30346994389634,40.61167630010473,70.52353941471692,70.35795272825622,77.02473112543787
61.69875505207272,31.971451941271468,49.614998355318356,43.86237318559197,300.8137683633994,60.479451115193704,27.887433236938065,41.78363442797626,23.10397527432393,38.49620514293896,65.23297217585186,38.23261727414392,60.63533271628557
13.931418276319842,18.052917716876024,15.876368211080742,16.40431794065355,199.4814774038731,35.0,28.67615604156723,38.141306603116085,86.5656705381121,30.3534972430538,35.0,15.607306102761218,15.0
94.47699160666166,27.741486997188343,59.87353336349044,54.435688840977676,343.7885742271931,52.18448785510633,31.32138250508725,56.96549821870116,84.4708598498978,38.02836744879851,48.27634329810314,57.94283065845921,37.21662772403134
45.742211401973265,65.19885017364001,54.72384222167059,57.416194664973304,371.8072672145479,64.72635469394045,19.811003475546997,62.734168257313335,21.855418065341233,41.30499842828944,65.71040571710986,54.388225229503355,68.41748813586904
19.17425218376606,69.43334692601277,45.178290141733285,49.329709029114085,357.4008844992255,53.19703499232176,26.06563137756206,43.09960482600322,69.7759377017396,36.75589067635722,52.94466808226603,52.969807478174786,46.65671936181167
51.869801295185766,36.687919445574565,46.93380928897079,42.76067218541905,310.9216305275869,48.186416910585805,25.36525720413547,46.24064062180684,65.95242102642237,34.36305198291005,47.11172134824526,40.32280869419886,33.03832319053687
50.822283666673016,44.38564142752025,45.00304091467633,46.960298323181355,324.7329604746831,58.86501861265204,25.813089886592543,53.72442868609497,38.891374589734006,38.0785119833348,61.99497452071614,50.985402296970676,62.22520704516675
20.849503434442468,29.93952825610457,25.998767974902634,26.303518327439726,245.78831552112482,58.923149334884414,33.165948933863994,59.95729886764782,23.254845956332055,37.209903094153084,62.89582931790708,25.708037053321075,52.657526931441645
55.468337731265734,88.85006512853475,75.09474148066636,75.49737416962714,471.6673447386351,68.93247811398382,26.229866572707216,47.3170083588176,69.93408642742651,42.68173771352799,66.2871581750575,76.56357043422868,75.52874932872193
14.319507479512762,11.83527581089447,16.52828179382216,12.828968478341785,170.69402734362936,35.0,25.61428627289208,63.517293586965664,55.06377340855439,28.731708486656085,35.0,10.535678448209197,15.0
29.564748825988445,56.08600658013548,39.37732599025998,45.47750347847666,325.53206477841854,50.04485938718534,26.888215825348357,41.85183014256956,69.51410976360204,34.651169670961934,49.5174275745909,55.60302901771545,46.56481449555119
86.96360454806654,66.26515753041923,80.28232436771279,74.54453633747815,437.05489309475627,69.88906000779915,33.9594186245307,53.2046776965709,75.88841744100489,43.93736906713858,69.28541985771572,75.18734431556635,75.36549939577823
22.816192561929054,59.26178776804913,44.85857600711854,44.6835496856011,334.01392899724897,60.98446121412438,30.707474240808416,54.299264081888886,46.09315051154334,36.82138966782229,63.89855276402098,55.34158518185092,66.30037825347536
18.082835168695926,39.879709036150686,27.317681937759126,31.160959489168782,263.1007486054828,35.0,22.489734923457185,45.19198116035087,88.0666084511932,31.149423823080102,35.0,23.705947644466033,15.0
10.758448028703231,16.11680993994358,15.458745459941955,13.973465175447439,182.12847837526954,40.275940467026224,24.893632459640187,39.37481552587424,31.798894547095266,33.721260575214416,42.28225081220569,20.110614195251124,24.488223236036372
92.07767186676907,65.53265279857517,81.17829928828642,76.15066042585272,436.63415817769425,72.14100115504722,25.65543321488113,61.12847258959867,45.367496242454095,46.02995030178039,72.89699507383712,78.30182524079511,84.58245760096763
97.2052136365603,95.26034743124688,98.63471447835963,96.03829391337226,542.6364845177317,97.52540692098948,29.472017788952577,56.84325171032278,20.630114320867904,49.88748039908429,99.0,93.22674237557895,100.0
44.65626292458874,85.71910054696025,68.60522472588741,69.29396549801164,430.3582558399566,69.56356430437296,31.225330777244803,52.34681354649591,63.9127068248365,43.24946435115895,67.47220456176835,59.421170083391615,71.69131385504866
19.31305745720328,60.73924199052544,40.73252618768244,44.168768177196576,335.67688923276586,66.20153341692821,28.648402137533743,64.56763522644503,22.324443495562612,40.74775806591872,68.74327304730919,39.203745852214986,70.84402473535513
63.795083354547884,37.54888841586205,47.94482619842616,48.04736639133638,327.4798801032863,50.474453947380894,33.37854646459147,40.50747331100105,89.05272509027004,34.00693103569058,44.87430301131055,38.532577225967955,34.760990034684
68.18462606488922,96.21313983719091,79.68271897789144,85.00173432827023,503.84197283804315,88.54828489664443,25.635144472123454,62.565683267772485,20.796442435771997,50.99334776042607,90.56170299115834,81.89978868635966,100.0
85.02234693320389,60.016927115536056,73.82212451436808,70.0190950426032,423.06037800701387,58.812465212343476,24.187696378261453,37.27972987419847,80.57796695705375,40.11682722954568,54.677794232728914,61.95324650520679,55.96026782363113
72.18813988276317,83.18809397112935,74.96615646469014,78.78811233578287,479.07056728109416,79.99242348930126,24.984290445267685,60.81350895129132,36.53596965258389,44.52662303048439,82.91507170568994,84.38373462459924,100.0
40.80667082535341,17.902586560104925,27.224525451083714,27.06422026620432,225.43620350211384,37.42161488597796,30.676336231652822,58.39839149003942,78.27605097963648,33.56820655785063,35.0,13.76123972363429,15.0
35.90708269825238,60.2372984666499,52.009385964020154,50.50521215929089,356.9980037498144,44.55249915075697,22.781755173012208,63.58863277751651,93.6096583609337,34.54704184383096,38.82951349632813,54.245621663215864,28.941533864056318
69.36591113128507,91.30672378293167,80.32655144102452,82.53039872227302,488.44307104230126,91.26337650626358,33.666031610186096,64.22344753215597,24.667724584535204,49.87466202873008,96.23007405765995,88.42921563126586,100.0
13.441898949374018,21.8339782741443,21.12767059751715,18.477146544236188,195.61413794648354,35.0,19.335280588542982,60.069378132736105,68.09493149171647,30.024001943775357,35.0,22.968212429205884,15.0
32.99471547171173,84.08242818592366,57.30715656301614,63.647343100238885,420.68896349332573,59.878780196849775,27.17189816594671,51.24570144784911,84.34995733853161,39.136036598668284,54.88634418470208,58.201250608040404,51.65028560732554
52.09772139212565,81.94140665725612,67.53699555637165,70.00393255120393,445.33616394531515,77.77573254577199,26.741153413571016,41.741452486460126,29.712188019706446,46.49734140346683,78.66763365547055,54.46483318456407,81.6883098100083
